; HEADER_BLOCK_START
; generated by OrcaSlicer 2.3.2 on 2026-06-01 at 09:32:37
; total layer number: 100
; filament_density: 1.24
; filament_diameter: 1.75
; max_z_height: 20.00
; filament: 1
; HEADER_BLOCK_END

; THUMBNAIL_BLOCK_START

;
; thumbnail begin 140x110 1280
; iVBORw0KGgoAAAANSUhEUgAAAIwAAABuCAYAAAD1TPu3AAADhUlEQVR4Ae3bq44UQRSA4dIERRAIgs
; GRIEh4BxQKh8NhcQQ1T4DnaZf0JEVqhunuupzuc6n/T0oRYNP17ekzbEiJiIiIiIiIiIiIiIiIiJp6
; 8fnTJRHt9fbP76d8QEOblVhKNMChmxYQj7Awbei/9qAwbehfLViYNhPXCwU0EyaBBTgTVLPYgoauHQ
; WFhThgZ2Bh2gTobCigcZwmFuA4ygoU0DjIIpYSDXCMdOTHZaZNsLxAAY2BPCEBjmKeUIBGOU8YgKOY
; p8UWNMp5unQJNMAZyNNlM20U83S5oFHO06UCR7EZFlvQCOXp8jTRTA+HqdIHJ82Yp0sCjXJvLj9dXZ
; DVk2bp1fdvT6DpPy+/frmeNEsLmIwGOH1YpgRTwvF0aRrn9a8fN1imBgOa7XMPJZ/wy29+AI/AAKcN
; y3KWXw+LpnwIW2BAsw+lBJPRhIHz6B/n9sDMDqcGSwmmhJM8t/ZAasHMhubRYtsCJqNxCWfrwbSAme
; XjdwuULTAlnOShmofTCib6tOnBsgfGBZraB9QLJhqaXii1YMzCaf2p8wiYKHBGsbSAMYWm52FJgPGK
; RgJKD5iMRhXO8pf3XNryeyTReIGjiSWfZ+/fXZJWzz9+uIx8p0vDsYSjPK0fl4/Akr8GE2BAs34koS
; yXPvo1mAEzcmn5tRINjoVX0P2fYw4M00YWSi+WtT/LJJiRZdT7QmxxqrgAM9u0sbTYugYzw7SRhCKx
; 2LoHM/Kdbn0h1p4qrV+DKzCRXlGepoprMKPTRgrNCBxvUyUEGI/TxstiGxZMvjAPC7HnqRIKzMi0OW
; MhjjBVzICxgObIV5QklDMXW7NYyqJNG8mL0nwF5ZMsFmnaaGKRhGIWS5kkGq2FWAPKFFNlLe/T5mws
; 0st18ppXND2XZGGxTRHyuBC3XhSvIOG8vaKOxiIJJRyWMik0I9NGCgxT5aQ8TJsjsLDYDiaJRnraMF
; WMZnUhBovhLL6iykvi50BGk0IzMm3uwTBVjGdl2vRikYQCloYk0Zz1f5OAopyFaVNz+LhsLMtogGI0
; i9MGLMazgkYSClhOSApNDxygOO3sacNiGyRJNGtwgBKsI6cNWIImjUYSCj8HMpwUGqbKRElMG7BMmB
; aYRH7rnTZgmbgeNCy21ASHqULXatGAhW4aBZNovramDVhotVowiSh3P23AQruVaPi4TNVlMImIiIis
; 9hc09hTmvZg0fwAAAABJRU5ErkJggg==
; thumbnail end
; THUMBNAIL_BLOCK_END

; external perimeters extrusion width = 0.42mm
; perimeters extrusion width = 0.45mm
; infill extrusion width = 0.45mm
; solid infill extrusion width = 0.42mm
; top infill extrusion width = 0.42mm
; first layer extrusion width = 0.50mm

; EXECUTABLE_BLOCK_START
M73 P0 R19
M106 S0
M106 P2 S0
;TYPE:Custom
M190 S55
M104 S220
G90
M83
G1 Z5 F6000
G1 E-0.2 F800
G1 X110 Y-110 F6000
G1 E2 F800
M73 P0 R18
G1 Y-110 X55 Z0.25 F4800
G1 X-55 E8 F2400
G1 Y-109.6 F2400
G1 X55 E5 F2400
G1 Y-110 X55 Z0.45 F4800
G1 X-55 E8 F2400
G1 Y-109.6 F2400
G1 X55 E5 F2400
G92 E0
G90
G21
M83 ; use relative distances for extrusion
; filament start gcode
;right_extruder_material: PLA
SET_PRESSURE_ADVANCE ADVANCE=0.025; Override pressure advance value
M106 S0
M106 P2 S0
;LAYER_CHANGE
;Z:0.2
;HEIGHT:0.2
;BEFORE_LAYER_CHANGE
;0.2
G1 E-.8 F2100
M73 P1 R18
;AFTER_LAYER_CHANGE
;0.2
;_SET_FAN_SPEED_CHANGING_LAYER
SET_VELOCITY_LIMIT ACCEL=500
G1 X17.252 Y34.775 F30000
G1 Z.6
G1 Z.2
G1 E.8 F2100
;TYPE:Inner wall
;WIDTH:0.5
G1 F3000
G1 X-19.12 Y34.775 E1.35471
G1 X-19.12 Y-1.596 E1.35471
G1 X17.252 Y-1.596 E1.35471
G1 X17.252 Y34.735 E1.35322
G1 X17.709 Y35.232 F30000
G1 F3000
G1 X-19.577 Y35.232 E1.38876
G1 X-19.577 Y-2.053 E1.38876
G1 X17.709 Y-2.053 E1.38876
G1 X17.709 Y35.192 E1.38727
G1 X18.166 Y35.689 F30000
G1 F3000
G1 X-20.034 Y35.689 E1.4228
G1 X-20.034 Y-2.511 E1.4228
G1 X18.166 Y-2.511 E1.4228
M73 P2 R18
G1 X18.166 Y35.649 E1.42131
G1 X18.666 Y36.189 F30000
;TYPE:Outer wall
G1 F3000
G1 X-20.534 Y36.189 E1.46005
G1 X-20.534 Y-3.011 E1.46005
G1 X18.666 Y-3.011 E1.46005
G1 X18.666 Y36.149 E1.45856
G1 E-.8 F2100
;WIPE_START
G1 F3000
G1 X16.666 Y36.151
;WIPE_END
G1 X16.568 Y28.52 Z.6 F30000
G1 X16.184 Y-1.459 Z.6
G1 Z.2
G1 E.8 F2100
;TYPE:Bottom surface
;WIDTH:0.503407
G1 F4800
G1 X16.909 Y-.734 E.0385
G1 X16.909 Y-.083 E.02444
G1 X15.738 Y-1.254 E.06214
G1 X15.087 Y-1.254 E.02444
G1 X16.909 Y.569 E.0967
G1 X16.909 Y1.22 E.02444
G1 X14.436 Y-1.254 E.13126
G1 X13.784 Y-1.254 E.02444
G1 X16.909 Y1.871 E.16582
G1 X16.909 Y2.522 E.02444
G1 X13.133 Y-1.254 E.20038
G1 X12.482 Y-1.254 E.02444
G1 X16.909 Y3.174 E.23494
G1 X16.909 Y3.825 E.02444
G1 X11.831 Y-1.254 E.2695
G1 X11.179 Y-1.254 E.02444
G1 X16.909 Y4.476 E.30405
G1 X16.909 Y5.127 E.02444
G1 X10.528 Y-1.254 E.33861
G1 X9.877 Y-1.254 E.02444
G1 X16.909 Y5.779 E.37317
G1 X16.909 Y6.43 E.02444
G1 X9.226 Y-1.254 E.40773
G1 X8.575 Y-1.254 E.02444
G1 X16.909 Y7.081 E.44229
G1 X16.909 Y7.732 E.02444
G1 X7.923 Y-1.254 E.47685
G1 X7.272 Y-1.254 E.02444
G1 X16.909 Y8.383 E.5114
G1 X16.909 Y9.035 E.02444
G1 X6.621 Y-1.254 E.54596
G1 X5.97 Y-1.254 E.02444
G1 X16.909 Y9.686 E.58052
G1 X16.909 Y10.337 E.02444
G1 X5.318 Y-1.254 E.61508
G1 X4.667 Y-1.254 E.02444
G1 X16.909 Y10.988 E.64964
G1 X16.909 Y11.64 E.02444
M73 P3 R18
G1 X4.016 Y-1.254 E.6842
G1 X3.365 Y-1.254 E.02444
G1 X16.909 Y12.291 E.71876
G1 X16.909 Y12.942 E.02444
G1 X2.713 Y-1.254 E.75331
G1 X2.062 Y-1.254 E.02444
G1 X16.909 Y13.593 E.78787
G1 X16.909 Y14.244 E.02444
G1 X1.411 Y-1.254 E.82243
G1 X.76 Y-1.254 E.02444
G1 X16.909 Y14.896 E.85699
G1 X16.909 Y15.547 E.02444
G1 X.109 Y-1.254 E.89155
G1 X-.543 Y-1.254 E.02444
G1 X16.909 Y16.198 E.92611
G1 X16.909 Y16.849 E.02444
G1 X-1.194 Y-1.254 E.96067
G1 X-1.845 Y-1.254 E.02444
G1 X16.909 Y17.501 E.99522
G1 X16.909 Y18.152 E.02444
G1 X-2.496 Y-1.254 E1.02978
G1 X-3.148 Y-1.254 E.02444
G1 X16.909 Y18.803 E1.06434
G1 X16.909 Y19.454 E.02444
G1 X-3.799 Y-1.254 E1.0989
G1 X-4.45 Y-1.254 E.02444
G1 X16.909 Y20.106 E1.13346
G1 X16.909 Y20.757 E.02444
G1 X-5.101 Y-1.254 E1.16802
G1 X-5.752 Y-1.254 E.02444
G1 X16.909 Y21.408 E1.20257
G1 X16.909 Y22.059 E.02444
G1 X-6.404 Y-1.254 E1.23713
G1 X-7.055 Y-1.254 E.02444
G1 X16.909 Y22.71 E1.27169
G1 X16.909 Y23.362 E.02444
G1 X-7.706 Y-1.254 E1.30625
G1 X-8.357 Y-1.254 E.02444
G1 X16.909 Y24.013 E1.34081
G1 X16.909 Y24.664 E.02444
G1 X-9.009 Y-1.254 E1.37537
G1 X-9.66 Y-1.254 E.02444
G1 X16.909 Y25.315 E1.40993
G1 X16.909 Y25.967 E.02444
M73 P4 R18
G1 X-10.311 Y-1.254 E1.44448
G1 X-10.962 Y-1.254 E.02444
G1 X16.909 Y26.618 E1.47904
G1 X16.909 Y27.269 E.02444
G1 X-11.614 Y-1.254 E1.5136
G1 X-12.265 Y-1.254 E.02444
G1 X16.909 Y27.92 E1.54816
G1 X16.909 Y28.571 E.02444
G1 X-12.916 Y-1.254 E1.58272
G1 X-13.567 Y-1.254 E.02444
G1 X16.909 Y29.223 E1.61728
G1 X16.909 Y29.874 E.02444
G1 X-14.218 Y-1.254 E1.65184
G1 X-14.87 Y-1.254 E.02444
G1 X16.909 Y30.525 E1.68639
G1 X16.909 Y31.176 E.02444
G1 X-15.521 Y-1.254 E1.72095
G1 X-16.172 Y-1.254 E.02444
G1 X16.909 Y31.828 E1.75551
G1 X16.909 Y32.479 E.02444
G1 X-16.823 Y-1.254 E1.79007
G1 X-17.475 Y-1.254 E.02444
G1 X16.909 Y33.13 E1.82463
G1 X16.909 Y33.781 E.02444
G1 X-18.126 Y-1.254 E1.85919
G1 X-18.777 Y-1.254 E.02444
G1 X16.909 Y34.432 E1.89374
G1 X16.258 Y34.432 E.02444
G1 X-18.777 Y-.602 E1.85918
G1 X-18.777 Y.049 E.02444
G1 X15.607 Y34.432 E1.82463
G1 X14.955 Y34.432 E.02444
M73 P5 R18
G1 X-18.777 Y.7 E1.79007
G1 X-18.777 Y1.351 E.02444
G1 X14.304 Y34.432 E1.75551
G1 X13.653 Y34.432 E.02444
G1 X-18.777 Y2.003 E1.72095
G1 X-18.777 Y2.654 E.02444
G1 X13.002 Y34.432 E1.68639
G1 X12.35 Y34.432 E.02444
G1 X-18.777 Y3.305 E1.65183
M73 P5 R17
G1 X-18.777 Y3.956 E.02444
G1 X11.699 Y34.432 E1.61727
G1 X11.048 Y34.432 E.02444
G1 X-18.777 Y4.607 E1.58272
G1 X-18.777 Y5.259 E.02444
G1 X10.397 Y34.432 E1.54816
G1 X9.746 Y34.432 E.02444
G1 X-18.777 Y5.91 E1.5136
G1 X-18.777 Y6.561 E.02444
G1 X9.094 Y34.432 E1.47904
G1 X8.443 Y34.432 E.02444
G1 X-18.777 Y7.212 E1.44448
G1 X-18.777 Y7.864 E.02444
G1 X7.792 Y34.432 E1.40992
G1 X7.141 Y34.432 E.02444
G1 X-18.777 Y8.515 E1.37536
G1 X-18.777 Y9.166 E.02444
G1 X6.489 Y34.432 E1.34081
G1 X5.838 Y34.432 E.02444
G1 X-18.777 Y9.817 E1.30625
G1 X-18.777 Y10.469 E.02444
G1 X5.187 Y34.432 E1.27169
G1 X4.536 Y34.432 E.02444
M73 P6 R17
G1 X-18.777 Y11.12 E1.23713
G1 X-18.777 Y11.771 E.02444
G1 X3.885 Y34.432 E1.20257
G1 X3.233 Y34.432 E.02444
G1 X-18.777 Y12.422 E1.16801
G1 X-18.777 Y13.073 E.02444
G1 X2.582 Y34.432 E1.13346
G1 X1.931 Y34.432 E.02444
G1 X-18.777 Y13.725 E1.0989
G1 X-18.777 Y14.376 E.02444
G1 X1.28 Y34.432 E1.06434
G1 X.628 Y34.432 E.02444
G1 X-18.777 Y15.027 E1.02978
G1 X-18.777 Y15.678 E.02444
G1 X-.023 Y34.432 E.99522
G1 X-.674 Y34.432 E.02444
G1 X-18.777 Y16.33 E.96066
G1 X-18.777 Y16.981 E.02444
G1 X-1.325 Y34.432 E.9261
G1 X-1.977 Y34.432 E.02444
G1 X-18.777 Y17.632 E.89155
G1 X-18.777 Y18.283 E.02444
G1 X-2.628 Y34.432 E.85699
G1 X-3.279 Y34.432 E.02444
G1 X-18.777 Y18.934 E.82243
G1 X-18.777 Y19.586 E.02444
G1 X-3.93 Y34.432 E.78787
G1 X-4.581 Y34.432 E.02444
G1 X-18.777 Y20.237 E.75331
G1 X-18.777 Y20.888 E.02444
G1 X-5.233 Y34.432 E.71875
G1 X-5.884 Y34.432 E.02444
G1 X-18.777 Y21.539 E.68419
G1 X-18.777 Y22.191 E.02444
G1 X-6.535 Y34.432 E.64964
G1 X-7.186 Y34.432 E.02444
G1 X-18.777 Y22.842 E.61508
G1 X-18.777 Y23.493 E.02444
G1 X-7.838 Y34.432 E.58052
G1 X-8.489 Y34.432 E.02444
G1 X-18.777 Y24.144 E.54596
G1 X-18.777 Y24.796 E.02444
G1 X-9.14 Y34.432 E.5114
G1 X-9.791 Y34.432 E.02444
G1 X-18.777 Y25.447 E.47684
G1 X-18.777 Y26.098 E.02444
G1 X-10.442 Y34.432 E.44229
G1 X-11.094 Y34.432 E.02444
G1 X-18.777 Y26.749 E.40773
G1 X-18.777 Y27.4 E.02444
G1 X-11.745 Y34.432 E.37317
G1 X-12.396 Y34.432 E.02444
M73 P7 R17
G1 X-18.777 Y28.052 E.33861
G1 X-18.777 Y28.703 E.02444
G1 X-13.047 Y34.432 E.30405
G1 X-13.699 Y34.432 E.02444
G1 X-18.777 Y29.354 E.26949
G1 X-18.777 Y30.005 E.02444
G1 X-14.35 Y34.432 E.23493
G1 X-15.001 Y34.432 E.02444
G1 X-18.777 Y30.657 E.20038
G1 X-18.777 Y31.308 E.02444
G1 X-15.652 Y34.432 E.16582
G1 X-16.304 Y34.432 E.02444
G1 X-18.777 Y31.959 E.13126
G1 X-18.777 Y32.61 E.02444
G1 X-16.955 Y34.432 E.0967
G1 X-17.606 Y34.432 E.02444
G1 X-18.777 Y33.261 E.06214
G1 X-18.777 Y33.913 E.02444
G1 X-18.052 Y34.638 E.0385
M106 S255
M106 P2 S255
;LAYER_CHANGE
;Z:0.4
;HEIGHT:0.2
;BEFORE_LAYER_CHANGE
;0.4
G1 E-.8 F2100
;WIPE_START
G1 F4800
G1 X-18.777 Y33.913
G1 X-18.777 Y33.261
G1 X-18.549 Y33.49
;WIPE_END
;AFTER_LAYER_CHANGE
;0.4
;_SET_FAN_SPEED_CHANGING_LAYER
SET_VELOCITY_LIMIT ACCEL=10000
M140 S50 ; set bed temperature
G1 F30000
G1 X-17.9901 Y33.6546 Z0.430769
G1 X-17.572 Y34.0602 Z0.461538
G1 X-17.3904 Y34.6137 Z0.492308
G1 X-17.4867 Y35.1881 Z0.523077
G1 X-17.839 Y35.652 Z0.553846
G1 X-18.3665 Y35.899 Z0.584615
G1 X-18.9484 Y35.8726 Z0.615385
G1 X-19.4513 Y35.5788 Z0.646154
G1 X-19.7602 Y35.085 Z0.676923
G1 X-19.8041 Y34.5041 Z0.707692
G1 X-19.5731 Y33.9694 Z0.738462
G1 X-19.12 Y33.6034 Z0.769231
G1 X-18.5487 Y33.4897 Z0.8
G1 X17.607 Y35.13 Z.8
G1 Z.4
G1 E.8 F2100
SET_VELOCITY_LIMIT ACCEL=5000
;TYPE:Inner wall
;WIDTH:0.45
G1 F18000
G1 X-19.475 Y35.13 E1.23007
G1 X-19.475 Y-1.951 E1.23007
G1 X17.607 Y-1.951 E1.23007
G1 X17.607 Y35.09 E1.22874
SET_VELOCITY_LIMIT ACCEL=10000
G1 X18.014 Y35.537 F30000
SET_VELOCITY_LIMIT ACCEL=5000
G1 F18000
G1 X-19.882 Y35.537 E1.25707
G1 X-19.882 Y-2.358 E1.25707
G1 X18.014 Y-2.358 E1.25707
G1 X18.014 Y35.497 E1.25575
SET_VELOCITY_LIMIT ACCEL=10000
G1 X18.421 Y35.944 F30000
SET_VELOCITY_LIMIT ACCEL=5000
G1 F18000
G1 X-20.289 Y35.944 E1.28408
G1 X-20.289 Y-2.766 E1.28408
G1 X18.421 Y-2.766 E1.28408
G1 X18.421 Y35.904 E1.28275
G1 X18.856 Y36.379 F30000
;TYPE:Outer wall
;WIDTH:0.42
G1 F12000
G1 X-20.724 Y36.379 E1.21618
G1 X-20.724 Y-3.201 E1.21618
G1 X18.856 Y-3.201 E1.21618
G1 X18.856 Y36.339 E1.21495
SET_VELOCITY_LIMIT ACCEL=10000
G1 E-.8 F2100
;WIPE_START
G1 F12000
G1 X16.856 Y36.341
;WIPE_END
G1 X16.445 Y34.71 Z.8 F30000
G1 Z.4
G1 E.8 F2100
SET_VELOCITY_LIMIT ACCEL=7000
;TYPE:Internal solid infill
;WIDTH:0.477332
G1 F15000
G1 X17.186 Y34.71 E.02625
G1 X17.186 Y33.968 E.02625
G1 X16.473 Y34.681 E.03571
SET_VELOCITY_LIMIT ACCEL=10000
G1 X17.581 Y33.053 F30000
SET_VELOCITY_LIMIT ACCEL=7000
;WIDTH:0.420561
G1 F15000
G1 X15.699 Y34.934 E.08189
G1 X15.165 Y34.934 E.01643
G1 X17.411 Y32.688 E.09774
G1 X17.411 Y32.154 E.01643
G1 X14.631 Y34.934 E.12099
G1 X14.097 Y34.934 E.01643
G1 X17.411 Y31.62 E.14423
G1 X17.411 Y31.086 E.01643
G1 X13.563 Y34.934 E.16747
G1 X13.029 Y34.934 E.01643
G1 X17.411 Y30.552 E.19071
G1 X17.411 Y30.018 E.01643
G1 X12.495 Y34.934 E.21396
G1 X11.96 Y34.934 E.01643
G1 X17.411 Y29.484 E.2372
G1 X17.411 Y28.95 E.01643
G1 X11.426 Y34.934 E.26044
G1 X10.892 Y34.934 E.01643
G1 X17.411 Y28.416 E.28368
G1 X17.411 Y27.882 E.01643
G1 X10.358 Y34.934 E.30693
G1 X9.824 Y34.934 E.01643
G1 X17.411 Y27.348 E.33017
G1 X17.411 Y26.814 E.01643
G1 X9.29 Y34.934 E.35341
G1 X8.756 Y34.934 E.01643
G1 X17.411 Y26.279 E.37665
G1 X17.411 Y25.745 E.01643
G1 X8.222 Y34.934 E.39989
G1 X7.688 Y34.934 E.01643
G1 X17.411 Y25.211 E.42314
G1 X17.411 Y24.677 E.01643
G1 X7.154 Y34.934 E.44638
G1 X6.62 Y34.934 E.01643
G1 X17.411 Y24.143 E.46962
G1 X17.411 Y23.609 E.01643
G1 X6.086 Y34.934 E.49286
G1 X5.552 Y34.934 E.01643
G1 X17.411 Y23.075 E.51611
G1 X17.411 Y22.541 E.01643
G1 X5.018 Y34.934 E.53935
G1 X4.484 Y34.934 E.01643
G1 X17.411 Y22.007 E.56259
G1 X17.411 Y21.473 E.01643
G1 X3.949 Y34.934 E.58583
G1 X3.415 Y34.934 E.01643
G1 X17.411 Y20.939 E.60907
G1 X17.411 Y20.405 E.01643
G1 X2.881 Y34.934 E.63232
G1 X2.347 Y34.934 E.01643
G1 X17.411 Y19.871 E.65556
G1 X17.411 Y19.337 E.01643
G1 X1.813 Y34.934 E.6788
G1 X1.279 Y34.934 E.01643
G1 X17.411 Y18.803 E.70204
G1 X17.411 Y18.269 E.01643
G1 X.745 Y34.934 E.72529
G1 X.211 Y34.934 E.01643
G1 X17.411 Y17.734 E.74853
G1 X17.411 Y17.2 E.01643
G1 X-.323 Y34.934 E.77177
G1 X-.857 Y34.934 E.01643
G1 X17.411 Y16.666 E.79501
G1 X17.411 Y16.132 E.01643
G1 X-1.391 Y34.934 E.81826
G1 X-1.925 Y34.934 E.01643
G1 X17.411 Y15.598 E.8415
G1 X17.411 Y15.064 E.01643
G1 X-2.459 Y34.934 E.86474
G1 X-2.993 Y34.934 E.01643
G1 X17.411 Y14.53 E.88798
G1 X17.411 Y13.996 E.01643
G1 X-3.527 Y34.934 E.91122
G1 X-4.061 Y34.934 E.01643
G1 X17.411 Y13.462 E.93447
G1 X17.411 Y12.928 E.01643
G1 X-4.596 Y34.934 E.95771
G1 X-5.13 Y34.934 E.01643
G1 X17.411 Y12.394 E.98095
G1 X17.411 Y11.86 E.01643
G1 X-5.664 Y34.934 E1.00419
G1 X-6.198 Y34.934 E.01643
G1 X17.411 Y11.326 E1.02744
G1 X17.411 Y10.792 E.01643
G1 X-6.732 Y34.934 E1.05068
G1 X-7.266 Y34.934 E.01643
G1 X17.411 Y10.258 E1.07392
G1 X17.411 Y9.723 E.01643
M73 P8 R17
G1 X-7.8 Y34.934 E1.09716
G1 X-8.334 Y34.934 E.01643
G1 X17.411 Y9.189 E1.1204
G1 X17.411 Y8.655 E.01643
G1 X-8.868 Y34.934 E1.14365
G1 X-9.402 Y34.934 E.01643
G1 X17.411 Y8.121 E1.16689
G1 X17.411 Y7.587 E.01643
G1 X-9.936 Y34.934 E1.19013
G1 X-10.47 Y34.934 E.01643
G1 X17.411 Y7.053 E1.21337
G1 X17.411 Y6.519 E.01643
G1 X-11.004 Y34.934 E1.23662
G1 X-11.538 Y34.934 E.01643
G1 X17.411 Y5.985 E1.25986
G1 X17.411 Y5.451 E.01643
G1 X-12.072 Y34.934 E1.2831
G1 X-12.607 Y34.934 E.01643
G1 X17.411 Y4.917 E1.30634
G1 X17.411 Y4.383 E.01643
G1 X-13.141 Y34.934 E1.32958
G1 X-13.675 Y34.934 E.01643
G1 X17.411 Y3.849 E1.35283
G1 X17.411 Y3.315 E.01643
G1 X-14.209 Y34.934 E1.37607
G1 X-14.743 Y34.934 E.01643
G1 X17.411 Y2.781 E1.39931
G1 X17.411 Y2.247 E.01643
G1 X-15.277 Y34.934 E1.42255
G1 X-15.811 Y34.934 E.01643
G1 X17.411 Y1.712 E1.4458
G1 X17.411 Y1.178 E.01643
G1 X-16.345 Y34.934 E1.46904
G1 X-16.879 Y34.934 E.01643
G1 X17.411 Y.644 E1.49228
G1 X17.411 Y.11 E.01643
G1 X-17.413 Y34.934 E1.51552
G1 X-17.947 Y34.934 E.01643
G1 X17.411 Y-.424 E1.53877
G1 X17.411 Y-.958 E.01643
G1 X-18.481 Y34.934 E1.56201
G1 X-19.015 Y34.934 E.01643
G1 X17.411 Y-1.492 E1.58525
G1 X17.411 Y-1.755 E.00811
G1 X17.14 Y-1.755 E.00833
G1 X-19.279 Y34.664 E1.58494
G1 X-19.279 Y34.13 E.01643
G1 X16.606 Y-1.755 E1.5617
G1 X16.072 Y-1.755 E.01643
G1 X-19.279 Y33.596 E1.53845
G1 X-19.279 Y33.061 E.01643
G1 X15.538 Y-1.755 E1.51521
G1 X15.004 Y-1.755 E.01643
G1 X-19.279 Y32.527 E1.49197
G1 X-19.279 Y31.993 E.01643
G1 X14.47 Y-1.755 E1.46873
G1 X13.936 Y-1.755 E.01643
G1 X-19.279 Y31.459 E1.44548
G1 X-19.279 Y30.925 E.01643
G1 X13.402 Y-1.755 E1.42224
G1 X12.868 Y-1.755 E.01643
G1 X-19.279 Y30.391 E1.399
G1 X-19.279 Y29.857 E.01643
G1 X12.334 Y-1.755 E1.37576
G1 X11.8 Y-1.755 E.01643
G1 X-19.279 Y29.323 E1.35251
G1 X-19.279 Y28.789 E.01643
G1 X11.266 Y-1.755 E1.32927
G1 X10.731 Y-1.755 E.01643
G1 X-19.279 Y28.255 E1.30603
G1 X-19.279 Y27.721 E.01643
G1 X10.197 Y-1.755 E1.28279
G1 X9.663 Y-1.755 E.01643
G1 X-19.279 Y27.187 E1.25955
G1 X-19.279 Y26.653 E.01643
G1 X9.129 Y-1.755 E1.2363
G1 X8.595 Y-1.755 E.01643
G1 X-19.279 Y26.119 E1.21306
G1 X-19.279 Y25.585 E.01643
G1 X8.061 Y-1.755 E1.18982
G1 X7.527 Y-1.755 E.01643
G1 X-19.279 Y25.05 E1.16658
G1 X-19.279 Y24.516 E.01643
G1 X6.993 Y-1.755 E1.14333
G1 X6.459 Y-1.755 E.01643
G1 X-19.279 Y23.982 E1.12009
G1 X-19.279 Y23.448 E.01643
G1 X5.925 Y-1.755 E1.09685
G1 X5.391 Y-1.755 E.01643
G1 X-19.279 Y22.914 E1.07361
G1 X-19.279 Y22.38 E.01643
G1 X4.857 Y-1.755 E1.05037
G1 X4.323 Y-1.755 E.01643
G1 X-19.279 Y21.846 E1.02712
G1 X-19.279 Y21.312 E.01643
G1 X3.789 Y-1.755 E1.00388
G1 X3.255 Y-1.755 E.01643
G1 X-19.279 Y20.778 E.98064
G1 X-19.279 Y20.244 E.01643
G1 X2.72 Y-1.755 E.9574
G1 X2.186 Y-1.755 E.01643
G1 X-19.279 Y19.71 E.93415
G1 X-19.279 Y19.176 E.01643
G1 X1.652 Y-1.755 E.91091
G1 X1.118 Y-1.755 E.01643
G1 X-19.279 Y18.642 E.88767
G1 X-19.279 Y18.108 E.01643
M73 P9 R17
G1 X.584 Y-1.755 E.86443
G1 X.05 Y-1.755 E.01643
G1 X-19.279 Y17.574 E.84118
G1 X-19.279 Y17.039 E.01643
G1 X-.484 Y-1.755 E.81794
G1 X-1.018 Y-1.755 E.01643
G1 X-19.279 Y16.505 E.7947
G1 X-19.279 Y15.971 E.01643
G1 X-1.552 Y-1.755 E.77146
G1 X-2.086 Y-1.755 E.01643
G1 X-19.279 Y15.437 E.74822
G1 X-19.279 Y14.903 E.01643
G1 X-2.62 Y-1.755 E.72497
G1 X-3.154 Y-1.755 E.01643
G1 X-19.279 Y14.369 E.70173
G1 X-19.279 Y13.835 E.01643
G1 X-3.688 Y-1.755 E.67849
G1 X-4.222 Y-1.755 E.01643
G1 X-19.279 Y13.301 E.65525
G1 X-19.279 Y12.767 E.01643
G1 X-4.756 Y-1.755 E.632
G1 X-5.29 Y-1.755 E.01643
G1 X-19.279 Y12.233 E.60876
G1 X-19.279 Y11.699 E.01643
G1 X-5.825 Y-1.755 E.58552
G1 X-6.359 Y-1.755 E.01643
G1 X-19.279 Y11.165 E.56228
G1 X-19.279 Y10.631 E.01643
G1 X-6.893 Y-1.755 E.53904
G1 X-7.427 Y-1.755 E.01643
G1 X-19.279 Y10.097 E.51579
G1 X-19.279 Y9.563 E.01643
G1 X-7.961 Y-1.755 E.49255
G1 X-8.495 Y-1.755 E.01643
G1 X-19.279 Y9.029 E.46931
G1 X-19.279 Y8.494 E.01643
G1 X-9.029 Y-1.755 E.44607
G1 X-9.563 Y-1.755 E.01643
G1 X-19.279 Y7.96 E.42282
G1 X-19.279 Y7.426 E.01643
G1 X-10.097 Y-1.755 E.39958
G1 X-10.631 Y-1.755 E.01643
G1 X-19.279 Y6.892 E.37634
G1 X-19.279 Y6.358 E.01643
G1 X-11.165 Y-1.755 E.3531
G1 X-11.699 Y-1.755 E.01643
G1 X-19.279 Y5.824 E.32986
G1 X-19.279 Y5.29 E.01643
G1 X-12.233 Y-1.755 E.30661
G1 X-12.767 Y-1.755 E.01643
G1 X-19.279 Y4.756 E.28337
G1 X-19.279 Y4.222 E.01643
G1 X-13.301 Y-1.755 E.26013
G1 X-13.836 Y-1.755 E.01643
G1 X-19.279 Y3.688 E.23689
G1 X-19.279 Y3.154 E.01643
G1 X-14.37 Y-1.755 E.21364
G1 X-14.904 Y-1.755 E.01643
G1 X-19.279 Y2.62 E.1904
G1 X-19.279 Y2.086 E.01643
G1 X-15.438 Y-1.755 E.16716
G1 X-15.972 Y-1.755 E.01643
G1 X-19.279 Y1.552 E.14392
G1 X-19.279 Y1.018 E.01643
G1 X-16.506 Y-1.755 E.12067
G1 X-17.04 Y-1.755 E.01643
G1 X-19.279 Y.483 E.09743
G1 X-19.279 Y-.051 E.01643
G1 X-17.574 Y-1.755 E.07419
G1 X-18.108 Y-1.755 E.01643
G1 X-19.279 Y-.585 E.05095
G1 X-19.279 Y-1.119 E.01643
G1 X-18.472 Y-1.925 E.03509
;LAYER_CHANGE
;Z:0.6
;HEIGHT:0.2
;BEFORE_LAYER_CHANGE
;0.6
G1 E-.8 F2100
;WIPE_START
G1 F15000
G1 X-19.279 Y-1.119
G1 X-19.279 Y-.585
G1 X-19.048 Y-.815
;WIPE_END
;AFTER_LAYER_CHANGE
;0.6
;_SET_FAN_SPEED_CHANGING_LAYER
SET_VELOCITY_LIMIT ACCEL=10000
G1 F30000
G1 X-18.7423 Y-0.319405 Z0.630769
G1 X-18.7014 Y0.261638 Z0.661538
G1 X-18.9353 Y0.795112 Z0.692308
G1 X-19.3903 Y1.1588 Z0.723077
G1 X-19.9621 Y1.2694 Z0.753846
G1 X-20.5199 Y1.10156 Z0.784615
G1 X-20.9358 Y0.693732 Z0.815385
G1 X-21.1145 Y0.13935 Z0.846154
G1 X-21.0151 Y-0.434586 Z0.876923
G1 X-20.6604 Y-0.896594 Z0.907692
G1 X-20.1316 Y-1.14083 Z0.938462
G1 X-19.5499 Y-1.11135 Z0.969231
G1 X-19.0485 Y-0.814907 Z1
G1 X17.607 Y35.13 Z1
G1 Z.6
G1 E.8 F2100
SET_VELOCITY_LIMIT ACCEL=5000
;TYPE:Inner wall
;WIDTH:0.45
G1 F18000
G1 X-19.475 Y35.13 E1.23007
G1 X-19.475 Y-1.951 E1.23007
G1 X17.607 Y-1.951 E1.23007
G1 X17.607 Y35.09 E1.22874
SET_VELOCITY_LIMIT ACCEL=10000
G1 X18.014 Y35.537 F30000
SET_VELOCITY_LIMIT ACCEL=5000
G1 F18000
G1 X-19.882 Y35.537 E1.25707
G1 X-19.882 Y-2.358 E1.25707
G1 X18.014 Y-2.358 E1.25707
G1 X18.014 Y35.497 E1.25575
SET_VELOCITY_LIMIT ACCEL=10000
G1 X18.421 Y35.944 F30000
SET_VELOCITY_LIMIT ACCEL=5000
G1 F18000
G1 X-20.289 Y35.944 E1.28408
G1 X-20.289 Y-2.766 E1.28408
G1 X18.421 Y-2.766 E1.28408
G1 X18.421 Y35.904 E1.28275
G1 X18.856 Y36.379 F30000
;TYPE:Outer wall
;WIDTH:0.42
G1 F12000
G1 X-20.724 Y36.379 E1.21618
G1 X-20.724 Y-3.201 E1.21618
G1 X18.856 Y-3.201 E1.21618
G1 X18.856 Y36.339 E1.21495
SET_VELOCITY_LIMIT ACCEL=10000
G1 E-.8 F2100
;WIPE_START
G1 F12000
G1 X16.856 Y36.341
;WIPE_END
G1 X16.773 Y28.709 Z1 F30000
G1 X16.445 Y-1.531 Z1
G1 Z.6
G1 E.8 F2100
SET_VELOCITY_LIMIT ACCEL=7000
;TYPE:Internal solid infill
;WIDTH:0.477332
G1 F15000
G1 X17.186 Y-.789 E.03713
G1 X17.186 Y-1.531 E.02625
G1 X16.485 Y-1.531 E.02484
SET_VELOCITY_LIMIT ACCEL=10000
G1 X15.529 Y-1.925 F30000
SET_VELOCITY_LIMIT ACCEL=7000
;WIDTH:0.420561
G1 F15000
G1 X17.411 Y-.043 E.08189
G1 X17.411 Y.491 E.01643
G1 X15.165 Y-1.755 E.09774
G1 X14.631 Y-1.755 E.01643
G1 X17.411 Y1.025 E.12099
G1 X17.411 Y1.559 E.01643
G1 X14.097 Y-1.755 E.14423
G1 X13.563 Y-1.755 E.01643
G1 X17.411 Y2.093 E.16747
G1 X17.411 Y2.627 E.01643
G1 X13.029 Y-1.755 E.19071
G1 X12.495 Y-1.755 E.01643
G1 X17.411 Y3.161 E.21396
G1 X17.411 Y3.695 E.01643
G1 X11.96 Y-1.755 E.2372
G1 X11.426 Y-1.755 E.01643
G1 X17.411 Y4.229 E.26044
G1 X17.411 Y4.763 E.01643
G1 X10.892 Y-1.755 E.28368
G1 X10.358 Y-1.755 E.01643
G1 X17.411 Y5.297 E.30693
G1 X17.411 Y5.831 E.01643
G1 X9.824 Y-1.755 E.33017
G1 X9.29 Y-1.755 E.01643
G1 X17.411 Y6.365 E.35341
G1 X17.411 Y6.899 E.01643
G1 X8.756 Y-1.755 E.37665
G1 X8.222 Y-1.755 E.01643
G1 X17.411 Y7.434 E.39989
G1 X17.411 Y7.968 E.01643
G1 X7.688 Y-1.755 E.42314
G1 X7.154 Y-1.755 E.01643
G1 X17.411 Y8.502 E.44638
G1 X17.411 Y9.036 E.01643
G1 X6.62 Y-1.755 E.46962
G1 X6.086 Y-1.755 E.01643
G1 X17.411 Y9.57 E.49286
G1 X17.411 Y10.104 E.01643
G1 X5.552 Y-1.755 E.51611
G1 X5.018 Y-1.755 E.01643
G1 X17.411 Y10.638 E.53935
G1 X17.411 Y11.172 E.01643
G1 X4.484 Y-1.755 E.56259
G1 X3.949 Y-1.755 E.01643
G1 X17.411 Y11.706 E.58583
G1 X17.411 Y12.24 E.01643
G1 X3.415 Y-1.755 E.60907
G1 X2.881 Y-1.755 E.01643
G1 X17.411 Y12.774 E.63232
G1 X17.411 Y13.308 E.01643
G1 X2.347 Y-1.755 E.65556
G1 X1.813 Y-1.755 E.01643
G1 X17.411 Y13.842 E.6788
G1 X17.411 Y14.376 E.01643
G1 X1.279 Y-1.755 E.70204
G1 X.745 Y-1.755 E.01643
G1 X17.411 Y14.91 E.72529
G1 X17.411 Y15.444 E.01643
G1 X.211 Y-1.755 E.74853
G1 X-.323 Y-1.755 E.01643
G1 X17.411 Y15.979 E.77177
G1 X17.411 Y16.513 E.01643
G1 X-.857 Y-1.755 E.79501
G1 X-1.391 Y-1.755 E.01643
G1 X17.411 Y17.047 E.81826
G1 X17.411 Y17.581 E.01643
M73 P10 R17
G1 X-1.925 Y-1.755 E.8415
G1 X-2.459 Y-1.755 E.01643
G1 X17.411 Y18.115 E.86474
G1 X17.411 Y18.649 E.01643
G1 X-2.993 Y-1.755 E.88798
G1 X-3.527 Y-1.755 E.01643
G1 X17.411 Y19.183 E.91122
G1 X17.411 Y19.717 E.01643
G1 X-4.061 Y-1.755 E.93447
G1 X-4.596 Y-1.755 E.01643
G1 X17.411 Y20.251 E.95771
G1 X17.411 Y20.785 E.01643
G1 X-5.13 Y-1.755 E.98095
G1 X-5.664 Y-1.755 E.01643
G1 X17.411 Y21.319 E1.00419
G1 X17.411 Y21.853 E.01643
G1 X-6.198 Y-1.755 E1.02744
G1 X-6.732 Y-1.755 E.01643
G1 X17.411 Y22.387 E1.05068
G1 X17.411 Y22.921 E.01643
G1 X-7.266 Y-1.755 E1.07392
G1 X-7.8 Y-1.755 E.01643
G1 X17.411 Y23.455 E1.09716
G1 X17.411 Y23.99 E.01643
G1 X-8.334 Y-1.755 E1.1204
G1 X-8.868 Y-1.755 E.01643
G1 X17.411 Y24.524 E1.14365
G1 X17.411 Y25.058 E.01643
G1 X-9.402 Y-1.755 E1.16689
G1 X-9.936 Y-1.755 E.01643
G1 X17.411 Y25.592 E1.19013
G1 X17.411 Y26.126 E.01643
G1 X-10.47 Y-1.755 E1.21337
G1 X-11.004 Y-1.755 E.01643
G1 X17.411 Y26.66 E1.23662
G1 X17.411 Y27.194 E.01643
G1 X-11.538 Y-1.755 E1.25986
G1 X-12.072 Y-1.755 E.01643
G1 X17.411 Y27.728 E1.2831
G1 X17.411 Y28.262 E.01643
G1 X-12.607 Y-1.755 E1.30634
G1 X-13.141 Y-1.755 E.01643
G1 X17.411 Y28.796 E1.32958
G1 X17.411 Y29.33 E.01643
G1 X-13.675 Y-1.755 E1.35283
G1 X-14.209 Y-1.755 E.01643
G1 X17.411 Y29.864 E1.37607
G1 X17.411 Y30.398 E.01643
G1 X-14.743 Y-1.755 E1.39931
G1 X-15.277 Y-1.755 E.01643
G1 X17.411 Y30.932 E1.42255
G1 X17.411 Y31.466 E.01643
G1 X-15.811 Y-1.755 E1.4458
G1 X-16.345 Y-1.755 E.01643
G1 X17.411 Y32 E1.46904
G1 X17.411 Y32.535 E.01643
G1 X-16.879 Y-1.755 E1.49228
G1 X-17.413 Y-1.755 E.01643
G1 X17.411 Y33.069 E1.51552
G1 X17.411 Y33.603 E.01643
G1 X-17.947 Y-1.755 E1.53877
G1 X-18.481 Y-1.755 E.01643
G1 X17.411 Y34.137 E1.56201
G1 X17.411 Y34.671 E.01643
M73 P10 R16
G1 X-19.015 Y-1.755 E1.58525
G1 X-19.279 Y-1.755 E.00811
G1 X-19.279 Y-1.485 E.00833
G1 X17.14 Y34.934 E1.58494
G1 X16.606 Y34.934 E.01643
G1 X-19.279 Y-.951 E1.5617
G1 X-19.279 Y-.417 E.01643
G1 X16.072 Y34.934 E1.53845
G1 X15.538 Y34.934 E.01643
G1 X-19.279 Y.117 E1.51521
G1 X-19.279 Y.652 E.01643
G1 X15.004 Y34.934 E1.49197
G1 X14.47 Y34.934 E.01643
G1 X-19.279 Y1.186 E1.46873
G1 X-19.279 Y1.72 E.01643
G1 X13.936 Y34.934 E1.44548
G1 X13.402 Y34.934 E.01643
G1 X-19.279 Y2.254 E1.42224
G1 X-19.279 Y2.788 E.01643
G1 X12.868 Y34.934 E1.399
G1 X12.334 Y34.934 E.01643
G1 X-19.279 Y3.322 E1.37576
G1 X-19.279 Y3.856 E.01643
G1 X11.8 Y34.934 E1.35251
G1 X11.266 Y34.934 E.01643
G1 X-19.279 Y4.39 E1.32927
G1 X-19.279 Y4.924 E.01643
G1 X10.731 Y34.934 E1.30603
G1 X10.197 Y34.934 E.01643
G1 X-19.279 Y5.458 E1.28279
G1 X-19.279 Y5.992 E.01643
G1 X9.663 Y34.934 E1.25955
G1 X9.129 Y34.934 E.01643
G1 X-19.279 Y6.526 E1.2363
G1 X-19.279 Y7.06 E.01643
G1 X8.595 Y34.934 E1.21306
G1 X8.061 Y34.934 E.01643
G1 X-19.279 Y7.594 E1.18982
G1 X-19.279 Y8.128 E.01643
G1 X7.527 Y34.934 E1.16658
G1 X6.993 Y34.934 E.01643
G1 X-19.279 Y8.663 E1.14333
G1 X-19.279 Y9.197 E.01643
M73 P11 R16
G1 X6.459 Y34.934 E1.12009
G1 X5.925 Y34.934 E.01643
G1 X-19.279 Y9.731 E1.09685
G1 X-19.279 Y10.265 E.01643
G1 X5.391 Y34.934 E1.07361
G1 X4.857 Y34.934 E.01643
G1 X-19.279 Y10.799 E1.05037
G1 X-19.279 Y11.333 E.01643
G1 X4.323 Y34.934 E1.02712
G1 X3.789 Y34.934 E.01643
G1 X-19.279 Y11.867 E1.00388
G1 X-19.279 Y12.401 E.01643
G1 X3.255 Y34.934 E.98064
G1 X2.72 Y34.934 E.01643
G1 X-19.279 Y12.935 E.9574
G1 X-19.279 Y13.469 E.01643
G1 X2.186 Y34.934 E.93415
G1 X1.652 Y34.934 E.01643
G1 X-19.279 Y14.003 E.91091
G1 X-19.279 Y14.537 E.01643
G1 X1.118 Y34.934 E.88767
G1 X.584 Y34.934 E.01643
G1 X-19.279 Y15.071 E.86443
G1 X-19.279 Y15.605 E.01643
G1 X.05 Y34.934 E.84119
G1 X-.484 Y34.934 E.01643
G1 X-19.279 Y16.139 E.81794
G1 X-19.279 Y16.673 E.01643
G1 X-1.018 Y34.934 E.7947
G1 X-1.552 Y34.934 E.01643
G1 X-19.279 Y17.208 E.77146
G1 X-19.279 Y17.742 E.01643
G1 X-2.086 Y34.934 E.74822
G1 X-2.62 Y34.934 E.01643
G1 X-19.279 Y18.276 E.72497
G1 X-19.279 Y18.81 E.01643
G1 X-3.154 Y34.934 E.70173
G1 X-3.688 Y34.934 E.01643
G1 X-19.279 Y19.344 E.67849
G1 X-19.279 Y19.878 E.01643
G1 X-4.222 Y34.934 E.65525
G1 X-4.756 Y34.934 E.01643
G1 X-19.279 Y20.412 E.632
G1 X-19.279 Y20.946 E.01643
G1 X-5.29 Y34.934 E.60876
G1 X-5.825 Y34.934 E.01643
G1 X-19.279 Y21.48 E.58552
G1 X-19.279 Y22.014 E.01643
G1 X-6.359 Y34.934 E.56228
G1 X-6.893 Y34.934 E.01643
G1 X-19.279 Y22.548 E.53904
G1 X-19.279 Y23.082 E.01643
G1 X-7.427 Y34.934 E.51579
G1 X-7.961 Y34.934 E.01643
G1 X-19.279 Y23.616 E.49255
G1 X-19.279 Y24.15 E.01643
G1 X-8.495 Y34.934 E.46931
G1 X-9.029 Y34.934 E.01643
G1 X-19.279 Y24.684 E.44607
G1 X-19.279 Y25.219 E.01643
G1 X-9.563 Y34.934 E.42282
G1 X-10.097 Y34.934 E.01643
G1 X-19.279 Y25.753 E.39958
G1 X-19.279 Y26.287 E.01643
G1 X-10.631 Y34.934 E.37634
G1 X-11.165 Y34.934 E.01643
G1 X-19.279 Y26.821 E.3531
G1 X-19.279 Y27.355 E.01643
G1 X-11.699 Y34.934 E.32986
G1 X-12.233 Y34.934 E.01643
G1 X-19.279 Y27.889 E.30661
G1 X-19.279 Y28.423 E.01643
G1 X-12.767 Y34.934 E.28337
G1 X-13.301 Y34.934 E.01643
G1 X-19.279 Y28.957 E.26013
G1 X-19.279 Y29.491 E.01643
G1 X-13.836 Y34.934 E.23689
G1 X-14.37 Y34.934 E.01643
G1 X-19.279 Y30.025 E.21364
G1 X-19.279 Y30.559 E.01643
G1 X-14.904 Y34.934 E.1904
G1 X-15.438 Y34.934 E.01643
G1 X-19.279 Y31.093 E.16716
G1 X-19.279 Y31.627 E.01643
G1 X-15.972 Y34.934 E.14392
G1 X-16.506 Y34.934 E.01643
G1 X-19.279 Y32.161 E.12067
G1 X-19.279 Y32.695 E.01643
G1 X-17.04 Y34.934 E.09743
G1 X-17.574 Y34.934 E.01643
G1 X-19.279 Y33.23 E.07419
G1 X-19.279 Y33.764 E.01643
G1 X-18.108 Y34.934 E.05095
G1 X-18.642 Y34.934 E.01643
G1 X-19.448 Y34.128 E.03509
;LAYER_CHANGE
;Z:0.8
;HEIGHT:0.2
;BEFORE_LAYER_CHANGE
;0.8
G1 E-.8 F2100
;WIPE_START
G1 F15000
G1 X-18.642 Y34.934
G1 X-18.108 Y34.934
G1 X-18.338 Y34.704
;WIPE_END
;AFTER_LAYER_CHANGE
;0.8
;_SET_FAN_SPEED_CHANGING_LAYER
SET_VELOCITY_LIMIT ACCEL=10000
G1 F30000
G1 X-17.7744 Y34.8501 Z0.830769
G1 X-17.3431 Y35.2415 Z0.861538
G1 X-17.143 Y35.7885 Z0.892308
G1 X-17.2201 Y36.3659 Z0.923077
G1 X-17.5566 Y36.8413 Z0.953846
G1 X-18.0755 Y37.1059 Z0.984615
G1 X-18.658 Y37.0989 Z1.01538
G1 X-19.1705 Y36.8222 Z1.04615
G1 X-19.4957 Y36.3389 Z1.07692
G1 X-19.559 Y35.7599 Z1.10769
G1 X-19.346 Y35.2177 Z1.13846
G1 X-18.9055 Y34.8367 Z1.16923
G1 X-18.3383 Y34.704 Z1.2
G1 X17.607 Y35.13 Z1.2
G1 Z.8
G1 E.8 F2100
SET_VELOCITY_LIMIT ACCEL=5000
;TYPE:Inner wall
;WIDTH:0.45
G1 F11856
G1 X-19.475 Y35.13 E1.23007
G1 X-19.475 Y-1.951 E1.23007
G1 X17.607 Y-1.951 E1.23007
G1 X17.607 Y35.09 E1.22874
SET_VELOCITY_LIMIT ACCEL=10000
G1 X18.014 Y35.537 F30000
SET_VELOCITY_LIMIT ACCEL=5000
G1 F11856
G1 X-19.882 Y35.537 E1.25707
G1 X-19.882 Y-2.358 E1.25707
G1 X18.014 Y-2.358 E1.25707
G1 X18.014 Y35.497 E1.25575
SET_VELOCITY_LIMIT ACCEL=10000
G1 X18.421 Y35.944 F30000
SET_VELOCITY_LIMIT ACCEL=5000
G1 F11856
G1 X-20.289 Y35.944 E1.28408
G1 X-20.289 Y-2.766 E1.28408
G1 X18.421 Y-2.766 E1.28408
G1 X18.421 Y35.904 E1.28275
G1 X18.856 Y36.379 F30000
;TYPE:Outer wall
;WIDTH:0.42
G1 F11856
G1 X-20.724 Y36.379 E1.21618
G1 X-20.724 Y-3.201 E1.21618
G1 X18.856 Y-3.201 E1.21618
G1 X18.856 Y36.339 E1.21495
SET_VELOCITY_LIMIT ACCEL=10000
G1 E-.8 F2100
;WIPE_START
G1 F12000
G1 X16.856 Y36.341
;WIPE_END
G1 X9.235 Y35.924 Z1.2 F30000
G1 X-9.103 Y34.919 Z1.2
G1 Z.8
G1 E.8 F2100
;TYPE:Sparse infill
;WIDTH:0.45
G1 F11856
G1 X-7.474 Y34.919 E.05401
G1 X-19.264 Y23.13 E.55307
G1 X-19.264 Y18.985 E.1375
G1 X-3.329 Y34.919 E.74752
G1 X.816 Y34.919 E.1375
G1 X-19.264 Y14.84 E.94197
G1 X-19.264 Y10.695 E.1375
G1 X4.961 Y34.919 E1.13642
G1 X9.106 Y34.919 E.1375
G1 X-19.264 Y6.55 E1.33087
G1 X-19.264 Y2.405 E.1375
G1 X13.251 Y34.919 E1.52533
G1 X17.396 Y34.919 E.1375
M73 P12 R16
G1 X-19.264 Y-1.74 E1.71978
G1 X-15.119 Y-1.74 E.1375
G1 X17.396 Y30.774 E1.52533
G1 X17.396 Y26.629 E.1375
G1 X-10.974 Y-1.74 E1.33087
G1 X-6.829 Y-1.74 E.1375
G1 X17.396 Y22.484 E1.13642
G1 X17.396 Y18.339 E.1375
G1 X-2.684 Y-1.74 E.94197
G1 X1.461 Y-1.74 E.1375
G1 X17.396 Y14.194 E.74752
G1 X17.396 Y10.049 E.1375
G1 X5.606 Y-1.74 E.55307
G1 X9.751 Y-1.74 E.1375
G1 X17.396 Y5.904 E.35862
G1 X17.396 Y1.759 E.1375
G1 X13.896 Y-1.74 E.16417
G1 X15.525 Y-1.74 E.05401
G1 X-19.264 Y25.646 F30000
G1 F11856
G1 X-19.264 Y27.275 E.05401
G1 X-11.619 Y34.919 E.35862
G1 X-15.764 Y34.919 E.1375
G1 X-19.264 Y31.42 E.16417
G1 X-19.264 Y33.048 E.05401
;LAYER_CHANGE
;Z:1
;HEIGHT:0.2
;BEFORE_LAYER_CHANGE
;1
G1 E-.8 F2100
;WIPE_START
G1 F16200
G1 X-19.264 Y31.42
G1 X-19.001 Y31.683
;WIPE_END
;AFTER_LAYER_CHANGE
;1
;_SET_FAN_SPEED_CHANGING_LAYER
G1 F30000
G1 X-18.4509 Y31.8744 Z1.03077
G1 X-18.0531 Y32.2999 Z1.06154
G1 X-17.8985 Y32.8615 Z1.09231
G1 X-18.0226 Y33.4306 Z1.12308
G1 X-18.397 Y33.8768 Z1.15385
G1 X-18.9359 Y34.0979 Z1.18462
G1 X-19.5158 Y34.0433 Z1.21538
G1 X-20.0039 Y33.7255 Z1.24615
G1 X-20.2884 Y33.2172 Z1.27692
G1 X-20.304 Y32.6349 Z1.30769
G1 X-20.0473 Y32.1121 Z1.33846
G1 X-19.5771 Y31.7684 Z1.36923
G1 X-19.0009 Y31.6826 Z1.4
G1 X17.607 Y35.13 Z1.4
G1 Z1
G1 E.8 F2100
SET_VELOCITY_LIMIT ACCEL=5000
;TYPE:Inner wall
G1 F11856
G1 X-19.475 Y35.13 E1.23007
G1 X-19.475 Y-1.951 E1.23007
G1 X17.607 Y-1.951 E1.23007
G1 X17.607 Y35.09 E1.22874
SET_VELOCITY_LIMIT ACCEL=10000
G1 X18.014 Y35.537 F30000
SET_VELOCITY_LIMIT ACCEL=5000
G1 F11856
G1 X-19.882 Y35.537 E1.25707
G1 X-19.882 Y-2.358 E1.25707
G1 X18.014 Y-2.358 E1.25707
G1 X18.014 Y35.497 E1.25575
SET_VELOCITY_LIMIT ACCEL=10000
G1 X18.421 Y35.944 F30000
SET_VELOCITY_LIMIT ACCEL=5000
G1 F11856
G1 X-20.289 Y35.944 E1.28408
G1 X-20.289 Y-2.766 E1.28408
G1 X18.421 Y-2.766 E1.28408
G1 X18.421 Y35.904 E1.28275
G1 X18.856 Y36.379 F30000
;TYPE:Outer wall
;WIDTH:0.42
G1 F11856
G1 X-20.724 Y36.379 E1.21618
G1 X-20.724 Y-3.201 E1.21618
G1 X18.856 Y-3.201 E1.21618
G1 X18.856 Y36.339 E1.21495
SET_VELOCITY_LIMIT ACCEL=10000
G1 E-.8 F2100
;WIPE_START
G1 F12000
G1 X16.856 Y36.341
;WIPE_END
G1 X9.235 Y35.924 Z1.4 F30000
G1 X-9.103 Y34.919 Z1.4
G1 Z1
G1 E.8 F2100
;TYPE:Sparse infill
;WIDTH:0.45
G1 F11856
G1 X-7.474 Y34.919 E.05401
G1 X-19.264 Y23.13 E.55307
G1 X-19.264 Y18.985 E.1375
G1 X-3.329 Y34.919 E.74752
G1 X.816 Y34.919 E.1375
G1 X-19.264 Y14.84 E.94197
G1 X-19.264 Y10.695 E.1375
G1 X4.961 Y34.919 E1.13642
G1 X9.106 Y34.919 E.1375
G1 X-19.264 Y6.55 E1.33087
G1 X-19.264 Y2.405 E.1375
G1 X13.251 Y34.919 E1.52533
G1 X17.396 Y34.919 E.1375
G1 X-19.264 Y-1.74 E1.71978
G1 X-15.119 Y-1.74 E.1375
G1 X17.396 Y30.774 E1.52533
G1 X17.396 Y26.629 E.1375
G1 X-10.974 Y-1.74 E1.33087
G1 X-6.829 Y-1.74 E.1375
G1 X17.396 Y22.484 E1.13642
G1 X17.396 Y18.339 E.1375
G1 X-2.684 Y-1.74 E.94197
G1 X1.461 Y-1.74 E.1375
G1 X17.396 Y14.194 E.74752
G1 X17.396 Y10.049 E.1375
G1 X5.606 Y-1.74 E.55307
G1 X9.751 Y-1.74 E.1375
G1 X17.396 Y5.904 E.35862
G1 X17.396 Y1.759 E.1375
G1 X13.896 Y-1.74 E.16417
G1 X15.525 Y-1.74 E.05401
G1 X-19.264 Y25.646 F30000
G1 F11856
G1 X-19.264 Y27.275 E.05401
G1 X-11.619 Y34.919 E.35862
G1 X-15.764 Y34.919 E.1375
G1 X-19.264 Y31.42 E.16417
G1 X-19.264 Y33.048 E.05401
;LAYER_CHANGE
;Z:1.2
;HEIGHT:0.2
;BEFORE_LAYER_CHANGE
;1.2
G1 E-.8 F2100
;WIPE_START
G1 F16200
G1 X-19.264 Y31.42
G1 X-19.001 Y31.683
;WIPE_END
;AFTER_LAYER_CHANGE
;1.2
;_SET_FAN_SPEED_CHANGING_LAYER
G1 F30000
G1 X-18.4509 Y31.8744 Z1.23077
G1 X-18.0531 Y32.2999 Z1.26154
G1 X-17.8985 Y32.8615 Z1.29231
G1 X-18.0226 Y33.4306 Z1.32308
G1 X-18.397 Y33.8768 Z1.35385
G1 X-18.9359 Y34.0979 Z1.38462
G1 X-19.5158 Y34.0433 Z1.41538
G1 X-20.0039 Y33.7255 Z1.44615
G1 X-20.2884 Y33.2172 Z1.47692
G1 X-20.304 Y32.6349 Z1.50769
G1 X-20.0473 Y32.1121 Z1.53846
G1 X-19.5771 Y31.7684 Z1.56923
G1 X-19.0009 Y31.6826 Z1.6
G1 X17.607 Y35.13 Z1.6
G1 Z1.2
G1 E.8 F2100
SET_VELOCITY_LIMIT ACCEL=5000
;TYPE:Inner wall
G1 F11856
G1 X-19.475 Y35.13 E1.23007
G1 X-19.475 Y-1.951 E1.23007
G1 X17.607 Y-1.951 E1.23007
G1 X17.607 Y35.09 E1.22874
M73 P13 R16
SET_VELOCITY_LIMIT ACCEL=10000
G1 X18.014 Y35.537 F30000
SET_VELOCITY_LIMIT ACCEL=5000
G1 F11856
G1 X-19.882 Y35.537 E1.25707
G1 X-19.882 Y-2.358 E1.25707
G1 X18.014 Y-2.358 E1.25707
G1 X18.014 Y35.497 E1.25575
SET_VELOCITY_LIMIT ACCEL=10000
G1 X18.421 Y35.944 F30000
SET_VELOCITY_LIMIT ACCEL=5000
G1 F11856
G1 X-20.289 Y35.944 E1.28408
G1 X-20.289 Y-2.766 E1.28408
G1 X18.421 Y-2.766 E1.28408
G1 X18.421 Y35.904 E1.28275
G1 X18.856 Y36.379 F30000
;TYPE:Outer wall
;WIDTH:0.42
G1 F11856
G1 X-20.724 Y36.379 E1.21618
G1 X-20.724 Y-3.201 E1.21618
G1 X18.856 Y-3.201 E1.21618
G1 X18.856 Y36.339 E1.21495
SET_VELOCITY_LIMIT ACCEL=10000
G1 E-.8 F2100
;WIPE_START
G1 F12000
G1 X16.856 Y36.341
;WIPE_END
G1 X9.235 Y35.924 Z1.6 F30000
G1 X-9.103 Y34.919 Z1.6
G1 Z1.2
G1 E.8 F2100
;TYPE:Sparse infill
;WIDTH:0.45
G1 F11856
G1 X-7.474 Y34.919 E.05401
G1 X-19.264 Y23.13 E.55307
G1 X-19.264 Y18.985 E.1375
G1 X-3.329 Y34.919 E.74752
G1 X.816 Y34.919 E.1375
G1 X-19.264 Y14.84 E.94197
G1 X-19.264 Y10.695 E.1375
G1 X4.961 Y34.919 E1.13642
G1 X9.106 Y34.919 E.1375
G1 X-19.264 Y6.55 E1.33087
G1 X-19.264 Y2.405 E.1375
G1 X13.251 Y34.919 E1.52533
G1 X17.396 Y34.919 E.1375
G1 X-19.264 Y-1.74 E1.71978
G1 X-15.119 Y-1.74 E.1375
G1 X17.396 Y30.774 E1.52533
G1 X17.396 Y26.629 E.1375
G1 X-10.974 Y-1.74 E1.33087
G1 X-6.829 Y-1.74 E.1375
G1 X17.396 Y22.484 E1.13642
G1 X17.396 Y18.339 E.1375
G1 X-2.684 Y-1.74 E.94197
G1 X1.461 Y-1.74 E.1375
G1 X17.396 Y14.194 E.74752
G1 X17.396 Y10.049 E.1375
G1 X5.606 Y-1.74 E.55307
G1 X9.751 Y-1.74 E.1375
G1 X17.396 Y5.904 E.35862
G1 X17.396 Y1.759 E.1375
G1 X13.896 Y-1.74 E.16417
G1 X15.525 Y-1.74 E.05401
G1 X-19.264 Y25.646 F30000
G1 F11856
G1 X-19.264 Y27.275 E.05401
G1 X-11.619 Y34.919 E.35862
G1 X-15.764 Y34.919 E.1375
G1 X-19.264 Y31.42 E.16417
G1 X-19.264 Y33.048 E.05401
;LAYER_CHANGE
;Z:1.4
;HEIGHT:0.2
;BEFORE_LAYER_CHANGE
;1.4
G1 E-.8 F2100
;WIPE_START
G1 F16200
G1 X-19.264 Y31.42
G1 X-19.001 Y31.683
;WIPE_END
;AFTER_LAYER_CHANGE
;1.4
;_SET_FAN_SPEED_CHANGING_LAYER
G1 F30000
G1 X-18.4509 Y31.8744 Z1.43077
G1 X-18.0531 Y32.2999 Z1.46154
G1 X-17.8985 Y32.8615 Z1.49231
G1 X-18.0226 Y33.4306 Z1.52308
G1 X-18.397 Y33.8768 Z1.55385
G1 X-18.9359 Y34.0979 Z1.58462
G1 X-19.5158 Y34.0433 Z1.61538
G1 X-20.0039 Y33.7255 Z1.64615
G1 X-20.2884 Y33.2172 Z1.67692
G1 X-20.304 Y32.6349 Z1.70769
G1 X-20.0473 Y32.1121 Z1.73846
G1 X-19.5771 Y31.7684 Z1.76923
G1 X-19.0009 Y31.6826 Z1.8
G1 X17.607 Y35.13 Z1.8
G1 Z1.4
G1 E.8 F2100
SET_VELOCITY_LIMIT ACCEL=5000
;TYPE:Inner wall
G1 F11856
G1 X-19.475 Y35.13 E1.23007
G1 X-19.475 Y-1.951 E1.23007
G1 X17.607 Y-1.951 E1.23007
G1 X17.607 Y35.09 E1.22874
SET_VELOCITY_LIMIT ACCEL=10000
G1 X18.014 Y35.537 F30000
SET_VELOCITY_LIMIT ACCEL=5000
G1 F11856
G1 X-19.882 Y35.537 E1.25707
G1 X-19.882 Y-2.358 E1.25707
G1 X18.014 Y-2.358 E1.25707
G1 X18.014 Y35.497 E1.25575
SET_VELOCITY_LIMIT ACCEL=10000
G1 X18.421 Y35.944 F30000
SET_VELOCITY_LIMIT ACCEL=5000
G1 F11856
G1 X-20.289 Y35.944 E1.28408
G1 X-20.289 Y-2.766 E1.28408
G1 X18.421 Y-2.766 E1.28408
G1 X18.421 Y35.904 E1.28275
G1 X18.856 Y36.379 F30000
;TYPE:Outer wall
;WIDTH:0.42
G1 F11856
G1 X-20.724 Y36.379 E1.21618
G1 X-20.724 Y-3.201 E1.21618
G1 X18.856 Y-3.201 E1.21618
G1 X18.856 Y36.339 E1.21495
SET_VELOCITY_LIMIT ACCEL=10000
G1 E-.8 F2100
;WIPE_START
G1 F12000
G1 X16.856 Y36.341
;WIPE_END
G1 X9.235 Y35.924 Z1.8 F30000
G1 X-9.103 Y34.919 Z1.8
G1 Z1.4
G1 E.8 F2100
;TYPE:Sparse infill
;WIDTH:0.45
G1 F11856
G1 X-7.474 Y34.919 E.05401
G1 X-19.264 Y23.13 E.55307
G1 X-19.264 Y18.985 E.1375
G1 X-3.329 Y34.919 E.74752
M73 P14 R16
G1 X.816 Y34.919 E.1375
G1 X-19.264 Y14.84 E.94197
G1 X-19.264 Y10.695 E.1375
G1 X4.961 Y34.919 E1.13642
G1 X9.106 Y34.919 E.1375
G1 X-19.264 Y6.55 E1.33087
G1 X-19.264 Y2.405 E.1375
G1 X13.251 Y34.919 E1.52533
G1 X17.396 Y34.919 E.1375
G1 X-19.264 Y-1.74 E1.71978
G1 X-15.119 Y-1.74 E.1375
G1 X17.396 Y30.774 E1.52533
G1 X17.396 Y26.629 E.1375
G1 X-10.974 Y-1.74 E1.33087
G1 X-6.829 Y-1.74 E.1375
G1 X17.396 Y22.484 E1.13642
G1 X17.396 Y18.339 E.1375
G1 X-2.684 Y-1.74 E.94197
G1 X1.461 Y-1.74 E.1375
G1 X17.396 Y14.194 E.74752
G1 X17.396 Y10.049 E.1375
G1 X5.606 Y-1.74 E.55307
G1 X9.751 Y-1.74 E.1375
G1 X17.396 Y5.904 E.35862
G1 X17.396 Y1.759 E.1375
G1 X13.896 Y-1.74 E.16417
G1 X15.525 Y-1.74 E.05401
G1 X-19.264 Y25.646 F30000
G1 F11856
G1 X-19.264 Y27.275 E.05401
G1 X-11.619 Y34.919 E.35862
G1 X-15.764 Y34.919 E.1375
G1 X-19.264 Y31.42 E.16417
G1 X-19.264 Y33.048 E.05401
;LAYER_CHANGE
;Z:1.6
;HEIGHT:0.2
;BEFORE_LAYER_CHANGE
;1.6
G1 E-.8 F2100
;WIPE_START
G1 F16200
G1 X-19.264 Y31.42
G1 X-19.001 Y31.683
;WIPE_END
;AFTER_LAYER_CHANGE
;1.6
;_SET_FAN_SPEED_CHANGING_LAYER
G1 F30000
G1 X-18.4509 Y31.8744 Z1.63077
G1 X-18.0531 Y32.2999 Z1.66154
G1 X-17.8985 Y32.8615 Z1.69231
G1 X-18.0226 Y33.4306 Z1.72308
G1 X-18.397 Y33.8768 Z1.75385
G1 X-18.9359 Y34.0979 Z1.78462
G1 X-19.5158 Y34.0433 Z1.81538
G1 X-20.0039 Y33.7255 Z1.84615
G1 X-20.2884 Y33.2172 Z1.87692
G1 X-20.304 Y32.6349 Z1.90769
G1 X-20.0473 Y32.1121 Z1.93846
G1 X-19.5771 Y31.7684 Z1.96923
G1 X-19.0009 Y31.6826 Z2
G1 X17.607 Y35.13 Z2
G1 Z1.6
G1 E.8 F2100
SET_VELOCITY_LIMIT ACCEL=5000
;TYPE:Inner wall
G1 F11856
G1 X-19.475 Y35.13 E1.23007
G1 X-19.475 Y-1.951 E1.23007
G1 X17.607 Y-1.951 E1.23007
G1 X17.607 Y35.09 E1.22874
SET_VELOCITY_LIMIT ACCEL=10000
G1 X18.014 Y35.537 F30000
SET_VELOCITY_LIMIT ACCEL=5000
G1 F11856
G1 X-19.882 Y35.537 E1.25707
G1 X-19.882 Y-2.358 E1.25707
G1 X18.014 Y-2.358 E1.25707
G1 X18.014 Y35.497 E1.25575
SET_VELOCITY_LIMIT ACCEL=10000
G1 X18.421 Y35.944 F30000
SET_VELOCITY_LIMIT ACCEL=5000
G1 F11856
G1 X-20.289 Y35.944 E1.28408
G1 X-20.289 Y-2.766 E1.28408
G1 X18.421 Y-2.766 E1.28408
G1 X18.421 Y35.904 E1.28275
G1 X18.856 Y36.379 F30000
;TYPE:Outer wall
;WIDTH:0.42
G1 F11856
G1 X-20.724 Y36.379 E1.21618
G1 X-20.724 Y-3.201 E1.21618
G1 X18.856 Y-3.201 E1.21618
G1 X18.856 Y36.339 E1.21495
SET_VELOCITY_LIMIT ACCEL=10000
G1 E-.8 F2100
;WIPE_START
G1 F12000
G1 X16.856 Y36.341
;WIPE_END
G1 X9.235 Y35.924 Z2 F30000
G1 X-9.103 Y34.919 Z2
G1 Z1.6
G1 E.8 F2100
;TYPE:Sparse infill
;WIDTH:0.45
G1 F11856
G1 X-7.474 Y34.919 E.05401
G1 X-19.264 Y23.13 E.55307
G1 X-19.264 Y18.985 E.1375
G1 X-3.329 Y34.919 E.74752
G1 X.816 Y34.919 E.1375
G1 X-19.264 Y14.84 E.94197
G1 X-19.264 Y10.695 E.1375
G1 X4.961 Y34.919 E1.13642
G1 X9.106 Y34.919 E.1375
G1 X-19.264 Y6.55 E1.33087
G1 X-19.264 Y2.405 E.1375
G1 X13.251 Y34.919 E1.52533
G1 X17.396 Y34.919 E.1375
G1 X-19.264 Y-1.74 E1.71978
G1 X-15.119 Y-1.74 E.1375
G1 X17.396 Y30.774 E1.52533
G1 X17.396 Y26.629 E.1375
G1 X-10.974 Y-1.74 E1.33087
G1 X-6.829 Y-1.74 E.1375
G1 X17.396 Y22.484 E1.13642
G1 X17.396 Y18.339 E.1375
G1 X-2.684 Y-1.74 E.94197
G1 X1.461 Y-1.74 E.1375
G1 X17.396 Y14.194 E.74752
G1 X17.396 Y10.049 E.1375
G1 X5.606 Y-1.74 E.55307
G1 X9.751 Y-1.74 E.1375
G1 X17.396 Y5.904 E.35862
G1 X17.396 Y1.759 E.1375
G1 X13.896 Y-1.74 E.16417
G1 X15.525 Y-1.74 E.05401
G1 X-19.264 Y25.646 F30000
G1 F11856
G1 X-19.264 Y27.275 E.05401
G1 X-11.619 Y34.919 E.35862
G1 X-15.764 Y34.919 E.1375
G1 X-19.264 Y31.42 E.16417
G1 X-19.264 Y33.048 E.05401
;LAYER_CHANGE
;Z:1.8
;HEIGHT:0.2
;BEFORE_LAYER_CHANGE
;1.8
G1 E-.8 F2100
;WIPE_START
G1 F16200
G1 X-19.264 Y31.42
G1 X-19.001 Y31.683
;WIPE_END
;AFTER_LAYER_CHANGE
;1.8
;_SET_FAN_SPEED_CHANGING_LAYER
G1 F30000
G1 X-18.4509 Y31.8744 Z1.83077
G1 X-18.0531 Y32.2999 Z1.86154
G1 X-17.8985 Y32.8615 Z1.89231
G1 X-18.0226 Y33.4306 Z1.92308
G1 X-18.397 Y33.8768 Z1.95385
G1 X-18.9359 Y34.0979 Z1.98462
G1 X-19.5158 Y34.0433 Z2.01538
G1 X-20.0039 Y33.7255 Z2.04615
G1 X-20.2884 Y33.2172 Z2.07692
G1 X-20.304 Y32.6349 Z2.10769
G1 X-20.0473 Y32.1121 Z2.13846
M73 P15 R16
G1 X-19.5771 Y31.7684 Z2.16923
G1 X-19.0009 Y31.6826 Z2.2
G1 X17.607 Y35.13 Z2.2
G1 Z1.8
G1 E.8 F2100
SET_VELOCITY_LIMIT ACCEL=5000
;TYPE:Inner wall
G1 F11856
G1 X-19.475 Y35.13 E1.23007
G1 X-19.475 Y-1.951 E1.23007
G1 X17.607 Y-1.951 E1.23007
G1 X17.607 Y35.09 E1.22874
SET_VELOCITY_LIMIT ACCEL=10000
G1 X18.014 Y35.537 F30000
SET_VELOCITY_LIMIT ACCEL=5000
G1 F11856
G1 X-19.882 Y35.537 E1.25707
G1 X-19.882 Y-2.358 E1.25707
G1 X18.014 Y-2.358 E1.25707
G1 X18.014 Y35.497 E1.25575
SET_VELOCITY_LIMIT ACCEL=10000
G1 X18.421 Y35.944 F30000
SET_VELOCITY_LIMIT ACCEL=5000
G1 F11856
G1 X-20.289 Y35.944 E1.28408
G1 X-20.289 Y-2.766 E1.28408
G1 X18.421 Y-2.766 E1.28408
G1 X18.421 Y35.904 E1.28275
G1 X18.856 Y36.379 F30000
;TYPE:Outer wall
;WIDTH:0.42
G1 F11856
G1 X-20.724 Y36.379 E1.21618
G1 X-20.724 Y-3.201 E1.21618
G1 X18.856 Y-3.201 E1.21618
G1 X18.856 Y36.339 E1.21495
SET_VELOCITY_LIMIT ACCEL=10000
G1 E-.8 F2100
;WIPE_START
G1 F12000
G1 X16.856 Y36.341
;WIPE_END
G1 X9.235 Y35.924 Z2.2 F30000
G1 X-9.103 Y34.919 Z2.2
G1 Z1.8
G1 E.8 F2100
;TYPE:Sparse infill
;WIDTH:0.45
G1 F11856
G1 X-7.474 Y34.919 E.05401
G1 X-19.264 Y23.13 E.55307
G1 X-19.264 Y18.985 E.1375
G1 X-3.329 Y34.919 E.74752
G1 X.816 Y34.919 E.1375
G1 X-19.264 Y14.84 E.94197
G1 X-19.264 Y10.695 E.1375
G1 X4.961 Y34.919 E1.13642
G1 X9.106 Y34.919 E.1375
G1 X-19.264 Y6.55 E1.33087
G1 X-19.264 Y2.405 E.1375
G1 X13.251 Y34.919 E1.52533
G1 X17.396 Y34.919 E.1375
G1 X-19.264 Y-1.74 E1.71978
G1 X-15.119 Y-1.74 E.1375
G1 X17.396 Y30.774 E1.52533
G1 X17.396 Y26.629 E.1375
G1 X-10.974 Y-1.74 E1.33087
G1 X-6.829 Y-1.74 E.1375
G1 X17.396 Y22.484 E1.13642
G1 X17.396 Y18.339 E.1375
G1 X-2.684 Y-1.74 E.94197
G1 X1.461 Y-1.74 E.1375
G1 X17.396 Y14.194 E.74752
G1 X17.396 Y10.049 E.1375
G1 X5.606 Y-1.74 E.55307
G1 X9.751 Y-1.74 E.1375
G1 X17.396 Y5.904 E.35862
G1 X17.396 Y1.759 E.1375
G1 X13.896 Y-1.74 E.16417
G1 X15.525 Y-1.74 E.05401
G1 X-19.264 Y25.646 F30000
G1 F11856
G1 X-19.264 Y27.275 E.05401
G1 X-11.619 Y34.919 E.35862
G1 X-15.764 Y34.919 E.1375
G1 X-19.264 Y31.42 E.16417
G1 X-19.264 Y33.048 E.05401
;LAYER_CHANGE
;Z:2
;HEIGHT:0.2
;BEFORE_LAYER_CHANGE
;2
G1 E-.8 F2100
;WIPE_START
G1 F16200
G1 X-19.264 Y31.42
G1 X-19.001 Y31.683
;WIPE_END
;AFTER_LAYER_CHANGE
;2
;_SET_FAN_SPEED_CHANGING_LAYER
G1 F30000
G1 X-18.4509 Y31.8744 Z2.03077
G1 X-18.0531 Y32.2999 Z2.06154
G1 X-17.8985 Y32.8615 Z2.09231
G1 X-18.0226 Y33.4306 Z2.12308
G1 X-18.397 Y33.8768 Z2.15385
G1 X-18.9359 Y34.0979 Z2.18462
G1 X-19.5158 Y34.0433 Z2.21538
G1 X-20.0039 Y33.7255 Z2.24615
G1 X-20.2884 Y33.2172 Z2.27692
G1 X-20.304 Y32.6349 Z2.30769
G1 X-20.0473 Y32.1121 Z2.33846
G1 X-19.5771 Y31.7684 Z2.36923
G1 X-19.0009 Y31.6826 Z2.4
G1 X17.607 Y35.13 Z2.4
G1 Z2
G1 E.8 F2100
SET_VELOCITY_LIMIT ACCEL=5000
;TYPE:Inner wall
G1 F11856
G1 X-19.475 Y35.13 E1.23007
G1 X-19.475 Y-1.951 E1.23007
G1 X17.607 Y-1.951 E1.23007
G1 X17.607 Y35.09 E1.22874
SET_VELOCITY_LIMIT ACCEL=10000
G1 X18.014 Y35.537 F30000
SET_VELOCITY_LIMIT ACCEL=5000
G1 F11856
G1 X-19.882 Y35.537 E1.25707
G1 X-19.882 Y-2.358 E1.25707
G1 X18.014 Y-2.358 E1.25707
G1 X18.014 Y35.497 E1.25575
M73 P15 R15
SET_VELOCITY_LIMIT ACCEL=10000
G1 X18.421 Y35.944 F30000
SET_VELOCITY_LIMIT ACCEL=5000
G1 F11856
G1 X-20.289 Y35.944 E1.28408
G1 X-20.289 Y-2.766 E1.28408
G1 X18.421 Y-2.766 E1.28408
G1 X18.421 Y35.904 E1.28275
G1 X18.856 Y36.379 F30000
;TYPE:Outer wall
;WIDTH:0.42
G1 F11856
G1 X-20.724 Y36.379 E1.21618
G1 X-20.724 Y-3.201 E1.21618
G1 X18.856 Y-3.201 E1.21618
M73 P16 R15
G1 X18.856 Y36.339 E1.21495
SET_VELOCITY_LIMIT ACCEL=10000
G1 E-.8 F2100
;WIPE_START
G1 F12000
G1 X16.856 Y36.341
;WIPE_END
G1 X9.235 Y35.924 Z2.4 F30000
G1 X-9.103 Y34.919 Z2.4
G1 Z2
G1 E.8 F2100
;TYPE:Sparse infill
;WIDTH:0.45
G1 F11856
G1 X-7.474 Y34.919 E.05401
G1 X-19.264 Y23.13 E.55307
G1 X-19.264 Y18.985 E.1375
G1 X-3.329 Y34.919 E.74752
G1 X.816 Y34.919 E.1375
G1 X-19.264 Y14.84 E.94197
G1 X-19.264 Y10.695 E.1375
G1 X4.961 Y34.919 E1.13642
G1 X9.106 Y34.919 E.1375
G1 X-19.264 Y6.55 E1.33087
G1 X-19.264 Y2.405 E.1375
G1 X13.251 Y34.919 E1.52533
G1 X17.396 Y34.919 E.1375
G1 X-19.264 Y-1.74 E1.71978
G1 X-15.119 Y-1.74 E.1375
G1 X17.396 Y30.774 E1.52533
G1 X17.396 Y26.629 E.1375
G1 X-10.974 Y-1.74 E1.33087
G1 X-6.829 Y-1.74 E.1375
G1 X17.396 Y22.484 E1.13642
G1 X17.396 Y18.339 E.1375
G1 X-2.684 Y-1.74 E.94197
G1 X1.461 Y-1.74 E.1375
G1 X17.396 Y14.194 E.74752
G1 X17.396 Y10.049 E.1375
G1 X5.606 Y-1.74 E.55307
G1 X9.751 Y-1.74 E.1375
G1 X17.396 Y5.904 E.35862
G1 X17.396 Y1.759 E.1375
G1 X13.896 Y-1.74 E.16417
G1 X15.525 Y-1.74 E.05401
G1 X-19.264 Y25.646 F30000
G1 F11856
G1 X-19.264 Y27.275 E.05401
G1 X-11.619 Y34.919 E.35862
G1 X-15.764 Y34.919 E.1375
G1 X-19.264 Y31.42 E.16417
G1 X-19.264 Y33.048 E.05401
;LAYER_CHANGE
;Z:2.2
;HEIGHT:0.2
;BEFORE_LAYER_CHANGE
;2.2
G1 E-.8 F2100
;WIPE_START
G1 F16200
G1 X-19.264 Y31.42
G1 X-19.001 Y31.683
;WIPE_END
;AFTER_LAYER_CHANGE
;2.2
;_SET_FAN_SPEED_CHANGING_LAYER
G1 F30000
G1 X-18.4509 Y31.8744 Z2.23077
G1 X-18.0531 Y32.2999 Z2.26154
G1 X-17.8985 Y32.8615 Z2.29231
G1 X-18.0226 Y33.4306 Z2.32308
G1 X-18.397 Y33.8768 Z2.35385
G1 X-18.9359 Y34.0979 Z2.38462
G1 X-19.5158 Y34.0433 Z2.41538
G1 X-20.0039 Y33.7255 Z2.44615
G1 X-20.2884 Y33.2172 Z2.47692
G1 X-20.304 Y32.6349 Z2.50769
G1 X-20.0473 Y32.1121 Z2.53846
G1 X-19.5771 Y31.7684 Z2.56923
G1 X-19.0009 Y31.6826 Z2.6
G1 X17.607 Y35.13 Z2.6
G1 Z2.2
G1 E.8 F2100
SET_VELOCITY_LIMIT ACCEL=5000
;TYPE:Inner wall
G1 F11856
G1 X-19.475 Y35.13 E1.23007
G1 X-19.475 Y-1.951 E1.23007
G1 X17.607 Y-1.951 E1.23007
G1 X17.607 Y35.09 E1.22874
SET_VELOCITY_LIMIT ACCEL=10000
G1 X18.014 Y35.537 F30000
SET_VELOCITY_LIMIT ACCEL=5000
G1 F11856
G1 X-19.882 Y35.537 E1.25707
G1 X-19.882 Y-2.358 E1.25707
G1 X18.014 Y-2.358 E1.25707
G1 X18.014 Y35.497 E1.25575
SET_VELOCITY_LIMIT ACCEL=10000
G1 X18.421 Y35.944 F30000
SET_VELOCITY_LIMIT ACCEL=5000
G1 F11856
G1 X-20.289 Y35.944 E1.28408
G1 X-20.289 Y-2.766 E1.28408
G1 X18.421 Y-2.766 E1.28408
G1 X18.421 Y35.904 E1.28275
G1 X18.856 Y36.379 F30000
;TYPE:Outer wall
;WIDTH:0.42
G1 F11856
G1 X-20.724 Y36.379 E1.21618
G1 X-20.724 Y-3.201 E1.21618
G1 X18.856 Y-3.201 E1.21618
G1 X18.856 Y36.339 E1.21495
SET_VELOCITY_LIMIT ACCEL=10000
G1 E-.8 F2100
;WIPE_START
G1 F12000
G1 X16.856 Y36.341
;WIPE_END
G1 X9.235 Y35.924 Z2.6 F30000
G1 X-9.103 Y34.919 Z2.6
G1 Z2.2
G1 E.8 F2100
;TYPE:Sparse infill
;WIDTH:0.45
G1 F11856
G1 X-7.474 Y34.919 E.05401
G1 X-19.264 Y23.13 E.55307
G1 X-19.264 Y18.985 E.1375
G1 X-3.329 Y34.919 E.74752
G1 X.816 Y34.919 E.1375
G1 X-19.264 Y14.84 E.94197
G1 X-19.264 Y10.695 E.1375
G1 X4.961 Y34.919 E1.13642
G1 X9.106 Y34.919 E.1375
G1 X-19.264 Y6.55 E1.33087
G1 X-19.264 Y2.405 E.1375
G1 X13.251 Y34.919 E1.52533
G1 X17.396 Y34.919 E.1375
G1 X-19.264 Y-1.74 E1.71978
G1 X-15.119 Y-1.74 E.1375
G1 X17.396 Y30.774 E1.52533
G1 X17.396 Y26.629 E.1375
G1 X-10.974 Y-1.74 E1.33087
G1 X-6.829 Y-1.74 E.1375
G1 X17.396 Y22.484 E1.13642
G1 X17.396 Y18.339 E.1375
G1 X-2.684 Y-1.74 E.94197
G1 X1.461 Y-1.74 E.1375
G1 X17.396 Y14.194 E.74752
G1 X17.396 Y10.049 E.1375
G1 X5.606 Y-1.74 E.55307
M73 P17 R15
G1 X9.751 Y-1.74 E.1375
G1 X17.396 Y5.904 E.35862
G1 X17.396 Y1.759 E.1375
G1 X13.896 Y-1.74 E.16417
G1 X15.525 Y-1.74 E.05401
G1 X-19.264 Y25.646 F30000
G1 F11856
G1 X-19.264 Y27.275 E.05401
G1 X-11.619 Y34.919 E.35862
G1 X-15.764 Y34.919 E.1375
G1 X-19.264 Y31.42 E.16417
G1 X-19.264 Y33.048 E.05401
;LAYER_CHANGE
;Z:2.4
;HEIGHT:0.2
;BEFORE_LAYER_CHANGE
;2.4
G1 E-.8 F2100
;WIPE_START
G1 F16200
G1 X-19.264 Y31.42
G1 X-19.001 Y31.683
;WIPE_END
;AFTER_LAYER_CHANGE
;2.4
;_SET_FAN_SPEED_CHANGING_LAYER
G1 F30000
G1 X-18.4509 Y31.8744 Z2.43077
G1 X-18.0531 Y32.2999 Z2.46154
G1 X-17.8985 Y32.8615 Z2.49231
G1 X-18.0226 Y33.4306 Z2.52308
G1 X-18.397 Y33.8768 Z2.55385
G1 X-18.9359 Y34.0979 Z2.58462
G1 X-19.5158 Y34.0433 Z2.61538
G1 X-20.0039 Y33.7255 Z2.64615
G1 X-20.2884 Y33.2172 Z2.67692
G1 X-20.304 Y32.6349 Z2.70769
G1 X-20.0473 Y32.1121 Z2.73846
G1 X-19.5771 Y31.7684 Z2.76923
G1 X-19.0009 Y31.6826 Z2.8
G1 X17.607 Y35.13 Z2.8
G1 Z2.4
G1 E.8 F2100
SET_VELOCITY_LIMIT ACCEL=5000
;TYPE:Inner wall
G1 F11798
G1 X-19.475 Y35.13 E1.23007
G1 X-19.475 Y-1.951 E1.23007
G1 X17.607 Y-1.951 E1.23007
G1 X17.607 Y35.09 E1.22874
SET_VELOCITY_LIMIT ACCEL=10000
G1 X18.014 Y35.537 F30000
SET_VELOCITY_LIMIT ACCEL=5000
G1 F11798
G1 X-19.882 Y35.537 E1.25707
G1 X-19.882 Y-2.358 E1.25707
G1 X18.014 Y-2.358 E1.25707
G1 X18.014 Y35.497 E1.25575
SET_VELOCITY_LIMIT ACCEL=10000
G1 X18.421 Y35.944 F30000
SET_VELOCITY_LIMIT ACCEL=5000
G1 F11798
G1 X-20.289 Y35.944 E1.28408
G1 X-20.289 Y-2.766 E1.28408
G1 X18.421 Y-2.766 E1.28408
G1 X18.421 Y35.904 E1.28275
G1 X18.856 Y36.379 F30000
;TYPE:Outer wall
;WIDTH:0.42
G1 F11798
G1 X-20.724 Y36.379 E1.21618
G1 X-20.724 Y-3.201 E1.21618
G1 X18.856 Y-3.201 E1.21618
G1 X18.856 Y36.339 E1.21495
SET_VELOCITY_LIMIT ACCEL=10000
G1 E-.8 F2100
;WIPE_START
G1 F12000
G1 X16.856 Y36.341
;WIPE_END
G1 X9.235 Y35.927 Z2.8 F30000
G1 X-9.267 Y34.919 Z2.8
G1 Z2.4
G1 E.8 F2100
;TYPE:Sparse infill
;WIDTH:0.45
G1 F11798
G1 X-7.638 Y34.919 E.05401
G1 X-8.188 Y34.555 E.02187
G1 X-8.537 Y34.206 E.01638
G1 X-9.911 Y32.133 E.08249
G1 X-10.26 Y31.784 E.01638
G1 X-12.333 Y30.41 E.08249
G1 X-12.682 Y30.061 E.01638
G1 X-14.056 Y27.988 E.08249
G1 X-14.405 Y27.639 E.01638
G1 X-16.478 Y26.265 E.08249
G1 X-16.827 Y25.916 E.01638
G1 X-18.201 Y23.843 E.08249
G1 X-18.55 Y23.494 E.01638
G1 X-19.264 Y23.021 E.0284
G1 X-19.264 Y27.166 E.1375
G1 X-18.55 Y27.639 E.0284
G1 X-18.201 Y27.988 E.01638
G1 X-16.827 Y30.061 E.08249
G1 X-16.478 Y30.41 E.01638
G1 X-14.405 Y31.784 E.08249
G1 X-14.056 Y32.133 E.01638
G1 X-12.682 Y34.206 E.08249
G1 X-12.333 Y34.555 E.01638
G1 X-11.783 Y34.919 E.02187
G1 X-15.928 Y34.919 E.1375
G1 X-16.478 Y34.555 E.02187
G1 X-16.827 Y34.206 E.01638
G1 X-18.201 Y32.133 E.08249
G1 X-18.55 Y31.784 E.01638
G1 X-19.264 Y31.311 E.0284
G1 X-19.264 Y32.939 E.05401
G1 X-19.264 Y20.504 F30000
G1 F11798
G1 X-19.264 Y18.876 E.05401
G1 X-18.55 Y19.349 E.0284
G1 X-18.201 Y19.698 E.01638
G1 X-16.827 Y21.771 E.08249
G1 X-16.478 Y22.12 E.01638
G1 X-14.405 Y23.494 E.08249
G1 X-14.056 Y23.843 E.01638
G1 X-12.682 Y25.916 E.08249
G1 X-12.333 Y26.265 E.01638
G1 X-10.26 Y27.639 E.08249
G1 X-9.911 Y27.988 E.01638
G1 X-8.537 Y30.061 E.08249
G1 X-8.188 Y30.41 E.01638
G1 X-6.115 Y31.784 E.08249
G1 X-5.766 Y32.133 E.01638
G1 X-4.392 Y34.206 E.08249
G1 X-4.043 Y34.555 E.01638
G1 X-3.493 Y34.919 E.02187
G1 X.652 Y34.919 E.1375
G1 X.102 Y34.555 E.02187
G1 X-.247 Y34.206 E.01638
G1 X-1.621 Y32.133 E.08249
G1 X-1.97 Y31.784 E.01638
G1 X-4.043 Y30.41 E.08249
G1 X-4.392 Y30.061 E.01638
G1 X-5.766 Y27.988 E.08249
G1 X-6.115 Y27.639 E.01638
G1 X-8.188 Y26.265 E.08249
G1 X-8.537 Y25.916 E.01638
G1 X-9.911 Y23.843 E.08249
G1 X-10.26 Y23.494 E.01638
G1 X-12.333 Y22.12 E.08249
G1 X-12.682 Y21.771 E.01638
G1 X-14.056 Y19.698 E.08249
G1 X-14.405 Y19.349 E.01638
G1 X-16.478 Y17.975 E.08249
G1 X-16.827 Y17.626 E.01638
G1 X-18.201 Y15.553 E.08249
G1 X-18.55 Y15.204 E.01638
G1 X-19.264 Y14.731 E.0284
G1 X-19.264 Y10.586 E.1375
G1 X-18.55 Y11.059 E.0284
G1 X-18.201 Y11.408 E.01638
G1 X-16.827 Y13.481 E.08249
G1 X-16.478 Y13.83 E.01638
G1 X-14.405 Y15.204 E.08249
G1 X-14.056 Y15.553 E.01638
G1 X-12.682 Y17.626 E.08249
G1 X-12.333 Y17.975 E.01638
G1 X-10.26 Y19.349 E.08249
G1 X-9.911 Y19.698 E.01638
G1 X-8.537 Y21.771 E.08249
G1 X-8.188 Y22.12 E.01638
G1 X-6.115 Y23.494 E.08249
G1 X-5.766 Y23.843 E.01638
G1 X-4.392 Y25.916 E.08249
G1 X-4.043 Y26.265 E.01638
G1 X-1.97 Y27.639 E.08249
G1 X-1.621 Y27.988 E.01638
G1 X-.247 Y30.061 E.08249
G1 X.102 Y30.41 E.01638
G1 X2.175 Y31.784 E.08249
G1 X2.524 Y32.133 E.01638
G1 X3.898 Y34.206 E.08249
G1 X4.247 Y34.555 E.01638
G1 X4.797 Y34.919 E.02187
G1 X8.942 Y34.919 E.1375
G1 X8.392 Y34.555 E.02187
G1 X8.043 Y34.206 E.01638
G1 X6.669 Y32.133 E.08249
G1 X6.32 Y31.784 E.01638
G1 X4.247 Y30.41 E.08249
G1 X3.898 Y30.061 E.01638
G1 X2.524 Y27.988 E.08249
G1 X2.175 Y27.639 E.01638
G1 X.102 Y26.265 E.08249
G1 X-.247 Y25.916 E.01638
G1 X-1.621 Y23.843 E.08249
G1 X-1.97 Y23.494 E.01638
G1 X-4.043 Y22.12 E.08249
G1 X-4.392 Y21.771 E.01638
G1 X-5.766 Y19.698 E.08249
G1 X-6.115 Y19.349 E.01638
G1 X-8.188 Y17.975 E.08249
G1 X-8.537 Y17.626 E.01638
G1 X-9.911 Y15.553 E.08249
G1 X-10.26 Y15.204 E.01638
G1 X-12.333 Y13.83 E.08249
G1 X-12.682 Y13.481 E.01638
G1 X-14.056 Y11.408 E.08249
G1 X-14.405 Y11.059 E.01638
G1 X-16.478 Y9.685 E.08249
G1 X-16.827 Y9.336 E.01638
G1 X-18.201 Y7.263 E.08249
G1 X-18.55 Y6.914 E.01638
G1 X-19.264 Y6.441 E.0284
G1 X-19.264 Y2.296 E.1375
G1 X-18.55 Y2.769 E.0284
G1 X-18.201 Y3.118 E.01638
G1 X-16.827 Y5.191 E.08249
G1 X-16.478 Y5.54 E.01638
G1 X-14.405 Y6.914 E.08249
G1 X-14.056 Y7.263 E.01638
G1 X-12.682 Y9.336 E.08249
G1 X-12.333 Y9.685 E.01638
G1 X-10.26 Y11.059 E.08249
G1 X-9.911 Y11.408 E.01638
G1 X-8.537 Y13.481 E.08249
G1 X-8.188 Y13.83 E.01638
G1 X-6.115 Y15.204 E.08249
G1 X-5.766 Y15.553 E.01638
G1 X-4.392 Y17.626 E.08249
G1 X-4.043 Y17.975 E.01638
G1 X-1.97 Y19.349 E.08249
G1 X-1.621 Y19.698 E.01638
G1 X-.247 Y21.771 E.08249
G1 X.102 Y22.12 E.01638
G1 X2.175 Y23.494 E.08249
G1 X2.524 Y23.843 E.01638
G1 X3.898 Y25.916 E.08249
G1 X4.247 Y26.265 E.01638
G1 X6.32 Y27.639 E.08249
G1 X6.669 Y27.988 E.01638
G1 X8.043 Y30.061 E.08249
G1 X8.392 Y30.41 E.01638
G1 X10.465 Y31.784 E.08249
G1 X10.814 Y32.133 E.01638
G1 X12.188 Y34.206 E.08249
G1 X12.537 Y34.555 E.01638
G1 X13.087 Y34.919 E.02187
G1 X17.232 Y34.919 E.1375
G1 X16.682 Y34.555 E.02187
G1 X16.333 Y34.206 E.01638
G1 X14.959 Y32.133 E.08249
G1 X14.61 Y31.784 E.01638
G1 X12.537 Y30.41 E.08249
G1 X12.188 Y30.061 E.01638
G1 X10.814 Y27.988 E.08249
G1 X10.465 Y27.639 E.01638
G1 X8.392 Y26.265 E.08249
G1 X8.043 Y25.916 E.01638
G1 X6.669 Y23.843 E.08249
G1 X6.32 Y23.494 E.01638
G1 X4.247 Y22.12 E.08249
G1 X3.898 Y21.771 E.01638
G1 X2.524 Y19.698 E.08249
G1 X2.175 Y19.349 E.01638
G1 X.102 Y17.975 E.08249
G1 X-.247 Y17.626 E.01638
G1 X-1.621 Y15.553 E.08249
G1 X-1.97 Y15.204 E.01638
G1 X-4.043 Y13.83 E.08249
G1 X-4.392 Y13.481 E.01638
G1 X-5.766 Y11.408 E.08249
G1 X-6.115 Y11.059 E.01638
G1 X-8.188 Y9.685 E.08249
G1 X-8.537 Y9.336 E.01638
G1 X-9.911 Y7.263 E.08249
G1 X-10.26 Y6.914 E.01638
G1 X-12.333 Y5.54 E.08249
G1 X-12.682 Y5.191 E.01638
G1 X-14.056 Y3.118 E.08249
G1 X-14.405 Y2.769 E.01638
G1 X-16.478 Y1.395 E.08249
G1 X-16.827 Y1.046 E.01638
G1 X-18.201 Y-1.027 E.08249
G1 X-18.55 Y-1.376 E.01638
G1 X-19.1 Y-1.74 E.02187
G1 X-14.955 Y-1.74 E.1375
G1 X-14.405 Y-1.376 E.02187
G1 X-14.056 Y-1.027 E.01638
G1 X-12.682 Y1.046 E.08249
G1 X-12.333 Y1.395 E.01638
G1 X-10.26 Y2.769 E.08249
G1 X-9.911 Y3.118 E.01638
G1 X-8.537 Y5.191 E.08249
G1 X-8.188 Y5.54 E.01638
G1 X-6.115 Y6.914 E.08249
G1 X-5.766 Y7.263 E.01638
G1 X-4.392 Y9.336 E.08249
G1 X-4.043 Y9.685 E.01638
G1 X-1.97 Y11.059 E.08249
G1 X-1.621 Y11.408 E.01638
G1 X-.247 Y13.481 E.08249
G1 X.102 Y13.83 E.01638
G1 X2.175 Y15.204 E.08249
G1 X2.524 Y15.553 E.01638
G1 X3.898 Y17.626 E.08249
G1 X4.247 Y17.975 E.01638
G1 X6.32 Y19.349 E.08249
G1 X6.669 Y19.698 E.01638
G1 X8.043 Y21.771 E.08249
G1 X8.392 Y22.12 E.01638
G1 X10.465 Y23.494 E.08249
G1 X10.814 Y23.843 E.01638
G1 X12.188 Y25.916 E.08249
G1 X12.537 Y26.265 E.01638
G1 X14.61 Y27.639 E.08249
G1 X14.959 Y27.988 E.01638
G1 X16.333 Y30.061 E.08249
G1 X16.682 Y30.41 E.01638
G1 X17.396 Y30.883 E.0284
G1 X17.396 Y26.738 E.1375
G1 X16.682 Y26.265 E.0284
G1 X16.333 Y25.916 E.01638
G1 X14.959 Y23.843 E.08249
G1 X14.61 Y23.494 E.01638
G1 X12.537 Y22.12 E.08249
G1 X12.188 Y21.771 E.01638
G1 X10.814 Y19.698 E.08249
G1 X10.465 Y19.349 E.01638
G1 X8.392 Y17.975 E.08249
G1 X8.043 Y17.626 E.01638
G1 X6.669 Y15.553 E.08249
G1 X6.32 Y15.204 E.01638
G1 X4.247 Y13.83 E.08249
G1 X3.898 Y13.481 E.01638
G1 X2.524 Y11.408 E.08249
G1 X2.175 Y11.059 E.01638
G1 X.102 Y9.685 E.08249
G1 X-.247 Y9.336 E.01638
G1 X-1.621 Y7.263 E.08249
G1 X-1.97 Y6.914 E.01638
G1 X-4.043 Y5.54 E.08249
G1 X-4.392 Y5.191 E.01638
G1 X-5.766 Y3.118 E.08249
G1 X-6.115 Y2.769 E.01638
G1 X-8.188 Y1.395 E.08249
G1 X-8.537 Y1.046 E.01638
G1 X-9.911 Y-1.027 E.08249
G1 X-10.26 Y-1.376 E.01638
G1 X-10.81 Y-1.74 E.02187
G1 X-6.665 Y-1.74 E.1375
G1 X-6.115 Y-1.376 E.02187
G1 X-5.766 Y-1.027 E.01638
G1 X-4.392 Y1.046 E.08249
G1 X-4.043 Y1.395 E.01638
G1 X-1.97 Y2.769 E.08249
G1 X-1.621 Y3.118 E.01638
G1 X-.247 Y5.191 E.08249
G1 X.102 Y5.54 E.01638
G1 X2.175 Y6.914 E.08249
G1 X2.524 Y7.263 E.01638
G1 X3.898 Y9.336 E.08249
G1 X4.247 Y9.685 E.01638
G1 X6.32 Y11.059 E.08249
G1 X6.669 Y11.408 E.01638
G1 X8.043 Y13.481 E.08249
G1 X8.392 Y13.83 E.01638
G1 X10.465 Y15.204 E.08249
G1 X10.814 Y15.553 E.01638
G1 X12.188 Y17.626 E.08249
G1 X12.537 Y17.975 E.01638
G1 X14.61 Y19.349 E.08249
G1 X14.959 Y19.698 E.01638
G1 X16.333 Y21.771 E.08249
G1 X16.682 Y22.12 E.01638
G1 X17.396 Y22.593 E.0284
G1 X17.396 Y18.448 E.1375
G1 X16.682 Y17.975 E.0284
G1 X16.333 Y17.626 E.01638
G1 X14.959 Y15.553 E.08249
G1 X14.61 Y15.204 E.01638
G1 X12.537 Y13.83 E.08249
G1 X12.188 Y13.481 E.01638
G1 X10.814 Y11.408 E.08249
G1 X10.465 Y11.059 E.01638
G1 X8.392 Y9.685 E.08249
G1 X8.043 Y9.336 E.01638
G1 X6.669 Y7.263 E.08249
G1 X6.32 Y6.914 E.01638
G1 X4.247 Y5.54 E.08249
G1 X3.898 Y5.191 E.01638
G1 X2.524 Y3.118 E.08249
G1 X2.175 Y2.769 E.01638
G1 X.102 Y1.395 E.08249
G1 X-.247 Y1.046 E.01638
G1 X-1.621 Y-1.027 E.08249
G1 X-1.97 Y-1.376 E.01638
G1 X-2.52 Y-1.74 E.02187
G1 X1.625 Y-1.74 E.1375
G1 X2.175 Y-1.376 E.02187
G1 X2.524 Y-1.027 E.01638
G1 X3.898 Y1.046 E.08249
G1 X4.247 Y1.395 E.01638
G1 X6.32 Y2.769 E.08249
G1 X6.669 Y3.118 E.01638
G1 X8.043 Y5.191 E.08249
G1 X8.392 Y5.54 E.01638
G1 X10.465 Y6.914 E.08249
G1 X10.814 Y7.263 E.01638
G1 X12.188 Y9.336 E.08249
G1 X12.537 Y9.685 E.01638
G1 X14.61 Y11.059 E.08249
G1 X14.959 Y11.408 E.01638
G1 X16.333 Y13.481 E.08249
G1 X16.682 Y13.83 E.01638
G1 X17.396 Y14.303 E.0284
G1 X17.396 Y10.158 E.1375
G1 X16.682 Y9.685 E.0284
G1 X16.333 Y9.336 E.01638
G1 X14.959 Y7.263 E.08249
G1 X14.61 Y6.914 E.01638
G1 X12.537 Y5.54 E.08249
G1 X12.188 Y5.191 E.01638
G1 X10.814 Y3.118 E.08249
G1 X10.465 Y2.769 E.01638
G1 X8.392 Y1.395 E.08249
G1 X8.043 Y1.046 E.01638
G1 X6.669 Y-1.027 E.08249
G1 X6.32 Y-1.376 E.01638
G1 X5.77 Y-1.74 E.02187
G1 X9.915 Y-1.74 E.1375
G1 X10.465 Y-1.376 E.02187
G1 X10.814 Y-1.027 E.01638
G1 X12.188 Y1.046 E.08249
G1 X12.537 Y1.395 E.01638
G1 X14.61 Y2.769 E.08249
G1 X14.959 Y3.118 E.01638
G1 X16.333 Y5.191 E.08249
G1 X16.682 Y5.54 E.01638
G1 X17.396 Y6.013 E.0284
G1 X17.396 Y1.868 E.1375
G1 X16.682 Y1.395 E.0284
G1 X16.333 Y1.046 E.01638
G1 X14.959 Y-1.027 E.08249
G1 X14.61 Y-1.376 E.01638
G1 X14.06 Y-1.74 E.02187
G1 X15.689 Y-1.74 E.05401
;LAYER_CHANGE
;Z:2.6
;HEIGHT:0.2
;BEFORE_LAYER_CHANGE
;2.6
G1 E-.8 F2100
;WIPE_START
G1 F16200
G1 X14.06 Y-1.74
G1 X14.37 Y-1.535
;WIPE_END
;AFTER_LAYER_CHANGE
;2.6
;_SET_FAN_SPEED_CHANGING_LAYER
G1 F30000
G1 X14.2811 Y-0.959332 Z2.63077
G1 X13.9347 Y-0.491065 Z2.66154
G1 X13.4103 Y-0.237425 Z2.69231
G1 X12.8282 Y-0.256516 Z2.72308
G1 X12.3216 Y-0.543966 Z2.75385
G1 X12.0066 Y-1.03392 Z2.78462
G1 X11.9554 Y-1.61414 Z2.81538
G1 X12.1796 Y-2.15171 Z2.84615
G1 X12.6281 Y-2.52346 Z2.87692
G1 X13.1979 Y-2.64425 Z2.90769
G1 X13.7586 Y-2.48639 Z2.93846
M73 P18 R15
G1 X14.1816 Y-2.08605 Z2.96923
G1 X14.3702 Y-1.53495 Z3
G1 X17.607 Y35.13 Z3
G1 Z2.6
G1 E.8 F2100
SET_VELOCITY_LIMIT ACCEL=5000
;TYPE:Inner wall
G1 F12144
G1 X-19.475 Y35.13 E1.23007
G1 X-19.475 Y-1.951 E1.23007
G1 X17.607 Y-1.951 E1.23007
G1 X17.607 Y35.09 E1.22874
SET_VELOCITY_LIMIT ACCEL=10000
G1 X18.014 Y35.537 F30000
SET_VELOCITY_LIMIT ACCEL=5000
G1 F12144
G1 X-19.882 Y35.537 E1.25707
G1 X-19.882 Y-2.358 E1.25707
G1 X18.014 Y-2.358 E1.25707
G1 X18.014 Y35.497 E1.25575
SET_VELOCITY_LIMIT ACCEL=10000
G1 X18.421 Y35.944 F30000
SET_VELOCITY_LIMIT ACCEL=5000
G1 F12144
G1 X-20.289 Y35.944 E1.28408
G1 X-20.289 Y-2.766 E1.28408
G1 X18.421 Y-2.766 E1.28408
G1 X18.421 Y35.904 E1.28275
G1 X18.856 Y36.379 F30000
;TYPE:Outer wall
;WIDTH:0.42
G1 F12000
G1 X-20.724 Y36.379 E1.21618
G1 X-20.724 Y-3.201 E1.21618
G1 X18.856 Y-3.201 E1.21618
G1 X18.856 Y36.339 E1.21495
SET_VELOCITY_LIMIT ACCEL=10000
G1 E-.8 F2100
;WIPE_START
G1 F12000
G1 X16.856 Y36.341
;WIPE_END
G1 X17.396 Y32.621 Z3 F30000
G1 Z2.6
G1 E.8 F2100
;TYPE:Sparse infill
;WIDTH:0.45
G1 F12144
G1 X17.396 Y30.993 E.05401
G1 X16.682 Y30.763 E.02486
G1 X15.98 Y30.061 E.03297
G1 X15.313 Y27.988 E.07222
G1 X14.61 Y27.286 E.03297
G1 X12.537 Y26.618 E.07222
G1 X11.835 Y25.916 E.03297
G1 X11.168 Y23.843 E.07222
G1 X10.465 Y23.141 E.03297
G1 X8.392 Y22.473 E.07222
G1 X7.69 Y21.771 E.03297
G1 X7.023 Y19.698 E.07222
G1 X6.32 Y18.995 E.03297
G1 X4.247 Y18.328 E.07222
G1 X3.545 Y17.626 E.03297
G1 X2.878 Y15.553 E.07222
G1 X2.175 Y14.85 E.03297
G1 X.102 Y14.183 E.07222
G1 X-.6 Y13.481 E.03297
G1 X-1.267 Y11.408 E.07222
G1 X-1.97 Y10.705 E.03297
G1 X-4.043 Y10.038 E.07222
G1 X-4.745 Y9.336 E.03297
G1 X-5.412 Y7.263 E.07222
G1 X-6.115 Y6.56 E.03297
G1 X-8.188 Y5.893 E.07222
G1 X-8.89 Y5.191 E.03297
G1 X-9.558 Y3.118 E.07222
G1 X-10.26 Y2.415 E.03297
G1 X-12.333 Y1.748 E.07222
G1 X-13.035 Y1.046 E.03297
G1 X-13.703 Y-1.027 E.07222
G1 X-14.405 Y-1.73 E.03297
G1 X-14.439 Y-1.74 E.00116
G1 X-10.26 Y-1.73 E.1386
G1 X-9.558 Y-1.027 E.03297
G1 X-8.89 Y1.046 E.07222
G1 X-8.188 Y1.748 E.03297
G1 X-6.115 Y2.415 E.07222
G1 X-5.412 Y3.118 E.03297
G1 X-4.745 Y5.191 E.07222
G1 X-4.043 Y5.893 E.03297
G1 X-1.97 Y6.56 E.07222
G1 X-1.267 Y7.263 E.03297
G1 X-.6 Y9.336 E.07222
G1 X.102 Y10.038 E.03297
G1 X2.175 Y10.705 E.07222
G1 X2.878 Y11.408 E.03297
G1 X3.545 Y13.481 E.07222
G1 X4.247 Y14.183 E.03297
G1 X6.32 Y14.85 E.07222
G1 X7.023 Y15.553 E.03297
G1 X7.69 Y17.626 E.07222
G1 X8.392 Y18.328 E.03297
G1 X10.465 Y18.995 E.07222
G1 X11.168 Y19.698 E.03297
G1 X11.835 Y21.771 E.07222
G1 X12.537 Y22.473 E.03297
G1 X14.61 Y23.141 E.07222
G1 X15.313 Y23.843 E.03297
G1 X15.98 Y25.916 E.07222
G1 X16.682 Y26.618 E.03297
G1 X17.396 Y26.848 E.02486
G1 X17.396 Y22.703 E.1375
G1 X16.682 Y22.473 E.02486
G1 X15.98 Y21.771 E.03297
G1 X15.313 Y19.698 E.07222
G1 X14.61 Y18.995 E.03297
G1 X12.537 Y18.328 E.07222
G1 X11.835 Y17.626 E.03297
G1 X11.168 Y15.553 E.07222
G1 X10.465 Y14.85 E.03297
G1 X8.392 Y14.183 E.07222
G1 X7.69 Y13.481 E.03297
G1 X7.023 Y11.408 E.07222
G1 X6.32 Y10.705 E.03297
G1 X4.247 Y10.038 E.07222
G1 X3.545 Y9.336 E.03297
G1 X2.878 Y7.263 E.07222
G1 X2.175 Y6.56 E.03297
G1 X.102 Y5.893 E.07222
G1 X-.6 Y5.191 E.03297
G1 X-1.267 Y3.118 E.07222
G1 X-1.97 Y2.415 E.03297
G1 X-4.043 Y1.748 E.07222
G1 X-4.745 Y1.046 E.03297
G1 X-5.412 Y-1.027 E.07222
G1 X-6.115 Y-1.73 E.03297
G1 X-6.149 Y-1.74 E.00116
G1 X-1.97 Y-1.73 E.1386
G1 X-1.267 Y-1.027 E.03297
G1 X-.6 Y1.046 E.07222
G1 X.102 Y1.748 E.03297
G1 X2.175 Y2.415 E.07222
G1 X2.878 Y3.118 E.03297
G1 X3.545 Y5.191 E.07222
G1 X4.247 Y5.893 E.03297
G1 X6.32 Y6.56 E.07222
G1 X7.023 Y7.263 E.03297
G1 X7.69 Y9.336 E.07222
G1 X8.392 Y10.038 E.03297
G1 X10.465 Y10.705 E.07222
G1 X11.168 Y11.408 E.03297
G1 X11.835 Y13.481 E.07222
G1 X12.537 Y14.183 E.03297
G1 X14.61 Y14.85 E.07222
G1 X15.313 Y15.553 E.03297
G1 X15.98 Y17.626 E.07222
G1 X16.682 Y18.328 E.03297
G1 X17.396 Y18.558 E.02486
G1 X17.396 Y14.413 E.1375
G1 X16.682 Y14.183 E.02486
G1 X15.98 Y13.481 E.03297
G1 X15.313 Y11.408 E.07222
G1 X14.61 Y10.705 E.03297
G1 X12.537 Y10.038 E.07222
G1 X11.835 Y9.336 E.03297
G1 X11.168 Y7.263 E.07222
G1 X10.465 Y6.56 E.03297
G1 X8.392 Y5.893 E.07222
G1 X7.69 Y5.191 E.03297
G1 X7.023 Y3.118 E.07222
G1 X6.32 Y2.415 E.03297
G1 X4.247 Y1.748 E.07222
G1 X3.545 Y1.046 E.03297
G1 X2.878 Y-1.027 E.07222
G1 X2.175 Y-1.73 E.03297
G1 X2.141 Y-1.74 E.00116
G1 X3.77 Y-1.74 E.05401
G1 X16.205 Y-1.74 F30000
G1 F12144
G1 X14.577 Y-1.74 E.05401
G1 X14.61 Y-1.73 E.00116
G1 X15.313 Y-1.027 E.03297
G1 X15.98 Y1.046 E.07222
G1 X16.682 Y1.748 E.03297
G1 X17.396 Y1.978 E.02486
G1 X17.396 Y6.123 E.1375
G1 X16.682 Y5.893 E.02486
G1 X15.98 Y5.191 E.03297
G1 X15.313 Y3.118 E.07222
G1 X14.61 Y2.415 E.03297
G1 X12.537 Y1.748 E.07222
G1 X11.835 Y1.046 E.03297
G1 X11.168 Y-1.027 E.07222
G1 X10.465 Y-1.73 E.03297
G1 X6.286 Y-1.74 E.1386
G1 X6.32 Y-1.73 E.00116
G1 X7.023 Y-1.027 E.03297
G1 X7.69 Y1.046 E.07222
G1 X8.392 Y1.748 E.03297
G1 X10.465 Y2.415 E.07222
G1 X11.168 Y3.118 E.03297
G1 X11.835 Y5.191 E.07222
G1 X12.537 Y5.893 E.03297
G1 X14.61 Y6.56 E.07222
G1 X15.313 Y7.263 E.03297
G1 X15.98 Y9.336 E.07222
G1 X16.682 Y10.038 E.03297
G1 X17.396 Y10.268 E.02486
G1 X17.396 Y11.896 E.05401
G1 X-9.783 Y34.919 F30000
G1 F12144
G1 X-8.154 Y34.919 E.05401
G1 X-8.188 Y34.909 E.00116
G1 X-8.89 Y34.206 E.03297
G1 X-9.558 Y32.133 E.07222
G1 X-10.26 Y31.431 E.03297
G1 X-12.333 Y30.763 E.07222
G1 X-13.035 Y30.061 E.03297
G1 X-13.703 Y27.988 E.07222
G1 X-14.405 Y27.286 E.03297
G1 X-16.478 Y26.618 E.07222
G1 X-17.18 Y25.916 E.03297
G1 X-17.848 Y23.843 E.07222
G1 X-18.55 Y23.141 E.03297
G1 X-19.264 Y22.911 E.02486
G1 X-19.264 Y27.056 E.1375
G1 X-18.55 Y27.286 E.02486
G1 X-17.848 Y27.988 E.03297
G1 X-17.18 Y30.061 E.07222
G1 X-16.478 Y30.763 E.03297
G1 X-14.405 Y31.431 E.07222
G1 X-13.703 Y32.133 E.03297
G1 X-13.035 Y34.206 E.07222
G1 X-12.333 Y34.909 E.03297
G1 X-12.299 Y34.919 E.00116
G1 X-16.478 Y34.909 E.13861
G1 X-17.18 Y34.206 E.03297
G1 X-17.848 Y32.133 E.07222
G1 X-18.55 Y31.431 E.03297
G1 X-19.264 Y31.201 E.02486
G1 X-19.264 Y32.829 E.05401
G1 X-19.264 Y20.394 F30000
G1 F12144
G1 X-19.264 Y18.766 E.05401
G1 X-18.55 Y18.995 E.02486
G1 X-17.848 Y19.698 E.03297
G1 X-17.18 Y21.771 E.07222
G1 X-16.478 Y22.473 E.03297
G1 X-14.405 Y23.141 E.07222
G1 X-13.703 Y23.843 E.03297
G1 X-13.035 Y25.916 E.07222
G1 X-12.333 Y26.618 E.03297
G1 X-10.26 Y27.286 E.07222
G1 X-9.558 Y27.988 E.03297
G1 X-8.89 Y30.061 E.07222
G1 X-8.188 Y30.763 E.03297
G1 X-6.115 Y31.431 E.07222
G1 X-5.412 Y32.133 E.03297
G1 X-4.745 Y34.206 E.07222
G1 X-4.043 Y34.909 E.03297
G1 X.136 Y34.919 E.13861
G1 X.102 Y34.909 E.00116
G1 X-.6 Y34.206 E.03297
G1 X-1.267 Y32.133 E.07222
G1 X-1.97 Y31.431 E.03297
G1 X-4.043 Y30.763 E.07222
G1 X-4.745 Y30.061 E.03297
G1 X-5.412 Y27.988 E.07222
G1 X-6.115 Y27.286 E.03297
G1 X-8.188 Y26.618 E.07222
G1 X-8.89 Y25.916 E.03297
G1 X-9.558 Y23.843 E.07222
G1 X-10.26 Y23.141 E.03297
G1 X-12.333 Y22.473 E.07222
G1 X-13.035 Y21.771 E.03297
G1 X-13.703 Y19.698 E.07222
G1 X-14.405 Y18.995 E.03297
G1 X-16.478 Y18.328 E.07222
G1 X-17.18 Y17.626 E.03297
G1 X-17.848 Y15.553 E.07222
G1 X-18.55 Y14.85 E.03297
G1 X-19.264 Y14.621 E.02486
G1 X-19.264 Y10.476 E.1375
G1 X-18.55 Y10.705 E.02486
G1 X-17.848 Y11.408 E.03297
G1 X-17.18 Y13.481 E.07222
G1 X-16.478 Y14.183 E.03297
G1 X-14.405 Y14.85 E.07222
G1 X-13.703 Y15.553 E.03297
G1 X-13.035 Y17.626 E.07222
G1 X-12.333 Y18.328 E.03297
G1 X-10.26 Y18.995 E.07222
G1 X-9.558 Y19.698 E.03297
G1 X-8.89 Y21.771 E.07222
G1 X-8.188 Y22.473 E.03297
G1 X-6.115 Y23.141 E.07222
G1 X-5.412 Y23.843 E.03297
G1 X-4.745 Y25.916 E.07222
G1 X-4.043 Y26.618 E.03297
G1 X-1.97 Y27.286 E.07222
G1 X-1.267 Y27.988 E.03297
G1 X-.6 Y30.061 E.07222
G1 X.102 Y30.763 E.03297
G1 X2.175 Y31.431 E.07222
G1 X2.878 Y32.133 E.03297
G1 X3.545 Y34.206 E.07222
G1 X4.247 Y34.909 E.03297
G1 X8.426 Y34.919 E.13861
G1 X8.392 Y34.909 E.00116
G1 X7.69 Y34.206 E.03297
G1 X7.023 Y32.133 E.07222
G1 X6.32 Y31.431 E.03297
G1 X4.247 Y30.763 E.07222
G1 X3.545 Y30.061 E.03297
G1 X2.878 Y27.988 E.07222
G1 X2.175 Y27.286 E.03297
G1 X.102 Y26.618 E.07222
G1 X-.6 Y25.916 E.03297
G1 X-1.267 Y23.843 E.07222
G1 X-1.97 Y23.141 E.03297
G1 X-4.043 Y22.473 E.07222
G1 X-4.745 Y21.771 E.03297
G1 X-5.412 Y19.698 E.07222
G1 X-6.115 Y18.995 E.03297
G1 X-8.188 Y18.328 E.07222
G1 X-8.89 Y17.626 E.03297
G1 X-9.558 Y15.553 E.07222
G1 X-10.26 Y14.85 E.03297
G1 X-12.333 Y14.183 E.07222
G1 X-13.035 Y13.481 E.03297
G1 X-13.703 Y11.408 E.07222
G1 X-14.405 Y10.705 E.03297
G1 X-16.478 Y10.038 E.07222
G1 X-17.18 Y9.336 E.03297
G1 X-17.848 Y7.263 E.07222
G1 X-18.55 Y6.56 E.03297
G1 X-19.264 Y6.331 E.02486
G1 X-19.264 Y2.186 E.1375
G1 X-18.55 Y2.415 E.02486
G1 X-17.848 Y3.118 E.03297
G1 X-17.18 Y5.191 E.07222
G1 X-16.478 Y5.893 E.03297
G1 X-14.405 Y6.56 E.07222
G1 X-13.703 Y7.263 E.03297
G1 X-13.035 Y9.336 E.07222
G1 X-12.333 Y10.038 E.03297
G1 X-10.26 Y10.705 E.07222
G1 X-9.558 Y11.408 E.03297
G1 X-8.89 Y13.481 E.07222
G1 X-8.188 Y14.183 E.03297
G1 X-6.115 Y14.85 E.07222
G1 X-5.412 Y15.553 E.03297
G1 X-4.745 Y17.626 E.07222
G1 X-4.043 Y18.328 E.03297
G1 X-1.97 Y18.995 E.07222
G1 X-1.267 Y19.698 E.03297
G1 X-.6 Y21.771 E.07222
G1 X.102 Y22.473 E.03297
G1 X2.175 Y23.141 E.07222
G1 X2.878 Y23.843 E.03297
G1 X3.545 Y25.916 E.07222
G1 X4.247 Y26.618 E.03297
G1 X6.32 Y27.286 E.07222
G1 X7.023 Y27.988 E.03297
G1 X7.69 Y30.061 E.07222
G1 X8.392 Y30.763 E.03297
G1 X10.465 Y31.431 E.07222
G1 X11.168 Y32.133 E.03297
G1 X11.835 Y34.206 E.07222
G1 X12.537 Y34.909 E.03297
G1 X16.716 Y34.919 E.13861
G1 X16.682 Y34.909 E.00116
G1 X15.98 Y34.206 E.03297
G1 X15.313 Y32.133 E.07222
G1 X14.61 Y31.431 E.03297
G1 X12.537 Y30.763 E.07222
G1 X11.835 Y30.061 E.03297
G1 X11.168 Y27.988 E.07222
G1 X10.465 Y27.286 E.03297
G1 X8.392 Y26.618 E.07222
G1 X7.69 Y25.916 E.03297
G1 X7.023 Y23.843 E.07222
G1 X6.32 Y23.141 E.03297
G1 X4.247 Y22.473 E.07222
G1 X3.545 Y21.771 E.03297
G1 X2.878 Y19.698 E.07222
G1 X2.175 Y18.995 E.03297
G1 X.102 Y18.328 E.07222
G1 X-.6 Y17.626 E.03297
G1 X-1.267 Y15.553 E.07222
G1 X-1.97 Y14.85 E.03297
M73 P19 R15
G1 X-4.043 Y14.183 E.07222
G1 X-4.745 Y13.481 E.03297
G1 X-5.412 Y11.408 E.07222
G1 X-6.115 Y10.705 E.03297
G1 X-8.188 Y10.038 E.07222
G1 X-8.89 Y9.336 E.03297
G1 X-9.558 Y7.263 E.07222
G1 X-10.26 Y6.56 E.03297
G1 X-12.333 Y5.893 E.07222
G1 X-13.035 Y5.191 E.03297
G1 X-13.703 Y3.118 E.07222
G1 X-14.405 Y2.415 E.03297
G1 X-16.478 Y1.748 E.07222
G1 X-17.18 Y1.046 E.03297
G1 X-17.848 Y-1.027 E.07222
G1 X-18.55 Y-1.73 E.03297
G1 X-19.264 Y-1.74 E.02367
G1 X-19.264 Y-.792 E.03145
;LAYER_CHANGE
;Z:2.8
;HEIGHT:0.2
;BEFORE_LAYER_CHANGE
;2.8
G1 E-.8 F2100
;WIPE_START
G1 F16200
G1 X-19.264 Y-1.74
G1 X-18.55 Y-1.73
G1 X-18.311 Y-1.49
;WIPE_END
;AFTER_LAYER_CHANGE
;2.8
;_SET_FAN_SPEED_CHANGING_LAYER
G1 F30000
G1 X-18.0146 Y-0.989066 Z2.83077
G1 X-17.9851 Y-0.407338 Z2.86154
G1 X-18.2293 Y0.121482 Z2.89231
G1 X-18.6912 Y0.476248 Z2.92308
G1 X-19.2652 Y0.575688 Z2.95385
G1 X-19.8196 Y0.39702 Z2.98462
G1 X-20.2274 Y-0.018824 Z3.01538
G1 X-20.3953 Y-0.57658 Z3.04615
G1 X-20.2848 Y-1.14847 Z3.07692
G1 X-19.9211 Y-1.60349 Z3.10769
G1 X-19.3877 Y-1.83739 Z3.13846
G1 X-18.8066 Y-1.79659 Z3.16923
G1 X-18.3111 Y-1.49044 Z3.2
G1 X17.607 Y35.13 Z3.2
G1 Z2.8
G1 E.8 F2100
SET_VELOCITY_LIMIT ACCEL=5000
;TYPE:Inner wall
G1 F12719
G1 X-19.475 Y35.13 E1.23007
G1 X-19.475 Y-1.951 E1.23007
G1 X17.607 Y-1.951 E1.23007
G1 X17.607 Y35.09 E1.22874
SET_VELOCITY_LIMIT ACCEL=10000
G1 X18.014 Y35.537 F30000
SET_VELOCITY_LIMIT ACCEL=5000
G1 F12719
G1 X-19.882 Y35.537 E1.25707
G1 X-19.882 Y-2.358 E1.25707
G1 X18.014 Y-2.358 E1.25707
G1 X18.014 Y35.497 E1.25575
SET_VELOCITY_LIMIT ACCEL=10000
G1 X18.421 Y35.944 F30000
SET_VELOCITY_LIMIT ACCEL=5000
G1 F12719
G1 X-20.289 Y35.944 E1.28408
G1 X-20.289 Y-2.766 E1.28408
G1 X18.421 Y-2.766 E1.28408
G1 X18.421 Y35.904 E1.28275
G1 X18.856 Y36.379 F30000
;TYPE:Outer wall
;WIDTH:0.42
G1 F12000
G1 X-20.724 Y36.379 E1.21618
G1 X-20.724 Y-3.201 E1.21618
G1 X18.856 Y-3.201 E1.21618
G1 X18.856 Y36.339 E1.21495
SET_VELOCITY_LIMIT ACCEL=10000
G1 E-.8 F2100
;WIPE_START
G1 F12000
G1 X16.856 Y36.341
;WIPE_END
G1 X9.678 Y34.919 Z3.2 F30000
G1 Z2.8
G1 E.8 F2100
;TYPE:Sparse infill
;WIDTH:0.45
G1 F12719
G1 X8.05 Y34.919 E.05401
G1 X7.336 Y34.206 E.03347
G1 X7.376 Y32.133 E.06876
G1 X6.32 Y31.077 E.04955
G1 X4.247 Y31.117 E.06876
G1 X3.191 Y30.061 E.04955
G1 X3.231 Y27.988 E.06876
G1 X2.175 Y26.932 E.04955
G1 X.102 Y26.972 E.06876
G1 X-.954 Y25.916 E.04955
G1 X-.914 Y23.843 E.06876
G1 X-1.97 Y22.787 E.04955
G1 X-4.043 Y22.827 E.06876
G1 X-5.099 Y21.771 E.04955
G1 X-5.059 Y19.698 E.06876
G1 X-6.115 Y18.642 E.04955
G1 X-8.188 Y18.682 E.06876
G1 X-9.244 Y17.626 E.04955
G1 X-9.204 Y15.553 E.06876
G1 X-10.26 Y14.497 E.04955
G1 X-12.333 Y14.537 E.06876
G1 X-13.389 Y13.481 E.04955
G1 X-13.349 Y11.408 E.06876
G1 X-14.405 Y10.352 E.04955
G1 X-16.478 Y10.392 E.06876
G1 X-17.534 Y9.336 E.04955
G1 X-17.494 Y7.263 E.06876
G1 X-18.55 Y6.207 E.04955
G1 X-19.264 Y6.221 E.02367
G1 X-19.264 Y10.366 E.1375
G1 X-18.55 Y10.352 E.02367
G1 X-17.494 Y11.408 E.04955
G1 X-17.534 Y13.481 E.06876
G1 X-16.478 Y14.537 E.04955
G1 X-14.405 Y14.497 E.06876
G1 X-13.349 Y15.553 E.04955
G1 X-13.389 Y17.626 E.06876
G1 X-12.333 Y18.682 E.04955
G1 X-10.26 Y18.642 E.06876
G1 X-9.204 Y19.698 E.04955
G1 X-9.244 Y21.771 E.06876
G1 X-8.188 Y22.827 E.04955
G1 X-6.115 Y22.787 E.06876
G1 X-5.059 Y23.843 E.04955
G1 X-5.099 Y25.916 E.06876
G1 X-4.043 Y26.972 E.04955
G1 X-1.97 Y26.932 E.06876
G1 X-.914 Y27.988 E.04955
G1 X-.954 Y30.061 E.06876
G1 X.102 Y31.117 E.04955
G1 X2.175 Y31.077 E.06876
G1 X3.231 Y32.133 E.04955
G1 X3.191 Y34.206 E.06876
G1 X3.905 Y34.919 E.03347
G1 X5.533 Y34.919 E.05401
G1 X-18.449 Y34.919 F30000
G1 F12719
G1 X-16.821 Y34.919 E.05401
G1 X-17.534 Y34.206 E.03347
G1 X-17.494 Y32.133 E.06876
G1 X-18.55 Y31.077 E.04955
G1 X-19.264 Y31.091 E.02367
G1 X-19.264 Y26.946 E.1375
G1 X-18.55 Y26.932 E.02367
G1 X-17.494 Y27.988 E.04955
G1 X-17.534 Y30.061 E.06876
G1 X-16.478 Y31.117 E.04955
G1 X-14.405 Y31.077 E.06876
G1 X-13.349 Y32.133 E.04955
G1 X-13.389 Y34.206 E.06876
G1 X-12.676 Y34.919 E.03347
G1 X-8.531 Y34.919 E.1375
G1 X-9.244 Y34.206 E.03347
G1 X-9.204 Y32.133 E.06876
G1 X-10.26 Y31.077 E.04955
G1 X-12.333 Y31.117 E.06876
G1 X-13.389 Y30.061 E.04955
G1 X-13.349 Y27.988 E.06876
G1 X-14.405 Y26.932 E.04955
G1 X-16.478 Y26.972 E.06876
G1 X-17.534 Y25.916 E.04955
G1 X-17.494 Y23.843 E.06876
G1 X-18.55 Y22.787 E.04955
G1 X-19.264 Y22.801 E.02367
G1 X-19.264 Y18.656 E.1375
G1 X-18.55 Y18.642 E.02367
G1 X-17.494 Y19.698 E.04955
G1 X-17.534 Y21.771 E.06876
G1 X-16.478 Y22.827 E.04955
G1 X-14.405 Y22.787 E.06876
G1 X-13.349 Y23.843 E.04955
G1 X-13.389 Y25.916 E.06876
G1 X-12.333 Y26.972 E.04955
G1 X-10.26 Y26.932 E.06876
G1 X-9.204 Y27.988 E.04955
G1 X-9.244 Y30.061 E.06876
G1 X-8.188 Y31.117 E.04955
G1 X-6.115 Y31.077 E.06876
G1 X-5.059 Y32.133 E.04955
G1 X-5.099 Y34.206 E.06876
G1 X-4.386 Y34.919 E.03347
G1 X-.24 Y34.919 E.1375
G1 X-.954 Y34.206 E.03347
G1 X-.914 Y32.133 E.06876
G1 X-1.97 Y31.077 E.04955
G1 X-4.043 Y31.117 E.06876
G1 X-5.099 Y30.061 E.04955
G1 X-5.059 Y27.988 E.06876
G1 X-6.115 Y26.932 E.04955
G1 X-8.188 Y26.972 E.06876
G1 X-9.244 Y25.916 E.04955
G1 X-9.204 Y23.843 E.06876
G1 X-10.26 Y22.787 E.04955
G1 X-12.333 Y22.827 E.06876
G1 X-13.389 Y21.771 E.04955
G1 X-13.349 Y19.698 E.06876
G1 X-14.405 Y18.642 E.04955
G1 X-16.478 Y18.682 E.06876
G1 X-17.534 Y17.626 E.04955
G1 X-17.494 Y15.553 E.06876
G1 X-18.55 Y14.497 E.04955
G1 X-19.264 Y14.511 E.02367
G1 X-19.264 Y12.882 E.05401
G1 X-19.264 Y.447 F30000
G1 F12719
G1 X-19.264 Y2.076 E.05401
G1 X-18.55 Y2.062 E.02367
G1 X-17.494 Y3.118 E.04955
G1 X-17.534 Y5.191 E.06876
G1 X-16.478 Y6.247 E.04955
G1 X-14.405 Y6.207 E.06876
G1 X-13.349 Y7.263 E.04955
G1 X-13.389 Y9.336 E.06876
G1 X-12.333 Y10.392 E.04955
G1 X-10.26 Y10.352 E.06876
G1 X-9.204 Y11.408 E.04955
G1 X-9.244 Y13.481 E.06876
G1 X-8.188 Y14.537 E.04955
G1 X-6.115 Y14.497 E.06876
G1 X-5.059 Y15.553 E.04955
G1 X-5.099 Y17.626 E.06876
G1 X-4.043 Y18.682 E.04955
G1 X-1.97 Y18.642 E.06876
G1 X-.914 Y19.698 E.04955
G1 X-.954 Y21.771 E.06876
G1 X.102 Y22.827 E.04955
G1 X2.175 Y22.787 E.06876
G1 X3.231 Y23.843 E.04955
G1 X3.191 Y25.916 E.06876
G1 X4.247 Y26.972 E.04955
G1 X6.32 Y26.932 E.06876
G1 X7.376 Y27.988 E.04955
G1 X7.336 Y30.061 E.06876
G1 X8.392 Y31.117 E.04955
G1 X10.465 Y31.077 E.06876
G1 X11.521 Y32.133 E.04955
G1 X11.481 Y34.206 E.06876
G1 X12.195 Y34.919 E.03347
G1 X16.34 Y34.919 E.1375
G1 X15.626 Y34.206 E.03347
G1 X15.666 Y32.133 E.06876
G1 X14.61 Y31.077 E.04955
G1 X12.537 Y31.117 E.06876
G1 X11.481 Y30.061 E.04955
G1 X11.521 Y27.988 E.06876
G1 X10.465 Y26.932 E.04955
G1 X8.392 Y26.972 E.06876
G1 X7.336 Y25.916 E.04955
G1 X7.376 Y23.843 E.06876
G1 X6.32 Y22.787 E.04955
G1 X4.247 Y22.827 E.06876
G1 X3.191 Y21.771 E.04955
G1 X3.231 Y19.698 E.06876
G1 X2.175 Y18.642 E.04955
G1 X.102 Y18.682 E.06876
G1 X-.954 Y17.626 E.04955
G1 X-.914 Y15.553 E.06876
G1 X-1.97 Y14.497 E.04955
G1 X-4.043 Y14.537 E.06876
G1 X-5.099 Y13.481 E.04955
G1 X-5.059 Y11.408 E.06876
G1 X-6.115 Y10.352 E.04955
G1 X-8.188 Y10.392 E.06876
G1 X-9.244 Y9.336 E.04955
G1 X-9.204 Y7.263 E.06876
G1 X-10.26 Y6.207 E.04955
G1 X-12.333 Y6.247 E.06876
G1 X-13.389 Y5.191 E.04955
G1 X-13.349 Y3.118 E.06876
G1 X-14.405 Y2.062 E.04955
G1 X-16.478 Y2.102 E.06876
G1 X-17.534 Y1.046 E.04955
G1 X-17.494 Y-1.027 E.06876
G1 X-18.207 Y-1.74 E.03347
G1 X-14.062 Y-1.74 E.1375
G1 X-13.349 Y-1.027 E.03347
G1 X-13.389 Y1.046 E.06876
G1 X-12.333 Y2.102 E.04955
G1 X-10.26 Y2.062 E.06876
G1 X-9.204 Y3.118 E.04955
G1 X-9.244 Y5.191 E.06876
G1 X-8.188 Y6.247 E.04955
G1 X-6.115 Y6.207 E.06876
G1 X-5.059 Y7.263 E.04955
G1 X-5.099 Y9.336 E.06876
G1 X-4.043 Y10.392 E.04955
G1 X-1.97 Y10.352 E.06876
G1 X-.914 Y11.408 E.04955
G1 X-.954 Y13.481 E.06876
G1 X.102 Y14.537 E.04955
G1 X2.175 Y14.497 E.06876
G1 X3.231 Y15.553 E.04955
G1 X3.191 Y17.626 E.06876
G1 X4.247 Y18.682 E.04955
G1 X6.32 Y18.642 E.06876
G1 X7.376 Y19.698 E.04955
G1 X7.336 Y21.771 E.06876
G1 X8.392 Y22.827 E.04955
G1 X10.465 Y22.787 E.06876
G1 X11.521 Y23.843 E.04955
G1 X11.481 Y25.916 E.06876
G1 X12.537 Y26.972 E.04955
G1 X14.61 Y26.932 E.06876
G1 X15.666 Y27.988 E.04955
G1 X15.626 Y30.061 E.06876
G1 X16.682 Y31.117 E.04955
G1 X17.396 Y31.103 E.02367
G1 X17.396 Y26.958 E.1375
G1 X16.682 Y26.972 E.02367
G1 X15.626 Y25.916 E.04955
G1 X15.666 Y23.843 E.06876
G1 X14.61 Y22.787 E.04955
G1 X12.537 Y22.827 E.06876
G1 X11.481 Y21.771 E.04955
G1 X11.521 Y19.698 E.06876
G1 X10.465 Y18.642 E.04955
G1 X8.392 Y18.682 E.06876
G1 X7.336 Y17.626 E.04955
G1 X7.376 Y15.553 E.06876
G1 X6.32 Y14.497 E.04955
G1 X4.247 Y14.537 E.06876
G1 X3.191 Y13.481 E.04955
G1 X3.231 Y11.408 E.06876
G1 X2.175 Y10.352 E.04955
G1 X.102 Y10.392 E.06876
G1 X-.954 Y9.336 E.04955
G1 X-.914 Y7.263 E.06876
G1 X-1.97 Y6.207 E.04955
G1 X-4.043 Y6.247 E.06876
G1 X-5.099 Y5.191 E.04955
G1 X-5.059 Y3.118 E.06876
G1 X-6.115 Y2.062 E.04955
G1 X-8.188 Y2.102 E.06876
G1 X-9.244 Y1.046 E.04955
G1 X-9.204 Y-1.027 E.06876
G1 X-9.917 Y-1.74 E.03347
G1 X-5.772 Y-1.74 E.1375
G1 X-5.059 Y-1.027 E.03347
G1 X-5.099 Y1.046 E.06876
G1 X-4.043 Y2.102 E.04955
G1 X-1.97 Y2.062 E.06876
G1 X-.914 Y3.118 E.04955
G1 X-.954 Y5.191 E.06876
G1 X.102 Y6.247 E.04955
G1 X2.175 Y6.207 E.06876
G1 X3.231 Y7.263 E.04955
G1 X3.191 Y9.336 E.06876
G1 X4.247 Y10.392 E.04955
G1 X6.32 Y10.352 E.06876
G1 X7.376 Y11.408 E.04955
G1 X7.336 Y13.481 E.06876
G1 X8.392 Y14.537 E.04955
G1 X10.465 Y14.497 E.06876
G1 X11.521 Y15.553 E.04955
G1 X11.481 Y17.626 E.06876
G1 X12.537 Y18.682 E.04955
G1 X14.61 Y18.642 E.06876
G1 X15.666 Y19.698 E.04955
M73 P20 R15
G1 X15.626 Y21.771 E.06876
G1 X16.682 Y22.827 E.04955
G1 X17.396 Y22.813 E.02367
G1 X17.396 Y18.668 E.1375
G1 X16.682 Y18.682 E.02367
G1 X15.626 Y17.626 E.04955
G1 X15.666 Y15.553 E.06876
G1 X14.61 Y14.497 E.04955
G1 X12.537 Y14.537 E.06876
G1 X11.481 Y13.481 E.04955
G1 X11.521 Y11.408 E.06876
G1 X10.465 Y10.352 E.04955
G1 X8.392 Y10.392 E.06876
G1 X7.336 Y9.336 E.04955
G1 X7.376 Y7.263 E.06876
G1 X6.32 Y6.207 E.04955
G1 X4.247 Y6.247 E.06876
G1 X3.191 Y5.191 E.04955
G1 X3.231 Y3.118 E.06876
G1 X2.175 Y2.062 E.04955
G1 X.102 Y2.102 E.06876
G1 X-.954 Y1.046 E.04955
G1 X-.914 Y-1.027 E.06876
G1 X-1.627 Y-1.74 E.03347
G1 X2.518 Y-1.74 E.1375
G1 X3.231 Y-1.027 E.03347
G1 X3.191 Y1.046 E.06876
G1 X4.247 Y2.102 E.04955
G1 X6.32 Y2.062 E.06876
G1 X7.376 Y3.118 E.04955
G1 X7.336 Y5.191 E.06876
G1 X8.392 Y6.247 E.04955
G1 X10.465 Y6.207 E.06876
G1 X11.521 Y7.263 E.04955
G1 X11.481 Y9.336 E.06876
G1 X12.537 Y10.392 E.04955
G1 X14.61 Y10.352 E.06876
G1 X15.666 Y11.408 E.04955
G1 X15.626 Y13.481 E.06876
G1 X16.682 Y14.537 E.04955
G1 X17.396 Y14.523 E.02367
G1 X17.396 Y10.378 E.1375
G1 X16.682 Y10.392 E.02367
G1 X15.626 Y9.336 E.04955
G1 X15.666 Y7.263 E.06876
G1 X14.61 Y6.207 E.04955
G1 X12.537 Y6.247 E.06876
G1 X11.481 Y5.191 E.04955
G1 X11.521 Y3.118 E.06876
G1 X10.465 Y2.062 E.04955
G1 X8.392 Y2.102 E.06876
G1 X7.336 Y1.046 E.04955
G1 X7.376 Y-1.027 E.06876
G1 X6.663 Y-1.74 E.03347
G1 X10.808 Y-1.74 E.1375
G1 X11.521 Y-1.027 E.03347
G1 X11.481 Y1.046 E.06876
G1 X12.537 Y2.102 E.04955
G1 X14.61 Y2.062 E.06876
G1 X15.666 Y3.118 E.04955
G1 X15.626 Y5.191 E.06876
G1 X16.682 Y6.247 E.04955
G1 X17.396 Y6.233 E.02367
G1 X17.396 Y2.088 E.1375
G1 X16.682 Y2.102 E.02367
G1 X15.626 Y1.046 E.04955
G1 X15.666 Y-1.027 E.06876
G1 X14.953 Y-1.74 E.03347
G1 X16.581 Y-1.74 E.05401
;LAYER_CHANGE
;Z:3
;HEIGHT:0.2
;BEFORE_LAYER_CHANGE
;3
G1 E-.8 F2100
;WIPE_START
G1 F16200
G1 X14.953 Y-1.74
G1 X15.216 Y-1.478
;WIPE_END
;AFTER_LAYER_CHANGE
;3
;_SET_FAN_SPEED_CHANGING_LAYER
G1 F30000
G1 X15.1133 Y-0.904091 Z3.03077
G1 X14.7563 Y-0.443849 Z3.06154
G1 X14.2263 Y-0.202237 Z3.09231
G1 X13.6447 Y-0.234606 Z3.12308
G1 X13.1448 Y-0.533539 Z3.15385
G1 X12.841 Y-1.03055 Z3.18462
G1 X12.8031 Y-1.61179 Z3.21538
G1 X13.0396 Y-2.1441 Z3.24615
G1 X13.4963 Y-2.50553 Z3.27692
G1 X14.0688 Y-2.61328 Z3.30769
G1 X14.6257 Y-2.44267 Z3.33846
G1 X15.0395 Y-2.03279 Z3.36923
G1 X15.2155 Y-1.47753 Z3.4
G1 X17.607 Y35.13 Z3.4
G1 Z3
G1 E.8 F2100
SET_VELOCITY_LIMIT ACCEL=5000
;TYPE:Inner wall
G1 F12658
G1 X-19.475 Y35.13 E1.23007
G1 X-19.475 Y-1.951 E1.23007
G1 X17.607 Y-1.951 E1.23007
G1 X17.607 Y35.09 E1.22874
SET_VELOCITY_LIMIT ACCEL=10000
G1 X18.014 Y35.537 F30000
SET_VELOCITY_LIMIT ACCEL=5000
G1 F12658
G1 X-19.882 Y35.537 E1.25707
G1 X-19.882 Y-2.358 E1.25707
G1 X18.014 Y-2.358 E1.25707
G1 X18.014 Y35.497 E1.25575
SET_VELOCITY_LIMIT ACCEL=10000
G1 X18.421 Y35.944 F30000
SET_VELOCITY_LIMIT ACCEL=5000
G1 F12658
G1 X-20.289 Y35.944 E1.28408
G1 X-20.289 Y-2.766 E1.28408
G1 X18.421 Y-2.766 E1.28408
G1 X18.421 Y35.904 E1.28275
G1 X18.856 Y36.379 F30000
;TYPE:Outer wall
;WIDTH:0.42
G1 F12000
G1 X-20.724 Y36.379 E1.21618
G1 X-20.724 Y-3.201 E1.21618
G1 X18.856 Y-3.201 E1.21618
G1 X18.856 Y36.339 E1.21495
SET_VELOCITY_LIMIT ACCEL=10000
G1 E-.8 F2100
;WIPE_START
G1 F12000
G1 X16.856 Y36.341
;WIPE_END
G1 X16.602 Y34.919 Z3.4 F30000
G1 Z3
G1 E.8 F2100
;TYPE:Sparse infill
;WIDTH:0.45
G1 F12658
G1 X14.974 Y34.919 E.05401
G1 X15.687 Y34.206 E.03347
G1 X15.605 Y32.133 E.0688
G1 X16.682 Y31.056 E.05053
G1 X17.396 Y31.084 E.02369
G1 X17.396 Y26.939 E.1375
G1 X16.682 Y26.911 E.02369
G1 X15.605 Y27.988 E.05053
G1 X15.687 Y30.061 E.0688
G1 X14.61 Y31.138 E.05053
G1 X12.537 Y31.056 E.0688
G1 X11.46 Y32.133 E.05053
G1 X11.542 Y34.206 E.0688
G1 X10.829 Y34.919 E.03347
G1 X6.684 Y34.919 E.1375
G1 X7.397 Y34.206 E.03347
G1 X7.315 Y32.133 E.0688
G1 X8.392 Y31.056 E.05053
G1 X10.465 Y31.138 E.0688
G1 X11.542 Y30.061 E.05053
G1 X11.46 Y27.988 E.0688
G1 X12.537 Y26.911 E.05053
G1 X14.61 Y26.993 E.0688
G1 X15.687 Y25.916 E.05053
G1 X15.605 Y23.843 E.0688
G1 X16.682 Y22.766 E.05053
G1 X17.396 Y22.794 E.02369
G1 X17.396 Y18.649 E.1375
G1 X16.682 Y18.621 E.02369
G1 X15.605 Y19.698 E.05053
G1 X15.687 Y21.771 E.0688
G1 X14.61 Y22.848 E.05053
G1 X12.537 Y22.766 E.0688
G1 X11.46 Y23.843 E.05053
G1 X11.542 Y25.916 E.0688
G1 X10.465 Y26.993 E.05053
G1 X8.392 Y26.911 E.0688
G1 X7.315 Y27.988 E.05053
G1 X7.397 Y30.061 E.0688
G1 X6.32 Y31.138 E.05053
G1 X4.247 Y31.056 E.0688
G1 X3.17 Y32.133 E.05053
G1 X3.252 Y34.206 E.0688
G1 X2.539 Y34.919 E.03347
G1 X-1.606 Y34.919 E.1375
G1 X-.893 Y34.206 E.03347
G1 X-.975 Y32.133 E.0688
G1 X.102 Y31.056 E.05053
G1 X2.175 Y31.138 E.0688
G1 X3.252 Y30.061 E.05053
G1 X3.17 Y27.988 E.0688
G1 X4.247 Y26.911 E.05053
G1 X6.32 Y26.993 E.0688
G1 X7.397 Y25.916 E.05053
G1 X7.315 Y23.843 E.0688
G1 X8.392 Y22.766 E.05053
G1 X10.465 Y22.848 E.0688
G1 X11.542 Y21.771 E.05053
G1 X11.46 Y19.698 E.0688
G1 X12.537 Y18.621 E.05053
G1 X14.61 Y18.703 E.0688
G1 X15.687 Y17.626 E.05053
G1 X15.605 Y15.553 E.0688
G1 X16.682 Y14.476 E.05053
G1 X17.396 Y14.504 E.02369
G1 X17.396 Y10.359 E.1375
G1 X16.682 Y10.331 E.02369
G1 X15.605 Y11.408 E.05053
G1 X15.687 Y13.481 E.0688
G1 X14.61 Y14.558 E.05053
G1 X12.537 Y14.476 E.0688
G1 X11.46 Y15.553 E.05053
G1 X11.542 Y17.626 E.0688
G1 X10.465 Y18.703 E.05053
G1 X8.392 Y18.621 E.0688
G1 X7.315 Y19.698 E.05053
G1 X7.397 Y21.771 E.0688
G1 X6.32 Y22.848 E.05053
G1 X4.247 Y22.766 E.0688
G1 X3.17 Y23.843 E.05053
G1 X3.252 Y25.916 E.0688
G1 X2.175 Y26.993 E.05053
G1 X.102 Y26.911 E.0688
G1 X-.975 Y27.988 E.05053
G1 X-.893 Y30.061 E.0688
G1 X-1.97 Y31.138 E.05053
G1 X-4.043 Y31.056 E.0688
G1 X-5.12 Y32.133 E.05053
G1 X-5.038 Y34.206 E.0688
G1 X-5.752 Y34.919 E.03347
G1 X-9.897 Y34.919 E.1375
G1 X-9.183 Y34.206 E.03347
G1 X-9.265 Y32.133 E.0688
G1 X-8.188 Y31.056 E.05053
G1 X-6.115 Y31.138 E.0688
G1 X-5.038 Y30.061 E.05053
G1 X-5.12 Y27.988 E.0688
G1 X-4.043 Y26.911 E.05053
G1 X-1.97 Y26.993 E.0688
G1 X-.893 Y25.916 E.05053
G1 X-.975 Y23.843 E.0688
G1 X.102 Y22.766 E.05053
G1 X2.175 Y22.848 E.0688
G1 X3.252 Y21.771 E.05053
G1 X3.17 Y19.698 E.0688
G1 X4.247 Y18.621 E.05053
G1 X6.32 Y18.703 E.0688
G1 X7.397 Y17.626 E.05053
G1 X7.315 Y15.553 E.0688
G1 X8.392 Y14.476 E.05053
G1 X10.465 Y14.558 E.0688
G1 X11.542 Y13.481 E.05053
G1 X11.46 Y11.408 E.0688
G1 X12.537 Y10.331 E.05053
G1 X14.61 Y10.413 E.0688
G1 X15.687 Y9.336 E.05053
G1 X15.605 Y7.263 E.0688
G1 X16.682 Y6.186 E.05053
G1 X17.396 Y6.214 E.02369
G1 X17.396 Y2.069 E.1375
G1 X16.682 Y2.041 E.02369
G1 X15.605 Y3.118 E.05053
G1 X15.687 Y5.191 E.0688
G1 X14.61 Y6.268 E.05053
G1 X12.537 Y6.186 E.0688
G1 X11.46 Y7.263 E.05053
G1 X11.542 Y9.336 E.0688
G1 X10.465 Y10.413 E.05053
G1 X8.392 Y10.331 E.0688
G1 X7.315 Y11.408 E.05053
G1 X7.397 Y13.481 E.0688
G1 X6.32 Y14.558 E.05053
G1 X4.247 Y14.476 E.0688
G1 X3.17 Y15.553 E.05053
G1 X3.252 Y17.626 E.0688
G1 X2.175 Y18.703 E.05053
G1 X.102 Y18.621 E.0688
G1 X-.975 Y19.698 E.05053
G1 X-.893 Y21.771 E.0688
G1 X-1.97 Y22.848 E.05053
G1 X-4.043 Y22.766 E.0688
G1 X-5.12 Y23.843 E.05053
G1 X-5.038 Y25.916 E.0688
G1 X-6.115 Y26.993 E.05053
G1 X-8.188 Y26.911 E.0688
G1 X-9.265 Y27.988 E.05053
G1 X-9.183 Y30.061 E.0688
G1 X-10.26 Y31.138 E.05053
G1 X-12.333 Y31.056 E.0688
G1 X-13.41 Y32.133 E.05053
G1 X-13.328 Y34.206 E.0688
G1 X-14.042 Y34.919 E.03347
G1 X-18.187 Y34.919 E.1375
G1 X-17.473 Y34.206 E.03347
G1 X-17.555 Y32.133 E.0688
G1 X-16.478 Y31.056 E.05053
G1 X-14.405 Y31.138 E.0688
G1 X-13.328 Y30.061 E.05053
G1 X-13.41 Y27.988 E.0688
G1 X-12.333 Y26.911 E.05053
G1 X-10.26 Y26.993 E.0688
G1 X-9.183 Y25.916 E.05053
G1 X-9.265 Y23.843 E.0688
G1 X-8.188 Y22.766 E.05053
G1 X-6.115 Y22.848 E.0688
G1 X-5.038 Y21.771 E.05053
G1 X-5.12 Y19.698 E.0688
G1 X-4.043 Y18.621 E.05053
G1 X-1.97 Y18.703 E.0688
G1 X-.893 Y17.626 E.05053
G1 X-.975 Y15.553 E.0688
G1 X.102 Y14.476 E.05053
G1 X2.175 Y14.558 E.0688
G1 X3.252 Y13.481 E.05053
G1 X3.17 Y11.408 E.0688
G1 X4.247 Y10.331 E.05053
G1 X6.32 Y10.413 E.0688
G1 X7.397 Y9.336 E.05053
G1 X7.315 Y7.263 E.0688
G1 X8.392 Y6.186 E.05053
G1 X10.465 Y6.268 E.0688
G1 X11.542 Y5.191 E.05053
G1 X11.46 Y3.118 E.0688
G1 X12.537 Y2.041 E.05053
G1 X14.61 Y2.123 E.0688
G1 X15.687 Y1.046 E.05053
G1 X15.605 Y-1.027 E.0688
G1 X16.319 Y-1.74 E.03347
G1 X12.174 Y-1.74 E.1375
G1 X11.46 Y-1.027 E.03347
G1 X11.542 Y1.046 E.0688
G1 X10.465 Y2.123 E.05053
G1 X8.392 Y2.041 E.0688
G1 X7.315 Y3.118 E.05053
G1 X7.397 Y5.191 E.0688
G1 X6.32 Y6.268 E.05053
G1 X4.247 Y6.186 E.0688
G1 X3.17 Y7.263 E.05053
G1 X3.252 Y9.336 E.0688
G1 X2.175 Y10.413 E.05053
G1 X.102 Y10.331 E.0688
G1 X-.975 Y11.408 E.05053
G1 X-.893 Y13.481 E.0688
G1 X-1.97 Y14.558 E.05053
G1 X-4.043 Y14.476 E.0688
G1 X-5.12 Y15.553 E.05053
G1 X-5.038 Y17.626 E.0688
G1 X-6.115 Y18.703 E.05053
G1 X-8.188 Y18.621 E.0688
G1 X-9.265 Y19.698 E.05053
G1 X-9.183 Y21.771 E.0688
G1 X-10.26 Y22.848 E.05053
G1 X-12.333 Y22.766 E.0688
G1 X-13.41 Y23.843 E.05053
G1 X-13.328 Y25.916 E.0688
G1 X-14.405 Y26.993 E.05053
G1 X-16.478 Y26.911 E.0688
G1 X-17.555 Y27.988 E.05053
G1 X-17.473 Y30.061 E.0688
G1 X-18.55 Y31.138 E.05053
G1 X-19.264 Y31.11 E.02369
G1 X-19.264 Y26.965 E.1375
G1 X-18.55 Y26.993 E.02369
G1 X-17.473 Y25.916 E.05053
G1 X-17.555 Y23.843 E.0688
G1 X-16.478 Y22.766 E.05053
M73 P21 R15
G1 X-14.405 Y22.848 E.0688
G1 X-13.328 Y21.771 E.05053
G1 X-13.41 Y19.698 E.0688
G1 X-12.333 Y18.621 E.05053
G1 X-10.26 Y18.703 E.0688
G1 X-9.183 Y17.626 E.05053
G1 X-9.265 Y15.553 E.0688
G1 X-8.188 Y14.476 E.05053
G1 X-6.115 Y14.558 E.0688
G1 X-5.038 Y13.481 E.05053
G1 X-5.12 Y11.408 E.0688
G1 X-4.043 Y10.331 E.05053
G1 X-1.97 Y10.413 E.0688
G1 X-.893 Y9.336 E.05053
G1 X-.975 Y7.263 E.0688
G1 X.102 Y6.186 E.05053
G1 X2.175 Y6.268 E.0688
G1 X3.252 Y5.191 E.05053
G1 X3.17 Y3.118 E.0688
G1 X4.247 Y2.041 E.05053
G1 X6.32 Y2.123 E.0688
G1 X7.397 Y1.046 E.05053
G1 X7.315 Y-1.027 E.0688
G1 X8.029 Y-1.74 E.03347
G1 X3.884 Y-1.74 E.1375
G1 X3.17 Y-1.027 E.03347
G1 X3.252 Y1.046 E.0688
G1 X2.175 Y2.123 E.05053
G1 X.102 Y2.041 E.0688
G1 X-.975 Y3.118 E.05053
G1 X-.893 Y5.191 E.0688
G1 X-1.97 Y6.268 E.05053
G1 X-4.043 Y6.186 E.0688
G1 X-5.12 Y7.263 E.05053
G1 X-5.038 Y9.336 E.0688
G1 X-6.115 Y10.413 E.05053
G1 X-8.188 Y10.331 E.0688
G1 X-9.265 Y11.408 E.05053
G1 X-9.183 Y13.481 E.0688
G1 X-10.26 Y14.558 E.05053
G1 X-12.333 Y14.476 E.0688
G1 X-13.41 Y15.553 E.05053
G1 X-13.328 Y17.626 E.0688
G1 X-14.405 Y18.703 E.05053
G1 X-16.478 Y18.621 E.0688
G1 X-17.555 Y19.698 E.05053
G1 X-17.473 Y21.771 E.0688
G1 X-18.55 Y22.848 E.05053
M73 P21 R14
G1 X-19.264 Y22.82 E.02369
G1 X-19.264 Y18.675 E.1375
G1 X-18.55 Y18.703 E.02369
G1 X-17.473 Y17.626 E.05053
G1 X-17.555 Y15.553 E.0688
G1 X-16.478 Y14.476 E.05053
G1 X-14.405 Y14.558 E.0688
G1 X-13.328 Y13.481 E.05053
G1 X-13.41 Y11.408 E.0688
G1 X-12.333 Y10.331 E.05053
G1 X-10.26 Y10.413 E.0688
G1 X-9.183 Y9.336 E.05053
G1 X-9.265 Y7.263 E.0688
G1 X-8.188 Y6.186 E.05053
G1 X-6.115 Y6.268 E.0688
G1 X-5.038 Y5.191 E.05053
G1 X-5.12 Y3.118 E.0688
G1 X-4.043 Y2.041 E.05053
G1 X-1.97 Y2.123 E.0688
G1 X-.893 Y1.046 E.05053
G1 X-.975 Y-1.027 E.0688
G1 X-.261 Y-1.74 E.03347
G1 X-1.89 Y-1.74 E.05401
G1 X-19.264 Y.466 F30000
G1 F12658
G1 X-19.264 Y2.095 E.05401
G1 X-18.55 Y2.123 E.02369
G1 X-17.473 Y1.046 E.05053
G1 X-17.555 Y-1.027 E.0688
G1 X-16.841 Y-1.74 E.03347
G1 X-12.696 Y-1.74 E.1375
G1 X-13.41 Y-1.027 E.03347
G1 X-13.328 Y1.046 E.0688
G1 X-14.405 Y2.123 E.05053
G1 X-16.478 Y2.041 E.0688
G1 X-17.555 Y3.118 E.05053
G1 X-17.473 Y5.191 E.0688
G1 X-18.55 Y6.268 E.05053
G1 X-19.264 Y6.24 E.02369
G1 X-19.264 Y10.385 E.1375
G1 X-18.55 Y10.413 E.02369
G1 X-17.473 Y9.336 E.05053
G1 X-17.555 Y7.263 E.0688
G1 X-16.478 Y6.186 E.05053
G1 X-14.405 Y6.268 E.0688
G1 X-13.328 Y5.191 E.05053
G1 X-13.41 Y3.118 E.0688
G1 X-12.333 Y2.041 E.05053
G1 X-10.26 Y2.123 E.0688
G1 X-9.183 Y1.046 E.05053
G1 X-9.265 Y-1.027 E.0688
G1 X-8.551 Y-1.74 E.03347
G1 X-4.406 Y-1.74 E.1375
G1 X-5.12 Y-1.027 E.03347
G1 X-5.038 Y1.046 E.0688
G1 X-6.115 Y2.123 E.05053
G1 X-8.188 Y2.041 E.0688
G1 X-9.265 Y3.118 E.05053
G1 X-9.183 Y5.191 E.0688
G1 X-10.26 Y6.268 E.05053
G1 X-12.333 Y6.186 E.0688
G1 X-13.41 Y7.263 E.05053
G1 X-13.328 Y9.336 E.0688
G1 X-14.405 Y10.413 E.05053
G1 X-16.478 Y10.331 E.0688
G1 X-17.555 Y11.408 E.05053
G1 X-17.473 Y13.481 E.0688
G1 X-18.55 Y14.558 E.05053
G1 X-19.264 Y14.53 E.02369
G1 X-19.264 Y12.901 E.05401
;LAYER_CHANGE
;Z:3.2
;HEIGHT:0.2
;BEFORE_LAYER_CHANGE
;3.2
G1 E-.8 F2100
;WIPE_START
G1 F16200
G1 X-19.264 Y14.53
G1 X-18.892 Y14.544
;WIPE_END
;AFTER_LAYER_CHANGE
;3.2
;_SET_FAN_SPEED_CHANGING_LAYER
G1 F30000
G1 X-18.4682 Y14.9436 Z3.23077
G1 X-18.2782 Y15.4942 Z3.26154
G1 X-18.3659 Y16.0701 Z3.29231
G1 X-18.7111 Y16.5392 Z3.32308
G1 X-19.2348 Y16.7942 Z3.35385
G1 X-19.817 Y16.7766 Z3.38462
G1 X-20.3243 Y16.4905 Z3.41538
G1 X-20.6406 Y16.0013 Z3.44615
G1 X-20.6933 Y15.4212 Z3.47692
G1 X-20.4704 Y14.8831 Z3.50769
G1 X-20.0229 Y14.5102 Z3.53846
G1 X-19.4534 Y14.3879 Z3.56923
G1 X-18.8924 Y14.5444 Z3.6
G1 X17.607 Y35.13 Z3.6
G1 Z3.2
G1 E.8 F2100
SET_VELOCITY_LIMIT ACCEL=5000
;TYPE:Inner wall
G1 F12074
G1 X-19.475 Y35.13 E1.23007
G1 X-19.475 Y-1.951 E1.23007
G1 X17.607 Y-1.951 E1.23007
G1 X17.607 Y35.09 E1.22874
SET_VELOCITY_LIMIT ACCEL=10000
G1 X18.014 Y35.537 F30000
SET_VELOCITY_LIMIT ACCEL=5000
G1 F12074
G1 X-19.882 Y35.537 E1.25707
G1 X-19.882 Y-2.358 E1.25707
G1 X18.014 Y-2.358 E1.25707
G1 X18.014 Y35.497 E1.25575
SET_VELOCITY_LIMIT ACCEL=10000
G1 X18.421 Y35.944 F30000
SET_VELOCITY_LIMIT ACCEL=5000
G1 F12074
G1 X-20.289 Y35.944 E1.28408
G1 X-20.289 Y-2.766 E1.28408
G1 X18.421 Y-2.766 E1.28408
G1 X18.421 Y35.904 E1.28275
G1 X18.856 Y36.379 F30000
;TYPE:Outer wall
;WIDTH:0.42
G1 F12000
G1 X-20.724 Y36.379 E1.21618
G1 X-20.724 Y-3.201 E1.21618
G1 X18.856 Y-3.201 E1.21618
G1 X18.856 Y36.339 E1.21495
SET_VELOCITY_LIMIT ACCEL=10000
G1 E-.8 F2100
;WIPE_START
G1 F12000
G1 X16.856 Y36.341
;WIPE_END
G1 X17.396 Y32.823 Z3.6 F30000
G1 Z3.2
G1 E.8 F2100
;TYPE:Sparse infill
;WIDTH:0.45
G1 F12074
G1 X17.396 Y31.194 E.05401
G1 X16.682 Y31.41 E.02472
G1 X15.959 Y32.133 E.03395
G1 X15.334 Y34.206 E.07181
G1 X14.62 Y34.919 E.03347
G1 X10.475 Y34.919 E.1375
G1 X11.188 Y34.206 E.03347
G1 X11.814 Y32.133 E.07181
G1 X12.537 Y31.41 E.03395
G1 X14.61 Y30.784 E.07181
G1 X15.334 Y30.061 E.03395
G1 X15.959 Y27.988 E.07181
G1 X16.682 Y27.265 E.03395
G1 X17.396 Y27.049 E.02472
G1 X17.396 Y22.904 E.1375
G1 X16.682 Y23.12 E.02472
G1 X15.959 Y23.843 E.03395
G1 X15.334 Y25.916 E.07181
G1 X14.61 Y26.639 E.03395
G1 X12.537 Y27.265 E.07181
G1 X11.814 Y27.988 E.03395
G1 X11.188 Y30.061 E.07181
G1 X10.465 Y30.784 E.03395
G1 X8.392 Y31.41 E.07181
G1 X7.669 Y32.133 E.03395
G1 X7.043 Y34.206 E.07181
G1 X6.33 Y34.919 E.03347
G1 X2.185 Y34.919 E.1375
G1 X2.898 Y34.206 E.03347
G1 X3.524 Y32.133 E.07181
G1 X4.247 Y31.41 E.03395
G1 X6.32 Y30.784 E.07181
G1 X7.043 Y30.061 E.03395
G1 X7.669 Y27.988 E.07181
G1 X8.392 Y27.265 E.03395
G1 X10.465 Y26.639 E.07181
G1 X11.188 Y25.916 E.03395
G1 X11.814 Y23.843 E.07181
G1 X12.537 Y23.12 E.03395
G1 X14.61 Y22.494 E.07181
G1 X15.334 Y21.771 E.03395
G1 X15.959 Y19.698 E.07181
G1 X16.682 Y18.975 E.03395
G1 X17.396 Y18.759 E.02472
G1 X17.396 Y14.614 E.1375
G1 X16.682 Y14.83 E.02472
G1 X15.959 Y15.553 E.03395
G1 X15.334 Y17.626 E.07181
G1 X14.61 Y18.349 E.03395
G1 X12.537 Y18.975 E.07181
G1 X11.814 Y19.698 E.03395
G1 X11.188 Y21.771 E.07181
G1 X10.465 Y22.494 E.03395
G1 X8.392 Y23.12 E.07181
G1 X7.669 Y23.843 E.03395
G1 X7.043 Y25.916 E.07181
G1 X6.32 Y26.639 E.03395
G1 X4.247 Y27.265 E.07181
G1 X3.524 Y27.988 E.03395
G1 X2.898 Y30.061 E.07181
G1 X2.175 Y30.784 E.03395
G1 X.102 Y31.41 E.07181
G1 X-.621 Y32.133 E.03395
G1 X-1.247 Y34.206 E.07181
G1 X-1.96 Y34.919 E.03347
G1 X-6.105 Y34.919 E.1375
G1 X-5.392 Y34.206 E.03347
G1 X-4.766 Y32.133 E.07181
G1 X-4.043 Y31.41 E.03395
G1 X-1.97 Y30.784 E.07181
G1 X-1.247 Y30.061 E.03395
G1 X-.621 Y27.988 E.07181
G1 X.102 Y27.265 E.03395
G1 X2.175 Y26.639 E.07181
G1 X2.898 Y25.916 E.03395
G1 X3.524 Y23.843 E.07181
G1 X4.247 Y23.12 E.03395
G1 X6.32 Y22.494 E.07181
G1 X7.043 Y21.771 E.03395
G1 X7.669 Y19.698 E.07181
G1 X8.392 Y18.975 E.03395
G1 X10.465 Y18.349 E.07181
G1 X11.188 Y17.626 E.03395
G1 X11.814 Y15.553 E.07181
G1 X12.537 Y14.83 E.03395
G1 X14.61 Y14.204 E.07181
G1 X15.334 Y13.481 E.03395
G1 X15.959 Y11.408 E.07181
G1 X16.682 Y10.685 E.03395
G1 X17.396 Y10.469 E.02472
G1 X17.396 Y6.324 E.1375
G1 X16.682 Y6.54 E.02472
G1 X15.959 Y7.263 E.03395
G1 X15.334 Y9.336 E.07181
G1 X14.61 Y10.059 E.03395
G1 X12.537 Y10.685 E.07181
G1 X11.814 Y11.408 E.03395
G1 X11.188 Y13.481 E.07181
G1 X10.465 Y14.204 E.03395
G1 X8.392 Y14.83 E.07181
G1 X7.669 Y15.553 E.03395
G1 X7.043 Y17.626 E.07181
G1 X6.32 Y18.349 E.03395
G1 X4.247 Y18.975 E.07181
G1 X3.524 Y19.698 E.03395
G1 X2.898 Y21.771 E.07181
G1 X2.175 Y22.494 E.03395
G1 X.102 Y23.12 E.07181
G1 X-.621 Y23.843 E.03395
G1 X-1.247 Y25.916 E.07181
G1 X-1.97 Y26.639 E.03395
G1 X-4.043 Y27.265 E.07181
G1 X-4.766 Y27.988 E.03395
G1 X-5.392 Y30.061 E.07181
G1 X-6.115 Y30.784 E.03395
G1 X-8.188 Y31.41 E.07181
G1 X-8.911 Y32.133 E.03395
G1 X-9.537 Y34.206 E.07181
G1 X-10.25 Y34.919 E.03347
G1 X-11.878 Y34.919 E.05401
G1 X-18.116 Y-1.74 F30000
G1 F12074
G1 X-16.488 Y-1.74 E.05401
G1 X-17.201 Y-1.027 E.03347
G1 X-17.827 Y1.046 E.07181
G1 X-18.55 Y1.769 E.03395
G1 X-19.264 Y1.984 E.02472
G1 X-19.264 Y6.13 E.1375
G1 X-18.55 Y5.914 E.02472
G1 X-17.827 Y5.191 E.03395
G1 X-17.201 Y3.118 E.07181
G1 X-16.478 Y2.395 E.03395
G1 X-14.405 Y1.769 E.07181
G1 X-13.682 Y1.046 E.03395
G1 X-13.056 Y-1.027 E.07181
G1 X-12.343 Y-1.74 E.03347
G1 X-8.198 Y-1.74 E.1375
G1 X-8.911 Y-1.027 E.03347
G1 X-9.537 Y1.046 E.07181
G1 X-10.26 Y1.769 E.03395
G1 X-12.333 Y2.395 E.07181
G1 X-13.056 Y3.118 E.03395
G1 X-13.682 Y5.191 E.07181
G1 X-14.405 Y5.914 E.03395
G1 X-16.478 Y6.54 E.07181
G1 X-17.201 Y7.263 E.03395
G1 X-17.827 Y9.336 E.07181
G1 X-18.55 Y10.059 E.03395
G1 X-19.264 Y10.275 E.02472
G1 X-19.264 Y14.42 E.1375
G1 X-18.55 Y14.204 E.02472
G1 X-17.827 Y13.481 E.03395
G1 X-17.201 Y11.408 E.07181
G1 X-16.478 Y10.685 E.03395
G1 X-14.405 Y10.059 E.07181
G1 X-13.682 Y9.336 E.03395
G1 X-13.056 Y7.263 E.07181
G1 X-12.333 Y6.54 E.03395
G1 X-10.26 Y5.914 E.07181
G1 X-9.537 Y5.191 E.03395
G1 X-8.911 Y3.118 E.07181
G1 X-8.188 Y2.395 E.03395
G1 X-6.115 Y1.769 E.07181
G1 X-5.392 Y1.046 E.03395
G1 X-4.766 Y-1.027 E.07181
G1 X-4.053 Y-1.74 E.03347
G1 X.092 Y-1.74 E.1375
G1 X-.621 Y-1.027 E.03347
G1 X-1.247 Y1.046 E.07181
G1 X-1.97 Y1.769 E.03395
G1 X-4.043 Y2.395 E.07181
G1 X-4.766 Y3.118 E.03395
G1 X-5.392 Y5.191 E.07181
G1 X-6.115 Y5.914 E.03395
G1 X-8.188 Y6.54 E.07181
G1 X-8.911 Y7.263 E.03395
G1 X-9.537 Y9.336 E.07181
G1 X-10.26 Y10.059 E.03395
G1 X-12.333 Y10.685 E.07181
G1 X-13.056 Y11.408 E.03395
G1 X-13.682 Y13.481 E.07181
G1 X-14.405 Y14.204 E.03395
G1 X-16.478 Y14.83 E.07181
G1 X-17.201 Y15.553 E.03395
G1 X-17.827 Y17.626 E.07181
G1 X-18.55 Y18.349 E.03395
G1 X-19.264 Y18.565 E.02472
M73 P22 R14
G1 X-19.264 Y22.71 E.1375
G1 X-18.55 Y22.494 E.02472
G1 X-17.827 Y21.771 E.03395
G1 X-17.201 Y19.698 E.07181
G1 X-16.478 Y18.975 E.03395
G1 X-14.405 Y18.349 E.07181
G1 X-13.682 Y17.626 E.03395
G1 X-13.056 Y15.553 E.07181
G1 X-12.333 Y14.83 E.03395
G1 X-10.26 Y14.204 E.07181
G1 X-9.537 Y13.481 E.03395
G1 X-8.911 Y11.408 E.07181
G1 X-8.188 Y10.685 E.03395
G1 X-6.115 Y10.059 E.07181
G1 X-5.392 Y9.336 E.03395
G1 X-4.766 Y7.263 E.07181
G1 X-4.043 Y6.54 E.03395
G1 X-1.97 Y5.914 E.07181
G1 X-1.247 Y5.191 E.03395
G1 X-.621 Y3.118 E.07181
G1 X.102 Y2.395 E.03395
G1 X2.175 Y1.769 E.07181
G1 X2.898 Y1.046 E.03395
G1 X3.524 Y-1.027 E.07181
G1 X4.237 Y-1.74 E.03347
G1 X8.382 Y-1.74 E.1375
G1 X7.669 Y-1.027 E.03347
G1 X7.043 Y1.046 E.07181
G1 X6.32 Y1.769 E.03395
G1 X4.247 Y2.395 E.07181
G1 X3.524 Y3.118 E.03395
G1 X2.898 Y5.191 E.07181
G1 X2.175 Y5.914 E.03395
G1 X.102 Y6.54 E.07181
G1 X-.621 Y7.263 E.03395
G1 X-1.247 Y9.336 E.07181
G1 X-1.97 Y10.059 E.03395
G1 X-4.043 Y10.685 E.07181
G1 X-4.766 Y11.408 E.03395
G1 X-5.392 Y13.481 E.07181
G1 X-6.115 Y14.204 E.03395
G1 X-8.188 Y14.83 E.07181
G1 X-8.911 Y15.553 E.03395
G1 X-9.537 Y17.626 E.07181
G1 X-10.26 Y18.349 E.03395
G1 X-12.333 Y18.975 E.07181
G1 X-13.056 Y19.698 E.03395
G1 X-13.682 Y21.771 E.07181
G1 X-14.405 Y22.494 E.03395
G1 X-16.478 Y23.12 E.07181
G1 X-17.201 Y23.843 E.03395
G1 X-17.827 Y25.916 E.07181
G1 X-18.55 Y26.639 E.03395
G1 X-19.264 Y26.855 E.02472
G1 X-19.264 Y31 E.1375
G1 X-18.55 Y30.784 E.02472
G1 X-17.827 Y30.061 E.03395
G1 X-17.201 Y27.988 E.07181
G1 X-16.478 Y27.265 E.03395
G1 X-14.405 Y26.639 E.07181
G1 X-13.682 Y25.916 E.03395
G1 X-13.056 Y23.843 E.07181
G1 X-12.333 Y23.12 E.03395
G1 X-10.26 Y22.494 E.07181
G1 X-9.537 Y21.771 E.03395
G1 X-8.911 Y19.698 E.07181
G1 X-8.188 Y18.975 E.03395
G1 X-6.115 Y18.349 E.07181
G1 X-5.392 Y17.626 E.03395
G1 X-4.766 Y15.553 E.07181
G1 X-4.043 Y14.83 E.03395
G1 X-1.97 Y14.204 E.07181
G1 X-1.247 Y13.481 E.03395
G1 X-.621 Y11.408 E.07181
G1 X.102 Y10.685 E.03395
G1 X2.175 Y10.059 E.07181
G1 X2.898 Y9.336 E.03395
G1 X3.524 Y7.263 E.07181
G1 X4.247 Y6.54 E.03395
G1 X6.32 Y5.914 E.07181
G1 X7.043 Y5.191 E.03395
G1 X7.669 Y3.118 E.07181
G1 X8.392 Y2.395 E.03395
G1 X10.465 Y1.769 E.07181
G1 X11.188 Y1.046 E.03395
G1 X11.814 Y-1.027 E.07181
G1 X12.527 Y-1.74 E.03347
G1 X16.672 Y-1.74 E.1375
G1 X15.959 Y-1.027 E.03347
G1 X15.334 Y1.046 E.07181
G1 X14.61 Y1.769 E.03395
G1 X12.537 Y2.395 E.07181
G1 X11.814 Y3.118 E.03395
G1 X11.188 Y5.191 E.07181
G1 X10.465 Y5.914 E.03395
G1 X8.392 Y6.54 E.07181
G1 X7.669 Y7.263 E.03395
G1 X7.043 Y9.336 E.07181
G1 X6.32 Y10.059 E.03395
G1 X4.247 Y10.685 E.07181
G1 X3.524 Y11.408 E.03395
G1 X2.898 Y13.481 E.07181
G1 X2.175 Y14.204 E.03395
G1 X.102 Y14.83 E.07181
G1 X-.621 Y15.553 E.03395
G1 X-1.247 Y17.626 E.07181
G1 X-1.97 Y18.349 E.03395
G1 X-4.043 Y18.975 E.07181
G1 X-4.766 Y19.698 E.03395
G1 X-5.392 Y21.771 E.07181
G1 X-6.115 Y22.494 E.03395
G1 X-8.188 Y23.12 E.07181
G1 X-8.911 Y23.843 E.03395
G1 X-9.537 Y25.916 E.07181
G1 X-10.26 Y26.639 E.03395
G1 X-12.333 Y27.265 E.07181
G1 X-13.056 Y27.988 E.03395
G1 X-13.682 Y30.061 E.07181
G1 X-14.405 Y30.784 E.03395
G1 X-16.478 Y31.41 E.07181
G1 X-17.201 Y32.133 E.03395
G1 X-17.827 Y34.206 E.07181
G1 X-18.54 Y34.919 E.03347
G1 X-14.395 Y34.919 E.1375
G1 X-13.682 Y34.206 E.03347
G1 X-13.056 Y32.133 E.07181
G1 X-12.333 Y31.41 E.03395
G1 X-10.26 Y30.784 E.07181
G1 X-9.537 Y30.061 E.03395
G1 X-8.911 Y27.988 E.07181
G1 X-8.188 Y27.265 E.03395
G1 X-6.115 Y26.639 E.07181
G1 X-5.392 Y25.916 E.03395
G1 X-4.766 Y23.843 E.07181
G1 X-4.043 Y23.12 E.03395
G1 X-1.97 Y22.494 E.07181
G1 X-1.247 Y21.771 E.03395
G1 X-.621 Y19.698 E.07181
G1 X.102 Y18.975 E.03395
G1 X2.175 Y18.349 E.07181
G1 X2.898 Y17.626 E.03395
G1 X3.524 Y15.553 E.07181
G1 X4.247 Y14.83 E.03395
G1 X6.32 Y14.204 E.07181
G1 X7.043 Y13.481 E.03395
G1 X7.669 Y11.408 E.07181
G1 X8.392 Y10.685 E.03395
G1 X10.465 Y10.059 E.07181
G1 X11.188 Y9.336 E.03395
G1 X11.814 Y7.263 E.07181
G1 X12.537 Y6.54 E.03395
G1 X14.61 Y5.914 E.07181
G1 X15.334 Y5.191 E.03395
G1 X15.959 Y3.118 E.07181
G1 X16.682 Y2.395 E.03395
G1 X17.396 Y2.179 E.02472
G1 X17.396 Y.551 E.05401
;LAYER_CHANGE
;Z:3.4
;HEIGHT:0.2
;BEFORE_LAYER_CHANGE
;3.4
G1 E-.8 F2100
;WIPE_START
G1 F16200
G1 X17.396 Y2.179
G1 X17.04 Y2.287
;WIPE_END
;AFTER_LAYER_CHANGE
;3.4
;_SET_FAN_SPEED_CHANGING_LAYER
G1 F30000
G1 X16.9104 Y2.85449 Z3.43077
G1 X16.5317 Y3.29708 Z3.46154
G1 X15.9908 Y3.513 Z3.49231
G1 X15.4114 Y3.45278 Z3.52308
G1 X14.9264 Y3.13021 Z3.55385
G1 X14.6468 Y2.6192 Z3.58462
G1 X14.6368 Y2.03681 Z3.61538
G1 X14.8985 Y1.51646 Z3.64615
G1 X15.3721 Y1.17735 Z3.67692
G1 X15.9491 Y1.09717 Z3.70769
G1 X16.4972 Y1.29429 Z3.73846
G1 X16.8909 Y1.72355 Z3.76923
G1 X17.04 Y2.28662 Z3.8
G1 X17.607 Y35.13 Z3.8
G1 Z3.4
G1 E.8 F2100
SET_VELOCITY_LIMIT ACCEL=5000
;TYPE:Inner wall
G1 F11759
G1 X-19.475 Y35.13 E1.23007
G1 X-19.475 Y-1.951 E1.23007
G1 X17.607 Y-1.951 E1.23007
G1 X17.607 Y35.09 E1.22874
SET_VELOCITY_LIMIT ACCEL=10000
G1 X18.014 Y35.537 F30000
SET_VELOCITY_LIMIT ACCEL=5000
G1 F11759
G1 X-19.882 Y35.537 E1.25707
G1 X-19.882 Y-2.358 E1.25707
G1 X18.014 Y-2.358 E1.25707
G1 X18.014 Y35.497 E1.25575
SET_VELOCITY_LIMIT ACCEL=10000
G1 X18.421 Y35.944 F30000
SET_VELOCITY_LIMIT ACCEL=5000
G1 F11759
G1 X-20.289 Y35.944 E1.28408
G1 X-20.289 Y-2.766 E1.28408
G1 X18.421 Y-2.766 E1.28408
G1 X18.421 Y35.904 E1.28275
G1 X18.856 Y36.379 F30000
;TYPE:Outer wall
;WIDTH:0.42
G1 F11759
G1 X-20.724 Y36.379 E1.21618
G1 X-20.724 Y-3.201 E1.21618
G1 X18.856 Y-3.201 E1.21618
G1 X18.856 Y36.339 E1.21495
SET_VELOCITY_LIMIT ACCEL=10000
G1 E-.8 F2100
;WIPE_START
G1 F12000
G1 X16.856 Y36.341
;WIPE_END
G1 X15.704 Y34.919 Z3.8 F30000
G1 Z3.4
G1 E.8 F2100
;TYPE:Sparse infill
;WIDTH:0.45
G1 F11759
G1 X14.076 Y34.919 E.05401
G1 X14.61 Y34.576 E.02106
G1 X14.98 Y34.206 E.01736
G1 X16.312 Y32.133 E.08173
G1 X16.682 Y31.763 E.01736
G1 X17.396 Y31.305 E.02814
G1 X17.396 Y27.16 E.1375
G1 X16.682 Y27.618 E.02814
G1 X16.312 Y27.988 E.01736
G1 X14.98 Y30.061 E.08173
G1 X14.61 Y30.431 E.01736
G1 X12.537 Y31.763 E.08173
G1 X12.167 Y32.133 E.01736
G1 X10.835 Y34.206 E.08173
G1 X10.465 Y34.576 E.01736
G1 X9.931 Y34.919 E.02106
G1 X5.786 Y34.919 E.1375
G1 X6.32 Y34.576 E.02106
G1 X6.69 Y34.206 E.01736
G1 X8.022 Y32.133 E.08173
G1 X8.392 Y31.763 E.01736
G1 X10.465 Y30.431 E.08173
G1 X10.835 Y30.061 E.01736
G1 X12.167 Y27.988 E.08173
G1 X12.537 Y27.618 E.01736
G1 X14.61 Y26.286 E.08173
G1 X14.98 Y25.916 E.01736
G1 X16.312 Y23.843 E.08173
G1 X16.682 Y23.473 E.01736
G1 X17.396 Y23.014 E.02814
G1 X17.396 Y18.869 E.1375
G1 X16.682 Y19.328 E.02814
G1 X16.312 Y19.698 E.01736
G1 X14.98 Y21.771 E.08173
G1 X14.61 Y22.141 E.01736
G1 X12.537 Y23.473 E.08173
G1 X12.167 Y23.843 E.01736
G1 X10.835 Y25.916 E.08173
G1 X10.465 Y26.286 E.01736
G1 X8.392 Y27.618 E.08173
G1 X8.022 Y27.988 E.01736
G1 X6.69 Y30.061 E.08173
G1 X6.32 Y30.431 E.01736
G1 X4.247 Y31.763 E.08173
G1 X3.877 Y32.133 E.01736
G1 X2.545 Y34.206 E.08173
G1 X2.175 Y34.576 E.01736
G1 X1.641 Y34.919 E.02106
G1 X-2.504 Y34.919 E.1375
G1 X-1.97 Y34.576 E.02106
G1 X-1.6 Y34.206 E.01736
G1 X-.268 Y32.133 E.08173
G1 X.102 Y31.763 E.01736
G1 X2.175 Y30.431 E.08173
G1 X2.545 Y30.061 E.01736
G1 X3.877 Y27.988 E.08173
G1 X4.247 Y27.618 E.01736
G1 X6.32 Y26.286 E.08173
G1 X6.69 Y25.916 E.01736
G1 X8.022 Y23.843 E.08173
G1 X8.392 Y23.473 E.01736
G1 X10.465 Y22.141 E.08173
G1 X10.835 Y21.771 E.01736
G1 X12.167 Y19.698 E.08173
G1 X12.537 Y19.328 E.01736
G1 X14.61 Y17.996 E.08173
G1 X14.98 Y17.626 E.01736
G1 X16.312 Y15.553 E.08173
G1 X16.682 Y15.183 E.01736
G1 X17.396 Y14.724 E.02814
G1 X17.396 Y16.353 E.05401
G1 X17.396 Y.661 F30000
G1 F11759
G1 X17.396 Y2.289 E.05401
G1 X16.682 Y2.748 E.02814
G1 X16.312 Y3.118 E.01736
G1 X14.98 Y5.191 E.08173
G1 X14.61 Y5.561 E.01736
G1 X12.537 Y6.893 E.08173
G1 X12.167 Y7.263 E.01736
G1 X10.835 Y9.336 E.08173
G1 X10.465 Y9.706 E.01736
G1 X8.392 Y11.038 E.08173
G1 X8.022 Y11.408 E.01736
G1 X6.69 Y13.481 E.08173
G1 X6.32 Y13.851 E.01736
G1 X4.247 Y15.183 E.08173
G1 X3.877 Y15.553 E.01736
G1 X2.545 Y17.626 E.08173
G1 X2.175 Y17.996 E.01736
G1 X.102 Y19.328 E.08173
G1 X-.268 Y19.698 E.01736
G1 X-1.6 Y21.771 E.08173
G1 X-1.97 Y22.141 E.01736
G1 X-4.043 Y23.473 E.08173
G1 X-4.413 Y23.843 E.01736
G1 X-5.745 Y25.916 E.08173
G1 X-6.115 Y26.286 E.01736
G1 X-8.188 Y27.618 E.08173
G1 X-8.558 Y27.988 E.01736
G1 X-9.89 Y30.061 E.08173
G1 X-10.26 Y30.431 E.01736
G1 X-12.333 Y31.763 E.08173
G1 X-12.703 Y32.133 E.01736
G1 X-14.035 Y34.206 E.08173
G1 X-14.405 Y34.576 E.01736
G1 X-14.939 Y34.919 E.02106
G1 X-10.794 Y34.919 E.1375
G1 X-10.26 Y34.576 E.02106
G1 X-9.89 Y34.206 E.01736
G1 X-8.558 Y32.133 E.08173
G1 X-8.188 Y31.763 E.01736
G1 X-6.115 Y30.431 E.08173
G1 X-5.745 Y30.061 E.01736
G1 X-4.413 Y27.988 E.08173
G1 X-4.043 Y27.618 E.01736
G1 X-1.97 Y26.286 E.08173
G1 X-1.6 Y25.916 E.01736
G1 X-.268 Y23.843 E.08173
G1 X.102 Y23.473 E.01736
G1 X2.175 Y22.141 E.08173
G1 X2.545 Y21.771 E.01736
G1 X3.877 Y19.698 E.08173
G1 X4.247 Y19.328 E.01736
G1 X6.32 Y17.996 E.08173
G1 X6.69 Y17.626 E.01736
G1 X8.022 Y15.553 E.08173
G1 X8.392 Y15.183 E.01736
G1 X10.465 Y13.851 E.08173
G1 X10.835 Y13.481 E.01736
G1 X12.167 Y11.408 E.08173
G1 X12.537 Y11.038 E.01736
G1 X14.61 Y9.706 E.08173
G1 X14.98 Y9.336 E.01736
G1 X16.312 Y7.263 E.08173
G1 X16.682 Y6.893 E.01736
G1 X17.396 Y6.434 E.02814
G1 X17.396 Y10.579 E.1375
G1 X16.682 Y11.038 E.02814
G1 X16.312 Y11.408 E.01736
G1 X14.98 Y13.481 E.08173
G1 X14.61 Y13.851 E.01736
G1 X12.537 Y15.183 E.08173
G1 X12.167 Y15.553 E.01736
G1 X10.835 Y17.626 E.08173
G1 X10.465 Y17.996 E.01736
G1 X8.392 Y19.328 E.08173
G1 X8.022 Y19.698 E.01736
G1 X6.69 Y21.771 E.08173
G1 X6.32 Y22.141 E.01736
G1 X4.247 Y23.473 E.08173
G1 X3.877 Y23.843 E.01736
G1 X2.545 Y25.916 E.08173
G1 X2.175 Y26.286 E.01736
G1 X.102 Y27.618 E.08173
G1 X-.268 Y27.988 E.01736
G1 X-1.6 Y30.061 E.08173
G1 X-1.97 Y30.431 E.01736
G1 X-4.043 Y31.763 E.08173
G1 X-4.413 Y32.133 E.01736
G1 X-5.745 Y34.206 E.08173
G1 X-6.115 Y34.576 E.01736
G1 X-6.649 Y34.919 E.02106
G1 X-8.278 Y34.919 E.05401
G1 X-19.264 Y33.47 F30000
G1 F11759
G1 X-19.264 Y34.919 E.04807
G1 X-19.084 Y34.919 E.00595
G1 X-18.55 Y34.576 E.02106
G1 X-18.18 Y34.206 E.01736
G1 X-16.848 Y32.133 E.08173
G1 X-16.478 Y31.763 E.01736
G1 X-14.405 Y30.431 E.08173
G1 X-14.035 Y30.061 E.01736
G1 X-12.703 Y27.988 E.08173
G1 X-12.333 Y27.618 E.01736
G1 X-10.26 Y26.286 E.08173
G1 X-9.89 Y25.916 E.01736
G1 X-8.558 Y23.843 E.08173
G1 X-8.188 Y23.473 E.01736
G1 X-6.115 Y22.141 E.08173
G1 X-5.745 Y21.771 E.01736
G1 X-4.413 Y19.698 E.08173
G1 X-4.043 Y19.328 E.01736
G1 X-1.97 Y17.996 E.08173
G1 X-1.6 Y17.626 E.01736
G1 X-.268 Y15.553 E.08173
G1 X.102 Y15.183 E.01736
G1 X2.175 Y13.851 E.08173
G1 X2.545 Y13.481 E.01736
G1 X3.877 Y11.408 E.08173
G1 X4.247 Y11.038 E.01736
G1 X6.32 Y9.706 E.08173
G1 X6.69 Y9.336 E.01736
G1 X8.022 Y7.263 E.08173
G1 X8.392 Y6.893 E.01736
G1 X10.465 Y5.561 E.08173
G1 X10.835 Y5.191 E.01736
G1 X12.167 Y3.118 E.08173
G1 X12.537 Y2.748 E.01736
G1 X14.61 Y1.416 E.08173
G1 X14.98 Y1.046 E.01736
G1 X16.312 Y-1.027 E.08173
G1 X16.682 Y-1.397 E.01736
G1 X17.217 Y-1.74 E.02106
G1 X13.072 Y-1.74 E.1375
G1 X12.537 Y-1.397 E.02106
G1 X12.167 Y-1.027 E.01736
G1 X10.835 Y1.046 E.08173
G1 X10.465 Y1.416 E.01736
G1 X8.392 Y2.748 E.08173
M73 P23 R14
G1 X8.022 Y3.118 E.01736
G1 X6.69 Y5.191 E.08173
G1 X6.32 Y5.561 E.01736
G1 X4.247 Y6.893 E.08173
G1 X3.877 Y7.263 E.01736
G1 X2.545 Y9.336 E.08173
G1 X2.175 Y9.706 E.01736
G1 X.102 Y11.038 E.08173
G1 X-.268 Y11.408 E.01736
G1 X-1.6 Y13.481 E.08173
G1 X-1.97 Y13.851 E.01736
G1 X-4.043 Y15.183 E.08173
G1 X-4.413 Y15.553 E.01736
G1 X-5.745 Y17.626 E.08173
G1 X-6.115 Y17.996 E.01736
G1 X-8.188 Y19.328 E.08173
G1 X-8.558 Y19.698 E.01736
G1 X-9.89 Y21.771 E.08173
G1 X-10.26 Y22.141 E.01736
G1 X-12.333 Y23.473 E.08173
G1 X-12.703 Y23.843 E.01736
G1 X-14.035 Y25.916 E.08173
G1 X-14.405 Y26.286 E.01736
G1 X-16.478 Y27.618 E.08173
G1 X-16.848 Y27.988 E.01736
G1 X-18.18 Y30.061 E.08173
G1 X-18.55 Y30.431 E.01736
G1 X-19.264 Y30.89 E.02814
G1 X-19.264 Y26.744 E.1375
G1 X-18.55 Y26.286 E.02814
G1 X-18.18 Y25.916 E.01736
G1 X-16.848 Y23.843 E.08173
G1 X-16.478 Y23.473 E.01736
G1 X-14.405 Y22.141 E.08173
G1 X-14.035 Y21.771 E.01736
G1 X-12.703 Y19.698 E.08173
G1 X-12.333 Y19.328 E.01736
G1 X-10.26 Y17.996 E.08173
G1 X-9.89 Y17.626 E.01736
G1 X-8.558 Y15.553 E.08173
G1 X-8.188 Y15.183 E.01736
G1 X-6.115 Y13.851 E.08173
G1 X-5.745 Y13.481 E.01736
G1 X-4.413 Y11.408 E.08173
G1 X-4.043 Y11.038 E.01736
G1 X-1.97 Y9.706 E.08173
G1 X-1.6 Y9.336 E.01736
G1 X-.268 Y7.263 E.08173
G1 X.102 Y6.893 E.01736
G1 X2.175 Y5.561 E.08173
G1 X2.545 Y5.191 E.01736
G1 X3.877 Y3.118 E.08173
G1 X4.247 Y2.748 E.01736
G1 X6.32 Y1.416 E.08173
G1 X6.69 Y1.046 E.01736
G1 X8.022 Y-1.027 E.08173
G1 X8.392 Y-1.397 E.01736
G1 X8.926 Y-1.74 E.02106
G1 X4.781 Y-1.74 E.1375
G1 X4.247 Y-1.397 E.02106
G1 X3.877 Y-1.027 E.01736
G1 X2.545 Y1.046 E.08173
G1 X2.175 Y1.416 E.01736
G1 X.102 Y2.748 E.08173
G1 X-.268 Y3.118 E.01736
G1 X-1.6 Y5.191 E.08173
G1 X-1.97 Y5.561 E.01736
G1 X-4.043 Y6.893 E.08173
G1 X-4.413 Y7.263 E.01736
G1 X-5.745 Y9.336 E.08173
G1 X-6.115 Y9.706 E.01736
G1 X-8.188 Y11.038 E.08173
G1 X-8.558 Y11.408 E.01736
G1 X-9.89 Y13.481 E.08173
G1 X-10.26 Y13.851 E.01736
G1 X-12.333 Y15.183 E.08173
G1 X-12.703 Y15.553 E.01736
G1 X-14.035 Y17.626 E.08173
G1 X-14.405 Y17.996 E.01736
G1 X-16.478 Y19.328 E.08173
G1 X-16.848 Y19.698 E.01736
G1 X-18.18 Y21.771 E.08173
G1 X-18.55 Y22.141 E.01736
G1 X-19.264 Y22.599 E.02814
G1 X-19.264 Y18.454 E.1375
G1 X-18.55 Y17.996 E.02814
G1 X-18.18 Y17.626 E.01736
G1 X-16.848 Y15.553 E.08173
G1 X-16.478 Y15.183 E.01736
G1 X-14.405 Y13.851 E.08173
G1 X-14.035 Y13.481 E.01736
G1 X-12.703 Y11.408 E.08173
G1 X-12.333 Y11.038 E.01736
G1 X-10.26 Y9.706 E.08173
G1 X-9.89 Y9.336 E.01736
G1 X-8.558 Y7.263 E.08173
G1 X-8.188 Y6.893 E.01736
G1 X-6.115 Y5.561 E.08173
G1 X-5.745 Y5.191 E.01736
G1 X-4.413 Y3.118 E.08173
G1 X-4.043 Y2.748 E.01736
G1 X-1.97 Y1.416 E.08173
G1 X-1.6 Y1.046 E.01736
G1 X-.268 Y-1.027 E.08173
G1 X.102 Y-1.397 E.01736
G1 X.636 Y-1.74 E.02106
G1 X-3.509 Y-1.74 E.1375
G1 X-4.043 Y-1.397 E.02106
G1 X-4.413 Y-1.027 E.01736
G1 X-5.745 Y1.046 E.08173
G1 X-6.115 Y1.416 E.01736
G1 X-8.188 Y2.748 E.08173
G1 X-8.558 Y3.118 E.01736
G1 X-9.89 Y5.191 E.08173
G1 X-10.26 Y5.561 E.01736
G1 X-12.333 Y6.893 E.08173
G1 X-12.703 Y7.263 E.01736
G1 X-14.035 Y9.336 E.08173
G1 X-14.405 Y9.706 E.01736
G1 X-16.478 Y11.038 E.08173
G1 X-16.848 Y11.408 E.01736
G1 X-18.18 Y13.481 E.08173
G1 X-18.55 Y13.851 E.01736
G1 X-19.264 Y14.309 E.02814
G1 X-19.264 Y10.164 E.1375
G1 X-18.55 Y9.706 E.02814
G1 X-18.18 Y9.336 E.01736
G1 X-16.848 Y7.263 E.08173
G1 X-16.478 Y6.893 E.01736
G1 X-14.405 Y5.561 E.08173
G1 X-14.035 Y5.191 E.01736
G1 X-12.703 Y3.118 E.08173
G1 X-12.333 Y2.748 E.01736
G1 X-10.26 Y1.416 E.08173
G1 X-9.89 Y1.046 E.01736
G1 X-8.558 Y-1.027 E.08173
G1 X-8.188 Y-1.397 E.01736
G1 X-7.654 Y-1.74 E.02106
G1 X-11.799 Y-1.74 E.1375
G1 X-12.333 Y-1.397 E.02106
G1 X-12.703 Y-1.027 E.01736
G1 X-14.035 Y1.046 E.08173
G1 X-14.405 Y1.416 E.01736
G1 X-16.478 Y2.748 E.08173
G1 X-16.848 Y3.118 E.01736
G1 X-18.18 Y5.191 E.08173
G1 X-18.55 Y5.561 E.01736
G1 X-19.264 Y6.019 E.02814
G1 X-19.264 Y1.874 E.1375
G1 X-18.55 Y1.416 E.02814
G1 X-18.18 Y1.046 E.01736
G1 X-16.848 Y-1.027 E.08173
G1 X-16.478 Y-1.397 E.01736
G1 X-15.944 Y-1.74 E.02106
G1 X-17.572 Y-1.74 E.05401
;LAYER_CHANGE
;Z:3.6
;HEIGHT:0.2
;BEFORE_LAYER_CHANGE
;3.6
G1 E-.8 F2100
;WIPE_START
G1 F16200
G1 X-15.944 Y-1.74
G1 X-16.256 Y-1.539
;WIPE_END
;AFTER_LAYER_CHANGE
;3.6
;_SET_FAN_SPEED_CHANGING_LAYER
G1 F30000
G1 X-15.975 Y-1.02929 Z3.63077
G1 X-15.963 Y-0.446939 Z3.66154
G1 X-16.223 Y0.0742975 Z3.69231
G1 X-16.6954 Y0.415008 Z3.72308
G1 X-17.272 Y0.497141 Z3.75385
G1 X-17.8208 Y0.30188 Z3.78462
G1 X-18.216 Y-0.126044 Z3.81538
G1 X-18.367 Y-0.688597 Z3.84615
G1 X-18.2393 Y-1.25691 Z3.87692
G1 X-17.8622 Y-1.70078 Z3.90769
G1 X-17.3219 Y-1.91853 Z3.93846
G1 X-16.7424 Y-1.86027 Z3.96923
G1 X-16.2563 Y-1.53935 Z4
G1 X17.607 Y35.13 Z4
G1 Z3.6
G1 E.8 F2100
SET_VELOCITY_LIMIT ACCEL=5000
;TYPE:Inner wall
G1 F11597
G1 X-19.475 Y35.13 E1.23007
G1 X-19.475 Y-1.951 E1.23007
G1 X17.607 Y-1.951 E1.23007
G1 X17.607 Y35.09 E1.22874
SET_VELOCITY_LIMIT ACCEL=10000
G1 X18.014 Y35.537 F30000
SET_VELOCITY_LIMIT ACCEL=5000
G1 F11597
G1 X-19.882 Y35.537 E1.25707
G1 X-19.882 Y-2.358 E1.25707
G1 X18.014 Y-2.358 E1.25707
G1 X18.014 Y35.497 E1.25575
SET_VELOCITY_LIMIT ACCEL=10000
G1 X18.421 Y35.944 F30000
SET_VELOCITY_LIMIT ACCEL=5000
G1 F11597
G1 X-20.289 Y35.944 E1.28408
G1 X-20.289 Y-2.766 E1.28408
G1 X18.421 Y-2.766 E1.28408
G1 X18.421 Y35.904 E1.28275
G1 X18.856 Y36.379 F30000
;TYPE:Outer wall
;WIDTH:0.42
G1 F11597
G1 X-20.724 Y36.379 E1.21618
G1 X-20.724 Y-3.201 E1.21618
G1 X18.856 Y-3.201 E1.21618
G1 X18.856 Y36.339 E1.21495
SET_VELOCITY_LIMIT ACCEL=10000
G1 E-.8 F2100
;WIPE_START
G1 F12000
G1 X16.856 Y36.341
;WIPE_END
G1 X17.396 Y33.048 Z4 F30000
G1 Z3.6
G1 E.8 F2100
;TYPE:Sparse infill
;WIDTH:0.45
G1 F11597
G1 X17.396 Y31.42 E.05401
G1 X13.896 Y34.919 E.16417
G1 X9.751 Y34.919 E.1375
G1 X17.396 Y27.275 E.35862
G1 X17.396 Y23.13 E.1375
G1 X5.606 Y34.919 E.55307
G1 X1.461 Y34.919 E.1375
G1 X17.396 Y18.985 E.74752
G1 X17.396 Y14.84 E.1375
G1 X-2.684 Y34.919 E.94197
G1 X-6.829 Y34.919 E.1375
G1 X17.396 Y10.695 E1.13642
G1 X17.396 Y6.55 E.1375
G1 X-10.974 Y34.919 E1.33088
G1 X-15.119 Y34.919 E.1375
G1 X17.396 Y2.405 E1.52533
G1 X17.396 Y-1.74 E.1375
G1 X-19.264 Y34.919 E1.71978
G1 X-19.264 Y30.774 E.1375
G1 X13.251 Y-1.74 E1.52533
G1 X9.106 Y-1.74 E.1375
G1 X-19.264 Y26.629 E1.33087
G1 X-19.264 Y22.484 E.1375
G1 X4.961 Y-1.74 E1.13642
G1 X.816 Y-1.74 E.1375
G1 X-19.264 Y18.339 E.94197
G1 X-19.264 Y14.194 E.1375
G1 X-3.329 Y-1.74 E.74752
G1 X-7.474 Y-1.74 E.1375
G1 X-19.264 Y10.049 E.55307
G1 X-19.264 Y5.904 E.1375
G1 X-11.619 Y-1.74 E.35862
G1 X-15.764 Y-1.74 E.1375
G1 X-19.264 Y1.759 E.16417
G1 X-19.264 Y.131 E.05401
;LAYER_CHANGE
;Z:3.8
;HEIGHT:0.2
;BEFORE_LAYER_CHANGE
;3.8
G1 E-.8 F2100
;WIPE_START
G1 F16200
G1 X-19.264 Y1.759
G1 X-19.001 Y1.496
;WIPE_END
;AFTER_LAYER_CHANGE
;3.8
;_SET_FAN_SPEED_CHANGING_LAYER
G1 F30000
G1 X-18.6788 Y1.98155 Z3.83077
G1 X-18.619 Y2.56096 Z3.86154
G1 X-18.8354 Y3.10176 Z3.89231
G1 X-19.2783 Y3.48005 Z3.92308
G1 X-19.8463 Y3.60919 Z3.95385
G1 X-20.4092 Y3.45958 Z3.98462
G1 X-20.8382 Y3.0655 Z4.01538
G1 X-21.0348 Y2.51722 Z4.04615
G1 X-20.9542 Y1.94035 Z4.07692
G1 X-20.6147 Y1.46705 Z4.10769
G1 X-20.0941 Y1.20574 Z4.13846
G1 X-19.5117 Y1.21629 Z4.16923
G1 X-19.0009 Y1.49627 Z4.2
G1 X17.607 Y35.13 Z4.2
G1 Z3.8
G1 E.8 F2100
SET_VELOCITY_LIMIT ACCEL=5000
;TYPE:Inner wall
G1 F11597
G1 X-19.475 Y35.13 E1.23007
G1 X-19.475 Y-1.951 E1.23007
G1 X17.607 Y-1.951 E1.23007
G1 X17.607 Y35.09 E1.22874
M73 P24 R14
SET_VELOCITY_LIMIT ACCEL=10000
G1 X18.014 Y35.537 F30000
SET_VELOCITY_LIMIT ACCEL=5000
G1 F11597
G1 X-19.882 Y35.537 E1.25707
G1 X-19.882 Y-2.358 E1.25707
G1 X18.014 Y-2.358 E1.25707
G1 X18.014 Y35.497 E1.25575
SET_VELOCITY_LIMIT ACCEL=10000
G1 X18.421 Y35.944 F30000
SET_VELOCITY_LIMIT ACCEL=5000
G1 F11597
G1 X-20.289 Y35.944 E1.28408
G1 X-20.289 Y-2.766 E1.28408
G1 X18.421 Y-2.766 E1.28408
G1 X18.421 Y35.904 E1.28275
G1 X18.856 Y36.379 F30000
;TYPE:Outer wall
;WIDTH:0.42
G1 F11597
G1 X-20.724 Y36.379 E1.21618
G1 X-20.724 Y-3.201 E1.21618
G1 X18.856 Y-3.201 E1.21618
G1 X18.856 Y36.339 E1.21495
SET_VELOCITY_LIMIT ACCEL=10000
G1 E-.8 F2100
;WIPE_START
G1 F12000
G1 X16.856 Y36.341
;WIPE_END
G1 X17.396 Y33.048 Z4.2 F30000
G1 Z3.8
G1 E.8 F2100
;TYPE:Sparse infill
;WIDTH:0.45
G1 F11597
G1 X17.396 Y31.42 E.05401
G1 X13.896 Y34.919 E.16417
G1 X9.751 Y34.919 E.1375
G1 X17.396 Y27.275 E.35862
G1 X17.396 Y23.13 E.1375
G1 X5.606 Y34.919 E.55307
G1 X1.461 Y34.919 E.1375
G1 X17.396 Y18.985 E.74752
G1 X17.396 Y14.84 E.1375
G1 X-2.684 Y34.919 E.94197
G1 X-6.829 Y34.919 E.1375
G1 X17.396 Y10.695 E1.13642
G1 X17.396 Y6.55 E.1375
G1 X-10.974 Y34.919 E1.33088
G1 X-15.119 Y34.919 E.1375
G1 X17.396 Y2.405 E1.52533
G1 X17.396 Y-1.74 E.1375
G1 X-19.264 Y34.919 E1.71978
G1 X-19.264 Y30.774 E.1375
G1 X13.251 Y-1.74 E1.52533
G1 X9.106 Y-1.74 E.1375
G1 X-19.264 Y26.629 E1.33087
G1 X-19.264 Y22.484 E.1375
G1 X4.961 Y-1.74 E1.13642
G1 X.816 Y-1.74 E.1375
G1 X-19.264 Y18.339 E.94197
G1 X-19.264 Y14.194 E.1375
G1 X-3.329 Y-1.74 E.74752
G1 X-7.474 Y-1.74 E.1375
G1 X-19.264 Y10.049 E.55307
G1 X-19.264 Y5.904 E.1375
G1 X-11.619 Y-1.74 E.35862
G1 X-15.764 Y-1.74 E.1375
G1 X-19.264 Y1.759 E.16417
G1 X-19.264 Y.131 E.05401
;LAYER_CHANGE
;Z:4
;HEIGHT:0.2
;BEFORE_LAYER_CHANGE
;4
G1 E-.8 F2100
;WIPE_START
G1 F16200
G1 X-19.264 Y1.759
G1 X-19.001 Y1.496
;WIPE_END
;AFTER_LAYER_CHANGE
;4
;_SET_FAN_SPEED_CHANGING_LAYER
G1 F30000
G1 X-18.6788 Y1.98155 Z4.03077
G1 X-18.619 Y2.56096 Z4.06154
G1 X-18.8354 Y3.10176 Z4.09231
G1 X-19.2783 Y3.48005 Z4.12308
G1 X-19.8463 Y3.60919 Z4.15385
G1 X-20.4092 Y3.45958 Z4.18462
G1 X-20.8382 Y3.0655 Z4.21538
G1 X-21.0348 Y2.51722 Z4.24615
G1 X-20.9542 Y1.94035 Z4.27692
G1 X-20.6147 Y1.46705 Z4.30769
G1 X-20.0941 Y1.20574 Z4.33846
G1 X-19.5117 Y1.21629 Z4.36923
G1 X-19.0009 Y1.49627 Z4.4
G1 X17.607 Y35.13 Z4.4
G1 Z4
G1 E.8 F2100
SET_VELOCITY_LIMIT ACCEL=5000
;TYPE:Inner wall
G1 F11597
G1 X-19.475 Y35.13 E1.23007
G1 X-19.475 Y-1.951 E1.23007
G1 X17.607 Y-1.951 E1.23007
G1 X17.607 Y35.09 E1.22874
SET_VELOCITY_LIMIT ACCEL=10000
G1 X18.014 Y35.537 F30000
SET_VELOCITY_LIMIT ACCEL=5000
G1 F11597
G1 X-19.882 Y35.537 E1.25707
G1 X-19.882 Y-2.358 E1.25707
G1 X18.014 Y-2.358 E1.25707
G1 X18.014 Y35.497 E1.25575
SET_VELOCITY_LIMIT ACCEL=10000
G1 X18.421 Y35.944 F30000
SET_VELOCITY_LIMIT ACCEL=5000
G1 F11597
G1 X-20.289 Y35.944 E1.28408
G1 X-20.289 Y-2.766 E1.28408
G1 X18.421 Y-2.766 E1.28408
G1 X18.421 Y35.904 E1.28275
G1 X18.856 Y36.379 F30000
;TYPE:Outer wall
;WIDTH:0.42
G1 F11597
G1 X-20.724 Y36.379 E1.21618
G1 X-20.724 Y-3.201 E1.21618
G1 X18.856 Y-3.201 E1.21618
G1 X18.856 Y36.339 E1.21495
SET_VELOCITY_LIMIT ACCEL=10000
G1 E-.8 F2100
;WIPE_START
G1 F12000
G1 X16.856 Y36.341
;WIPE_END
G1 X17.396 Y33.048 Z4.4 F30000
G1 Z4
G1 E.8 F2100
;TYPE:Sparse infill
;WIDTH:0.45
G1 F11597
G1 X17.396 Y31.42 E.05401
G1 X13.896 Y34.919 E.16417
G1 X9.751 Y34.919 E.1375
G1 X17.396 Y27.275 E.35862
M73 P25 R14
G1 X17.396 Y23.13 E.1375
G1 X5.606 Y34.919 E.55307
G1 X1.461 Y34.919 E.1375
G1 X17.396 Y18.985 E.74752
G1 X17.396 Y14.84 E.1375
G1 X-2.684 Y34.919 E.94197
G1 X-6.829 Y34.919 E.1375
G1 X17.396 Y10.695 E1.13642
G1 X17.396 Y6.55 E.1375
G1 X-10.974 Y34.919 E1.33088
G1 X-15.119 Y34.919 E.1375
G1 X17.396 Y2.405 E1.52533
G1 X17.396 Y-1.74 E.1375
G1 X-19.264 Y34.919 E1.71978
G1 X-19.264 Y30.774 E.1375
G1 X13.251 Y-1.74 E1.52533
G1 X9.106 Y-1.74 E.1375
G1 X-19.264 Y26.629 E1.33087
G1 X-19.264 Y22.484 E.1375
G1 X4.961 Y-1.74 E1.13642
G1 X.816 Y-1.74 E.1375
G1 X-19.264 Y18.339 E.94197
G1 X-19.264 Y14.194 E.1375
G1 X-3.329 Y-1.74 E.74752
G1 X-7.474 Y-1.74 E.1375
G1 X-19.264 Y10.049 E.55307
G1 X-19.264 Y5.904 E.1375
G1 X-11.619 Y-1.74 E.35862
G1 X-15.764 Y-1.74 E.1375
G1 X-19.264 Y1.759 E.16417
G1 X-19.264 Y.131 E.05401
;LAYER_CHANGE
;Z:4.2
;HEIGHT:0.2
;BEFORE_LAYER_CHANGE
;4.2
G1 E-.8 F2100
;WIPE_START
G1 F16200
G1 X-19.264 Y1.759
G1 X-19.001 Y1.496
;WIPE_END
;AFTER_LAYER_CHANGE
;4.2
;_SET_FAN_SPEED_CHANGING_LAYER
G1 F30000
G1 X-18.6788 Y1.98155 Z4.23077
G1 X-18.619 Y2.56096 Z4.26154
G1 X-18.8354 Y3.10176 Z4.29231
G1 X-19.2783 Y3.48005 Z4.32308
G1 X-19.8463 Y3.60919 Z4.35385
G1 X-20.4092 Y3.45958 Z4.38462
G1 X-20.8382 Y3.0655 Z4.41538
G1 X-21.0348 Y2.51722 Z4.44615
G1 X-20.9542 Y1.94035 Z4.47692
G1 X-20.6147 Y1.46705 Z4.50769
G1 X-20.0941 Y1.20574 Z4.53846
G1 X-19.5117 Y1.21629 Z4.56923
G1 X-19.0009 Y1.49627 Z4.6
G1 X17.607 Y35.13 Z4.6
G1 Z4.2
G1 E.8 F2100
SET_VELOCITY_LIMIT ACCEL=5000
;TYPE:Inner wall
G1 F11597
G1 X-19.475 Y35.13 E1.23007
G1 X-19.475 Y-1.951 E1.23007
G1 X17.607 Y-1.951 E1.23007
G1 X17.607 Y35.09 E1.22874
SET_VELOCITY_LIMIT ACCEL=10000
G1 X18.014 Y35.537 F30000
SET_VELOCITY_LIMIT ACCEL=5000
G1 F11597
G1 X-19.882 Y35.537 E1.25707
G1 X-19.882 Y-2.358 E1.25707
G1 X18.014 Y-2.358 E1.25707
G1 X18.014 Y35.497 E1.25575
SET_VELOCITY_LIMIT ACCEL=10000
G1 X18.421 Y35.944 F30000
SET_VELOCITY_LIMIT ACCEL=5000
G1 F11597
G1 X-20.289 Y35.944 E1.28408
G1 X-20.289 Y-2.766 E1.28408
G1 X18.421 Y-2.766 E1.28408
G1 X18.421 Y35.904 E1.28275
G1 X18.856 Y36.379 F30000
;TYPE:Outer wall
;WIDTH:0.42
G1 F11597
G1 X-20.724 Y36.379 E1.21618
G1 X-20.724 Y-3.201 E1.21618
G1 X18.856 Y-3.201 E1.21618
G1 X18.856 Y36.339 E1.21495
SET_VELOCITY_LIMIT ACCEL=10000
G1 E-.8 F2100
;WIPE_START
G1 F12000
G1 X16.856 Y36.341
;WIPE_END
G1 X17.396 Y33.048 Z4.6 F30000
G1 Z4.2
G1 E.8 F2100
;TYPE:Sparse infill
;WIDTH:0.45
G1 F11597
G1 X17.396 Y31.42 E.05401
G1 X13.896 Y34.919 E.16417
G1 X9.751 Y34.919 E.1375
G1 X17.396 Y27.275 E.35862
G1 X17.396 Y23.13 E.1375
G1 X5.606 Y34.919 E.55307
G1 X1.461 Y34.919 E.1375
G1 X17.396 Y18.985 E.74752
G1 X17.396 Y14.84 E.1375
G1 X-2.684 Y34.919 E.94197
G1 X-6.829 Y34.919 E.1375
G1 X17.396 Y10.695 E1.13642
G1 X17.396 Y6.55 E.1375
G1 X-10.974 Y34.919 E1.33088
G1 X-15.119 Y34.919 E.1375
G1 X17.396 Y2.405 E1.52533
G1 X17.396 Y-1.74 E.1375
G1 X-19.264 Y34.919 E1.71978
G1 X-19.264 Y30.774 E.1375
G1 X13.251 Y-1.74 E1.52533
G1 X9.106 Y-1.74 E.1375
G1 X-19.264 Y26.629 E1.33087
G1 X-19.264 Y22.484 E.1375
G1 X4.961 Y-1.74 E1.13642
G1 X.816 Y-1.74 E.1375
G1 X-19.264 Y18.339 E.94197
G1 X-19.264 Y14.194 E.1375
G1 X-3.329 Y-1.74 E.74752
G1 X-7.474 Y-1.74 E.1375
G1 X-19.264 Y10.049 E.55307
G1 X-19.264 Y5.904 E.1375
G1 X-11.619 Y-1.74 E.35862
G1 X-15.764 Y-1.74 E.1375
G1 X-19.264 Y1.759 E.16417
G1 X-19.264 Y.131 E.05401
;LAYER_CHANGE
;Z:4.4
;HEIGHT:0.2
;BEFORE_LAYER_CHANGE
;4.4
G1 E-.8 F2100
;WIPE_START
G1 F16200
G1 X-19.264 Y1.759
G1 X-19.001 Y1.496
;WIPE_END
;AFTER_LAYER_CHANGE
;4.4
;_SET_FAN_SPEED_CHANGING_LAYER
G1 F30000
G1 X-18.6788 Y1.98155 Z4.43077
G1 X-18.619 Y2.56096 Z4.46154
G1 X-18.8354 Y3.10176 Z4.49231
G1 X-19.2783 Y3.48005 Z4.52308
G1 X-19.8463 Y3.60919 Z4.55385
G1 X-20.4092 Y3.45958 Z4.58462
G1 X-20.8382 Y3.0655 Z4.61538
G1 X-21.0348 Y2.51722 Z4.64615
G1 X-20.9542 Y1.94035 Z4.67692
G1 X-20.6147 Y1.46705 Z4.70769
G1 X-20.0941 Y1.20574 Z4.73846
G1 X-19.5117 Y1.21629 Z4.76923
G1 X-19.0009 Y1.49627 Z4.8
G1 X17.607 Y35.13 Z4.8
G1 Z4.4
M73 P26 R14
G1 E.8 F2100
SET_VELOCITY_LIMIT ACCEL=5000
;TYPE:Inner wall
G1 F11597
G1 X-19.475 Y35.13 E1.23007
G1 X-19.475 Y-1.951 E1.23007
G1 X17.607 Y-1.951 E1.23007
G1 X17.607 Y35.09 E1.22874
SET_VELOCITY_LIMIT ACCEL=10000
G1 X18.014 Y35.537 F30000
SET_VELOCITY_LIMIT ACCEL=5000
G1 F11597
G1 X-19.882 Y35.537 E1.25707
G1 X-19.882 Y-2.358 E1.25707
G1 X18.014 Y-2.358 E1.25707
G1 X18.014 Y35.497 E1.25575
SET_VELOCITY_LIMIT ACCEL=10000
G1 X18.421 Y35.944 F30000
SET_VELOCITY_LIMIT ACCEL=5000
G1 F11597
G1 X-20.289 Y35.944 E1.28408
G1 X-20.289 Y-2.766 E1.28408
G1 X18.421 Y-2.766 E1.28408
G1 X18.421 Y35.904 E1.28275
G1 X18.856 Y36.379 F30000
;TYPE:Outer wall
;WIDTH:0.42
G1 F11597
G1 X-20.724 Y36.379 E1.21618
G1 X-20.724 Y-3.201 E1.21618
G1 X18.856 Y-3.201 E1.21618
G1 X18.856 Y36.339 E1.21495
SET_VELOCITY_LIMIT ACCEL=10000
G1 E-.8 F2100
;WIPE_START
G1 F12000
G1 X16.856 Y36.341
;WIPE_END
G1 X17.396 Y33.048 Z4.8 F30000
G1 Z4.4
G1 E.8 F2100
;TYPE:Sparse infill
;WIDTH:0.45
G1 F11597
G1 X17.396 Y31.42 E.05401
G1 X13.896 Y34.919 E.16417
G1 X9.751 Y34.919 E.1375
G1 X17.396 Y27.275 E.35862
M73 P26 R13
G1 X17.396 Y23.13 E.1375
G1 X5.606 Y34.919 E.55307
G1 X1.461 Y34.919 E.1375
G1 X17.396 Y18.985 E.74752
G1 X17.396 Y14.84 E.1375
G1 X-2.684 Y34.919 E.94197
G1 X-6.829 Y34.919 E.1375
G1 X17.396 Y10.695 E1.13642
G1 X17.396 Y6.55 E.1375
G1 X-10.974 Y34.919 E1.33088
G1 X-15.119 Y34.919 E.1375
G1 X17.396 Y2.405 E1.52533
G1 X17.396 Y-1.74 E.1375
G1 X-19.264 Y34.919 E1.71978
G1 X-19.264 Y30.774 E.1375
G1 X13.251 Y-1.74 E1.52533
G1 X9.106 Y-1.74 E.1375
G1 X-19.264 Y26.629 E1.33087
G1 X-19.264 Y22.484 E.1375
G1 X4.961 Y-1.74 E1.13642
G1 X.816 Y-1.74 E.1375
G1 X-19.264 Y18.339 E.94197
G1 X-19.264 Y14.194 E.1375
G1 X-3.329 Y-1.74 E.74752
G1 X-7.474 Y-1.74 E.1375
G1 X-19.264 Y10.049 E.55307
G1 X-19.264 Y5.904 E.1375
G1 X-11.619 Y-1.74 E.35862
G1 X-15.764 Y-1.74 E.1375
G1 X-19.264 Y1.759 E.16417
G1 X-19.264 Y.131 E.05401
;LAYER_CHANGE
;Z:4.6
;HEIGHT:0.2
;BEFORE_LAYER_CHANGE
;4.6
G1 E-.8 F2100
;WIPE_START
G1 F16200
G1 X-19.264 Y1.759
G1 X-19.001 Y1.496
;WIPE_END
;AFTER_LAYER_CHANGE
;4.6
;_SET_FAN_SPEED_CHANGING_LAYER
G1 F30000
G1 X-18.6788 Y1.98155 Z4.63077
G1 X-18.619 Y2.56096 Z4.66154
G1 X-18.8354 Y3.10176 Z4.69231
G1 X-19.2783 Y3.48005 Z4.72308
G1 X-19.8463 Y3.60919 Z4.75385
G1 X-20.4092 Y3.45958 Z4.78462
G1 X-20.8382 Y3.0655 Z4.81538
G1 X-21.0348 Y2.51722 Z4.84615
G1 X-20.9542 Y1.94035 Z4.87692
G1 X-20.6147 Y1.46705 Z4.90769
G1 X-20.0941 Y1.20574 Z4.93846
G1 X-19.5117 Y1.21629 Z4.96923
G1 X-19.0009 Y1.49627 Z5
G1 X17.607 Y35.13 Z5
G1 Z4.6
G1 E.8 F2100
SET_VELOCITY_LIMIT ACCEL=5000
;TYPE:Inner wall
G1 F11597
G1 X-19.475 Y35.13 E1.23007
G1 X-19.475 Y-1.951 E1.23007
G1 X17.607 Y-1.951 E1.23007
G1 X17.607 Y35.09 E1.22874
SET_VELOCITY_LIMIT ACCEL=10000
G1 X18.014 Y35.537 F30000
SET_VELOCITY_LIMIT ACCEL=5000
G1 F11597
G1 X-19.882 Y35.537 E1.25707
G1 X-19.882 Y-2.358 E1.25707
G1 X18.014 Y-2.358 E1.25707
G1 X18.014 Y35.497 E1.25575
SET_VELOCITY_LIMIT ACCEL=10000
G1 X18.421 Y35.944 F30000
SET_VELOCITY_LIMIT ACCEL=5000
G1 F11597
G1 X-20.289 Y35.944 E1.28408
G1 X-20.289 Y-2.766 E1.28408
G1 X18.421 Y-2.766 E1.28408
G1 X18.421 Y35.904 E1.28275
G1 X18.856 Y36.379 F30000
;TYPE:Outer wall
;WIDTH:0.42
G1 F11597
G1 X-20.724 Y36.379 E1.21618
G1 X-20.724 Y-3.201 E1.21618
G1 X18.856 Y-3.201 E1.21618
G1 X18.856 Y36.339 E1.21495
M73 P27 R13
SET_VELOCITY_LIMIT ACCEL=10000
G1 E-.8 F2100
;WIPE_START
G1 F12000
G1 X16.856 Y36.341
;WIPE_END
G1 X17.396 Y33.048 Z5 F30000
G1 Z4.6
G1 E.8 F2100
;TYPE:Sparse infill
;WIDTH:0.45
G1 F11597
G1 X17.396 Y31.42 E.05401
G1 X13.896 Y34.919 E.16417
G1 X9.751 Y34.919 E.1375
G1 X17.396 Y27.275 E.35862
G1 X17.396 Y23.13 E.1375
G1 X5.606 Y34.919 E.55307
G1 X1.461 Y34.919 E.1375
G1 X17.396 Y18.985 E.74752
G1 X17.396 Y14.84 E.1375
G1 X-2.684 Y34.919 E.94197
G1 X-6.829 Y34.919 E.1375
G1 X17.396 Y10.695 E1.13642
G1 X17.396 Y6.55 E.1375
G1 X-10.974 Y34.919 E1.33088
G1 X-15.119 Y34.919 E.1375
G1 X17.396 Y2.405 E1.52533
G1 X17.396 Y-1.74 E.1375
G1 X-19.264 Y34.919 E1.71978
G1 X-19.264 Y30.774 E.1375
G1 X13.251 Y-1.74 E1.52533
G1 X9.106 Y-1.74 E.1375
G1 X-19.264 Y26.629 E1.33087
G1 X-19.264 Y22.484 E.1375
G1 X4.961 Y-1.74 E1.13642
G1 X.816 Y-1.74 E.1375
G1 X-19.264 Y18.339 E.94197
G1 X-19.264 Y14.194 E.1375
G1 X-3.329 Y-1.74 E.74752
G1 X-7.474 Y-1.74 E.1375
G1 X-19.264 Y10.049 E.55307
G1 X-19.264 Y5.904 E.1375
G1 X-11.619 Y-1.74 E.35862
G1 X-15.764 Y-1.74 E.1375
G1 X-19.264 Y1.759 E.16417
G1 X-19.264 Y.131 E.05401
;LAYER_CHANGE
;Z:4.8
;HEIGHT:0.2
;BEFORE_LAYER_CHANGE
;4.8
G1 E-.8 F2100
;WIPE_START
G1 F16200
G1 X-19.264 Y1.759
G1 X-19.001 Y1.496
;WIPE_END
;AFTER_LAYER_CHANGE
;4.8
;_SET_FAN_SPEED_CHANGING_LAYER
G1 F30000
G1 X-18.6788 Y1.98155 Z4.83077
G1 X-18.619 Y2.56096 Z4.86154
G1 X-18.8354 Y3.10176 Z4.89231
G1 X-19.2783 Y3.48005 Z4.92308
G1 X-19.8463 Y3.60919 Z4.95385
G1 X-20.4092 Y3.45958 Z4.98462
G1 X-20.8382 Y3.0655 Z5.01538
G1 X-21.0348 Y2.51722 Z5.04615
G1 X-20.9542 Y1.94035 Z5.07692
G1 X-20.6147 Y1.46705 Z5.10769
G1 X-20.0941 Y1.20574 Z5.13846
G1 X-19.5117 Y1.21629 Z5.16923
G1 X-19.0009 Y1.49627 Z5.2
G1 X17.607 Y35.13 Z5.2
G1 Z4.8
G1 E.8 F2100
SET_VELOCITY_LIMIT ACCEL=5000
;TYPE:Inner wall
G1 F11597
G1 X-19.475 Y35.13 E1.23007
G1 X-19.475 Y-1.951 E1.23007
G1 X17.607 Y-1.951 E1.23007
G1 X17.607 Y35.09 E1.22874
SET_VELOCITY_LIMIT ACCEL=10000
G1 X18.014 Y35.537 F30000
SET_VELOCITY_LIMIT ACCEL=5000
G1 F11597
G1 X-19.882 Y35.537 E1.25707
G1 X-19.882 Y-2.358 E1.25707
G1 X18.014 Y-2.358 E1.25707
G1 X18.014 Y35.497 E1.25575
SET_VELOCITY_LIMIT ACCEL=10000
G1 X18.421 Y35.944 F30000
SET_VELOCITY_LIMIT ACCEL=5000
G1 F11597
G1 X-20.289 Y35.944 E1.28408
G1 X-20.289 Y-2.766 E1.28408
G1 X18.421 Y-2.766 E1.28408
G1 X18.421 Y35.904 E1.28275
G1 X18.856 Y36.379 F30000
;TYPE:Outer wall
;WIDTH:0.42
G1 F11597
G1 X-20.724 Y36.379 E1.21618
G1 X-20.724 Y-3.201 E1.21618
G1 X18.856 Y-3.201 E1.21618
G1 X18.856 Y36.339 E1.21495
SET_VELOCITY_LIMIT ACCEL=10000
G1 E-.8 F2100
;WIPE_START
G1 F12000
G1 X16.856 Y36.341
;WIPE_END
G1 X17.396 Y33.048 Z5.2 F30000
G1 Z4.8
G1 E.8 F2100
;TYPE:Sparse infill
;WIDTH:0.45
G1 F11597
G1 X17.396 Y31.42 E.05401
G1 X13.896 Y34.919 E.16417
G1 X9.751 Y34.919 E.1375
G1 X17.396 Y27.275 E.35862
G1 X17.396 Y23.13 E.1375
G1 X5.606 Y34.919 E.55307
G1 X1.461 Y34.919 E.1375
G1 X17.396 Y18.985 E.74752
G1 X17.396 Y14.84 E.1375
G1 X-2.684 Y34.919 E.94197
G1 X-6.829 Y34.919 E.1375
G1 X17.396 Y10.695 E1.13642
G1 X17.396 Y6.55 E.1375
G1 X-10.974 Y34.919 E1.33088
G1 X-15.119 Y34.919 E.1375
G1 X17.396 Y2.405 E1.52533
G1 X17.396 Y-1.74 E.1375
G1 X-19.264 Y34.919 E1.71978
G1 X-19.264 Y30.774 E.1375
G1 X13.251 Y-1.74 E1.52533
G1 X9.106 Y-1.74 E.1375
G1 X-19.264 Y26.629 E1.33087
G1 X-19.264 Y22.484 E.1375
G1 X4.961 Y-1.74 E1.13642
G1 X.816 Y-1.74 E.1375
G1 X-19.264 Y18.339 E.94197
G1 X-19.264 Y14.194 E.1375
G1 X-3.329 Y-1.74 E.74752
G1 X-7.474 Y-1.74 E.1375
G1 X-19.264 Y10.049 E.55307
G1 X-19.264 Y5.904 E.1375
M73 P28 R13
G1 X-11.619 Y-1.74 E.35862
G1 X-15.764 Y-1.74 E.1375
G1 X-19.264 Y1.759 E.16417
G1 X-19.264 Y.131 E.05401
;LAYER_CHANGE
;Z:5
;HEIGHT:0.2
;BEFORE_LAYER_CHANGE
;5
G1 E-.8 F2100
;WIPE_START
G1 F16200
G1 X-19.264 Y1.759
G1 X-19.001 Y1.496
;WIPE_END
;AFTER_LAYER_CHANGE
;5
;_SET_FAN_SPEED_CHANGING_LAYER
G1 F30000
G1 X-18.6788 Y1.98155 Z5.03077
G1 X-18.619 Y2.56096 Z5.06154
G1 X-18.8354 Y3.10176 Z5.09231
G1 X-19.2783 Y3.48005 Z5.12308
G1 X-19.8463 Y3.60919 Z5.15385
G1 X-20.4092 Y3.45958 Z5.18462
G1 X-20.8382 Y3.0655 Z5.21538
G1 X-21.0348 Y2.51722 Z5.24615
G1 X-20.9542 Y1.94035 Z5.27692
G1 X-20.6147 Y1.46705 Z5.30769
G1 X-20.0941 Y1.20574 Z5.33846
G1 X-19.5117 Y1.21629 Z5.36923
G1 X-19.0009 Y1.49627 Z5.4
G1 X17.607 Y35.13 Z5.4
G1 Z5
G1 E.8 F2100
SET_VELOCITY_LIMIT ACCEL=5000
;TYPE:Inner wall
G1 F11597
G1 X-19.475 Y35.13 E1.23007
G1 X-19.475 Y-1.951 E1.23007
G1 X17.607 Y-1.951 E1.23007
G1 X17.607 Y35.09 E1.22874
SET_VELOCITY_LIMIT ACCEL=10000
G1 X18.014 Y35.537 F30000
SET_VELOCITY_LIMIT ACCEL=5000
G1 F11597
G1 X-19.882 Y35.537 E1.25707
G1 X-19.882 Y-2.358 E1.25707
G1 X18.014 Y-2.358 E1.25707
G1 X18.014 Y35.497 E1.25575
SET_VELOCITY_LIMIT ACCEL=10000
G1 X18.421 Y35.944 F30000
SET_VELOCITY_LIMIT ACCEL=5000
G1 F11597
G1 X-20.289 Y35.944 E1.28408
G1 X-20.289 Y-2.766 E1.28408
G1 X18.421 Y-2.766 E1.28408
G1 X18.421 Y35.904 E1.28275
G1 X18.856 Y36.379 F30000
;TYPE:Outer wall
;WIDTH:0.42
G1 F11597
G1 X-20.724 Y36.379 E1.21618
G1 X-20.724 Y-3.201 E1.21618
G1 X18.856 Y-3.201 E1.21618
G1 X18.856 Y36.339 E1.21495
SET_VELOCITY_LIMIT ACCEL=10000
G1 E-.8 F2100
;WIPE_START
G1 F12000
G1 X16.856 Y36.341
;WIPE_END
G1 X17.396 Y33.048 Z5.4 F30000
G1 Z5
G1 E.8 F2100
;TYPE:Sparse infill
;WIDTH:0.45
G1 F11597
G1 X17.396 Y31.42 E.05401
G1 X13.896 Y34.919 E.16417
G1 X9.751 Y34.919 E.1375
G1 X17.396 Y27.275 E.35862
G1 X17.396 Y23.13 E.1375
G1 X5.606 Y34.919 E.55307
G1 X1.461 Y34.919 E.1375
G1 X17.396 Y18.985 E.74752
G1 X17.396 Y14.84 E.1375
G1 X-2.684 Y34.919 E.94197
G1 X-6.829 Y34.919 E.1375
G1 X17.396 Y10.695 E1.13642
G1 X17.396 Y6.55 E.1375
G1 X-10.974 Y34.919 E1.33088
G1 X-15.119 Y34.919 E.1375
G1 X17.396 Y2.405 E1.52533
G1 X17.396 Y-1.74 E.1375
G1 X-19.264 Y34.919 E1.71978
G1 X-19.264 Y30.774 E.1375
G1 X13.251 Y-1.74 E1.52533
G1 X9.106 Y-1.74 E.1375
G1 X-19.264 Y26.629 E1.33087
G1 X-19.264 Y22.484 E.1375
G1 X4.961 Y-1.74 E1.13642
G1 X.816 Y-1.74 E.1375
G1 X-19.264 Y18.339 E.94197
G1 X-19.264 Y14.194 E.1375
G1 X-3.329 Y-1.74 E.74752
G1 X-7.474 Y-1.74 E.1375
G1 X-19.264 Y10.049 E.55307
G1 X-19.264 Y5.904 E.1375
G1 X-11.619 Y-1.74 E.35862
G1 X-15.764 Y-1.74 E.1375
G1 X-19.264 Y1.759 E.16417
G1 X-19.264 Y.131 E.05401
;LAYER_CHANGE
;Z:5.2
;HEIGHT:0.2
;BEFORE_LAYER_CHANGE
;5.2
G1 E-.8 F2100
;WIPE_START
G1 F16200
G1 X-19.264 Y1.759
G1 X-19.001 Y1.496
;WIPE_END
;AFTER_LAYER_CHANGE
;5.2
;_SET_FAN_SPEED_CHANGING_LAYER
G1 F30000
G1 X-18.6788 Y1.98155 Z5.23077
G1 X-18.619 Y2.56096 Z5.26154
G1 X-18.8354 Y3.10176 Z5.29231
G1 X-19.2783 Y3.48005 Z5.32308
G1 X-19.8463 Y3.60919 Z5.35385
G1 X-20.4092 Y3.45958 Z5.38462
G1 X-20.8382 Y3.0655 Z5.41538
G1 X-21.0348 Y2.51722 Z5.44615
G1 X-20.9542 Y1.94035 Z5.47692
G1 X-20.6147 Y1.46705 Z5.50769
G1 X-20.0941 Y1.20574 Z5.53846
G1 X-19.5117 Y1.21629 Z5.56923
G1 X-19.0009 Y1.49627 Z5.6
G1 X17.607 Y35.13 Z5.6
G1 Z5.2
G1 E.8 F2100
SET_VELOCITY_LIMIT ACCEL=5000
;TYPE:Inner wall
G1 F11996
G1 X-19.475 Y35.13 E1.23007
G1 X-19.475 Y-1.951 E1.23007
G1 X17.607 Y-1.951 E1.23007
G1 X17.607 Y35.09 E1.22874
SET_VELOCITY_LIMIT ACCEL=10000
G1 X18.014 Y35.537 F30000
SET_VELOCITY_LIMIT ACCEL=5000
G1 F11996
G1 X-19.882 Y35.537 E1.25707
G1 X-19.882 Y-2.358 E1.25707
G1 X18.014 Y-2.358 E1.25707
G1 X18.014 Y35.497 E1.25575
SET_VELOCITY_LIMIT ACCEL=10000
G1 X18.421 Y35.944 F30000
SET_VELOCITY_LIMIT ACCEL=5000
G1 F11996
G1 X-20.289 Y35.944 E1.28408
G1 X-20.289 Y-2.766 E1.28408
G1 X18.421 Y-2.766 E1.28408
G1 X18.421 Y35.904 E1.28275
G1 X18.856 Y36.379 F30000
;TYPE:Outer wall
;WIDTH:0.42
G1 F11996
G1 X-20.724 Y36.379 E1.21618
G1 X-20.724 Y-3.201 E1.21618
M73 P29 R13
G1 X18.856 Y-3.201 E1.21618
G1 X18.856 Y36.339 E1.21495
SET_VELOCITY_LIMIT ACCEL=10000
G1 E-.8 F2100
;WIPE_START
G1 F12000
G1 X16.856 Y36.341
;WIPE_END
G1 X17.396 Y32.895 Z5.6 F30000
G1 Z5.2
G1 E.8 F2100
;TYPE:Sparse infill
;WIDTH:0.45
G1 F11996
G1 X17.396 Y31.266 E.05401
G1 X16.682 Y31.641 E.02673
G1 X16.19 Y32.133 E.02311
G1 X15.102 Y34.206 E.07764
G1 X14.61 Y34.698 E.02311
G1 X14.189 Y34.919 E.01577
G1 X10.044 Y34.919 E.1375
G1 X10.465 Y34.698 E.01577
G1 X10.957 Y34.206 E.02311
G1 X12.045 Y32.133 E.07764
G1 X12.537 Y31.641 E.02311
G1 X14.61 Y30.553 E.07764
G1 X15.102 Y30.061 E.02311
G1 X16.19 Y27.988 E.07764
G1 X16.682 Y27.496 E.02311
G1 X17.396 Y27.121 E.02673
G1 X17.396 Y28.75 E.05401
G1 X7.527 Y34.919 F30000
G1 F11996
G1 X5.899 Y34.919 E.05401
G1 X6.32 Y34.698 E.01577
G1 X6.812 Y34.206 E.02311
G1 X7.9 Y32.133 E.07764
G1 X8.392 Y31.641 E.02311
G1 X10.465 Y30.553 E.07764
G1 X10.957 Y30.061 E.02311
G1 X12.045 Y27.988 E.07764
G1 X12.537 Y27.496 E.02311
G1 X14.61 Y26.408 E.07764
G1 X15.102 Y25.916 E.02311
G1 X16.19 Y23.843 E.07764
G1 X16.682 Y23.351 E.02311
G1 X17.396 Y22.976 E.02673
G1 X17.396 Y18.831 E.1375
G1 X16.682 Y19.206 E.02673
G1 X16.19 Y19.698 E.02311
G1 X15.102 Y21.771 E.07764
G1 X14.61 Y22.263 E.02311
G1 X12.537 Y23.351 E.07764
G1 X12.045 Y23.843 E.02311
G1 X10.957 Y25.916 E.07764
G1 X10.465 Y26.408 E.02311
G1 X8.392 Y27.496 E.07764
G1 X7.9 Y27.988 E.02311
G1 X6.812 Y30.061 E.07764
G1 X6.32 Y30.553 E.02311
G1 X4.247 Y31.641 E.07764
G1 X3.755 Y32.133 E.02311
G1 X2.667 Y34.206 E.07764
G1 X2.175 Y34.698 E.02311
G1 X1.754 Y34.919 E.01577
G1 X-2.391 Y34.919 E.1375
G1 X-1.97 Y34.698 E.01577
G1 X-1.478 Y34.206 E.02311
G1 X-.39 Y32.133 E.07764
G1 X.102 Y31.641 E.02311
G1 X2.175 Y30.553 E.07764
G1 X2.667 Y30.061 E.02311
G1 X3.755 Y27.988 E.07764
G1 X4.247 Y27.496 E.02311
G1 X6.32 Y26.408 E.07764
G1 X6.812 Y25.916 E.02311
G1 X7.9 Y23.843 E.07764
G1 X8.392 Y23.351 E.02311
G1 X10.465 Y22.263 E.07764
G1 X10.957 Y21.771 E.02311
G1 X12.045 Y19.698 E.07764
G1 X12.537 Y19.206 E.02311
G1 X14.61 Y18.118 E.07764
G1 X15.102 Y17.626 E.02311
G1 X16.19 Y15.553 E.07764
G1 X16.682 Y15.061 E.02311
G1 X17.396 Y14.686 E.02673
G1 X17.396 Y10.541 E.1375
G1 X16.682 Y10.916 E.02673
G1 X16.19 Y11.408 E.02311
G1 X15.102 Y13.481 E.07764
G1 X14.61 Y13.973 E.02311
G1 X12.537 Y15.061 E.07764
G1 X12.045 Y15.553 E.02311
G1 X10.957 Y17.626 E.07764
G1 X10.465 Y18.118 E.02311
G1 X8.392 Y19.206 E.07764
G1 X7.9 Y19.698 E.02311
G1 X6.812 Y21.771 E.07764
G1 X6.32 Y22.263 E.02311
G1 X4.247 Y23.351 E.07764
G1 X3.755 Y23.843 E.02311
G1 X2.667 Y25.916 E.07764
G1 X2.175 Y26.408 E.02311
G1 X.102 Y27.496 E.07764
G1 X-.39 Y27.988 E.02311
G1 X-1.478 Y30.061 E.07764
G1 X-1.97 Y30.553 E.02311
G1 X-4.043 Y31.641 E.07764
G1 X-4.535 Y32.133 E.02311
G1 X-5.623 Y34.206 E.07764
G1 X-6.115 Y34.698 E.02311
G1 X-6.536 Y34.919 E.01577
G1 X-8.165 Y34.919 E.05401
G1 X-19.264 Y33.583 F30000
G1 F11996
G1 X-19.264 Y34.919 E.04431
G1 X-18.971 Y34.919 E.0097
G1 X-18.55 Y34.698 E.01577
G1 X-18.058 Y34.206 E.02311
G1 X-16.97 Y32.133 E.07764
G1 X-16.478 Y31.641 E.02311
G1 X-14.405 Y30.553 E.07764
G1 X-13.913 Y30.061 E.02311
G1 X-12.825 Y27.988 E.07764
G1 X-12.333 Y27.496 E.02311
G1 X-10.26 Y26.408 E.07764
G1 X-9.768 Y25.916 E.02311
G1 X-8.68 Y23.843 E.07764
G1 X-8.188 Y23.351 E.02311
G1 X-6.115 Y22.263 E.07764
G1 X-5.623 Y21.771 E.02311
G1 X-4.535 Y19.698 E.07764
G1 X-4.043 Y19.206 E.02311
G1 X-1.97 Y18.118 E.07764
G1 X-1.478 Y17.626 E.02311
G1 X-.39 Y15.553 E.07764
G1 X.102 Y15.061 E.02311
G1 X2.175 Y13.973 E.07764
G1 X2.667 Y13.481 E.02311
G1 X3.755 Y11.408 E.07764
G1 X4.247 Y10.916 E.02311
G1 X6.32 Y9.828 E.07764
G1 X6.812 Y9.336 E.02311
G1 X7.9 Y7.263 E.07764
G1 X8.392 Y6.771 E.02311
G1 X10.465 Y5.683 E.07764
G1 X10.957 Y5.191 E.02311
G1 X12.045 Y3.118 E.07764
G1 X12.537 Y2.626 E.02311
G1 X14.61 Y1.538 E.07764
G1 X15.102 Y1.046 E.02311
G1 X16.19 Y-1.027 E.07764
G1 X16.682 Y-1.519 E.02311
G1 X17.103 Y-1.74 E.01577
G1 X12.958 Y-1.74 E.1375
G1 X12.537 Y-1.519 E.01577
G1 X12.045 Y-1.027 E.02311
G1 X10.957 Y1.046 E.07764
G1 X10.465 Y1.538 E.02311
G1 X8.392 Y2.626 E.07764
G1 X7.9 Y3.118 E.02311
G1 X6.812 Y5.191 E.07764
G1 X6.32 Y5.683 E.02311
G1 X4.247 Y6.771 E.07764
G1 X3.755 Y7.263 E.02311
G1 X2.667 Y9.336 E.07764
G1 X2.175 Y9.828 E.02311
G1 X.102 Y10.916 E.07764
G1 X-.39 Y11.408 E.02311
G1 X-1.478 Y13.481 E.07764
G1 X-1.97 Y13.973 E.02311
G1 X-4.043 Y15.061 E.07764
G1 X-4.535 Y15.553 E.02311
G1 X-5.623 Y17.626 E.07764
G1 X-6.115 Y18.118 E.02311
G1 X-8.188 Y19.206 E.07764
G1 X-8.68 Y19.698 E.02311
G1 X-9.768 Y21.771 E.07764
G1 X-10.26 Y22.263 E.02311
G1 X-12.333 Y23.351 E.07764
G1 X-12.825 Y23.843 E.02311
G1 X-13.913 Y25.916 E.07764
G1 X-14.405 Y26.408 E.02311
G1 X-16.478 Y27.496 E.07764
G1 X-16.97 Y27.988 E.02311
G1 X-18.058 Y30.061 E.07764
G1 X-18.55 Y30.553 E.02311
G1 X-19.264 Y30.928 E.02673
G1 X-19.264 Y26.783 E.1375
G1 X-18.55 Y26.408 E.02673
G1 X-18.058 Y25.916 E.02311
G1 X-16.97 Y23.843 E.07764
G1 X-16.478 Y23.351 E.02311
G1 X-14.405 Y22.263 E.07764
G1 X-13.913 Y21.771 E.02311
G1 X-12.825 Y19.698 E.07764
G1 X-12.333 Y19.206 E.02311
G1 X-10.26 Y18.118 E.07764
G1 X-9.768 Y17.626 E.02311
G1 X-8.68 Y15.553 E.07764
G1 X-8.188 Y15.061 E.02311
G1 X-6.115 Y13.973 E.07764
G1 X-5.623 Y13.481 E.02311
G1 X-4.535 Y11.408 E.07764
G1 X-4.043 Y10.916 E.02311
G1 X-1.97 Y9.828 E.07764
G1 X-1.478 Y9.336 E.02311
G1 X-.39 Y7.263 E.07764
G1 X.102 Y6.771 E.02311
G1 X2.175 Y5.683 E.07764
G1 X2.667 Y5.191 E.02311
G1 X3.755 Y3.118 E.07764
G1 X4.247 Y2.626 E.02311
G1 X6.32 Y1.538 E.07764
G1 X6.812 Y1.046 E.02311
G1 X7.9 Y-1.027 E.07764
G1 X8.392 Y-1.519 E.02311
G1 X8.813 Y-1.74 E.01577
G1 X4.668 Y-1.74 E.1375
G1 X4.247 Y-1.519 E.01577
G1 X3.755 Y-1.027 E.02311
G1 X2.667 Y1.046 E.07764
G1 X2.175 Y1.538 E.02311
G1 X.102 Y2.626 E.07764
G1 X-.39 Y3.118 E.02311
G1 X-1.478 Y5.191 E.07764
G1 X-1.97 Y5.683 E.02311
G1 X-4.043 Y6.771 E.07764
G1 X-4.535 Y7.263 E.02311
G1 X-5.623 Y9.336 E.07764
G1 X-6.115 Y9.828 E.02311
G1 X-8.188 Y10.916 E.07764
G1 X-8.68 Y11.408 E.02311
G1 X-9.768 Y13.481 E.07764
G1 X-10.26 Y13.973 E.02311
G1 X-12.333 Y15.061 E.07764
G1 X-12.825 Y15.553 E.02311
G1 X-13.913 Y17.626 E.07764
G1 X-14.405 Y18.118 E.02311
G1 X-16.478 Y19.206 E.07764
G1 X-16.97 Y19.698 E.02311
G1 X-18.058 Y21.771 E.07764
G1 X-18.55 Y22.263 E.02311
G1 X-19.264 Y22.638 E.02673
G1 X-19.264 Y21.009 E.05401
G1 X-10.283 Y-1.74 F30000
G1 F11996
G1 X-11.912 Y-1.74 E.05401
G1 X-12.333 Y-1.519 E.01577
G1 X-12.825 Y-1.027 E.02311
G1 X-13.913 Y1.046 E.07764
G1 X-14.405 Y1.538 E.02311
G1 X-16.478 Y2.626 E.07764
G1 X-16.97 Y3.118 E.02311
G1 X-18.058 Y5.191 E.07764
G1 X-18.55 Y5.683 E.02311
G1 X-19.264 Y6.058 E.02673
G1 X-19.264 Y1.913 E.1375
G1 X-18.55 Y1.538 E.02673
G1 X-18.058 Y1.046 E.02311
G1 X-16.97 Y-1.027 E.07764
G1 X-16.478 Y-1.519 E.02311
G1 X-16.057 Y-1.74 E.01577
G1 X-17.685 Y-1.74 E.05401
G1 X-19.264 Y8.574 F30000
G1 F11996
G1 X-19.264 Y10.203 E.05401
G1 X-18.55 Y9.828 E.02673
G1 X-18.058 Y9.336 E.02311
G1 X-16.97 Y7.263 E.07764
G1 X-16.478 Y6.771 E.02311
G1 X-14.405 Y5.683 E.07764
G1 X-13.913 Y5.191 E.02311
G1 X-12.825 Y3.118 E.07764
G1 X-12.333 Y2.626 E.02311
G1 X-10.26 Y1.538 E.07764
G1 X-9.768 Y1.046 E.02311
G1 X-8.68 Y-1.027 E.07764
G1 X-8.188 Y-1.519 E.02311
G1 X-7.767 Y-1.74 E.01577
G1 X-3.622 Y-1.74 E.1375
G1 X-4.043 Y-1.519 E.01577
G1 X-4.535 Y-1.027 E.02311
G1 X-5.623 Y1.046 E.07764
G1 X-6.115 Y1.538 E.02311
G1 X-8.188 Y2.626 E.07764
G1 X-8.68 Y3.118 E.02311
G1 X-9.768 Y5.191 E.07764
G1 X-10.26 Y5.683 E.02311
G1 X-12.333 Y6.771 E.07764
G1 X-12.825 Y7.263 E.02311
G1 X-13.913 Y9.336 E.07764
G1 X-14.405 Y9.828 E.02311
G1 X-16.478 Y10.916 E.07764
G1 X-16.97 Y11.408 E.02311
G1 X-18.058 Y13.481 E.07764
G1 X-18.55 Y13.973 E.02311
G1 X-19.264 Y14.348 E.02673
G1 X-19.264 Y18.493 E.1375
G1 X-18.55 Y18.118 E.02673
G1 X-18.058 Y17.626 E.02311
G1 X-16.97 Y15.553 E.07764
G1 X-16.478 Y15.061 E.02311
G1 X-14.405 Y13.973 E.07764
G1 X-13.913 Y13.481 E.02311
G1 X-12.825 Y11.408 E.07764
G1 X-12.333 Y10.916 E.02311
G1 X-10.26 Y9.828 E.07764
G1 X-9.768 Y9.336 E.02311
G1 X-8.68 Y7.263 E.07764
G1 X-8.188 Y6.771 E.02311
G1 X-6.115 Y5.683 E.07764
G1 X-5.623 Y5.191 E.02311
G1 X-4.535 Y3.118 E.07764
G1 X-4.043 Y2.626 E.02311
G1 X-1.97 Y1.538 E.07764
G1 X-1.478 Y1.046 E.02311
G1 X-.39 Y-1.027 E.07764
G1 X.102 Y-1.519 E.02311
G1 X.523 Y-1.74 E.01577
G1 X2.152 Y-1.74 E.05401
G1 X17.396 Y.623 F30000
G1 F11996
G1 X17.396 Y2.251 E.05401
G1 X16.682 Y2.626 E.02673
G1 X16.19 Y3.118 E.02311
G1 X15.102 Y5.191 E.07764
G1 X14.61 Y5.683 E.02311
G1 X12.537 Y6.771 E.07764
G1 X12.045 Y7.263 E.02311
G1 X10.957 Y9.336 E.07764
G1 X10.465 Y9.828 E.02311
G1 X8.392 Y10.916 E.07764
G1 X7.9 Y11.408 E.02311
G1 X6.812 Y13.481 E.07764
G1 X6.32 Y13.973 E.02311
G1 X4.247 Y15.061 E.07764
G1 X3.755 Y15.553 E.02311
G1 X2.667 Y17.626 E.07764
G1 X2.175 Y18.118 E.02311
G1 X.102 Y19.206 E.07764
G1 X-.39 Y19.698 E.02311
G1 X-1.478 Y21.771 E.07764
G1 X-1.97 Y22.263 E.02311
G1 X-4.043 Y23.351 E.07764
G1 X-4.535 Y23.843 E.02311
G1 X-5.623 Y25.916 E.07764
G1 X-6.115 Y26.408 E.02311
G1 X-8.188 Y27.496 E.07764
G1 X-8.68 Y27.988 E.02311
G1 X-9.768 Y30.061 E.07764
G1 X-10.26 Y30.553 E.02311
G1 X-12.333 Y31.641 E.07764
G1 X-12.825 Y32.133 E.02311
G1 X-13.913 Y34.206 E.07764
G1 X-14.405 Y34.698 E.02311
G1 X-14.826 Y34.919 E.01577
G1 X-10.681 Y34.919 E.1375
G1 X-10.26 Y34.698 E.01577
G1 X-9.768 Y34.206 E.02311
G1 X-8.68 Y32.133 E.07764
G1 X-8.188 Y31.641 E.02311
G1 X-6.115 Y30.553 E.07764
G1 X-5.623 Y30.061 E.02311
G1 X-4.535 Y27.988 E.07764
G1 X-4.043 Y27.496 E.02311
G1 X-1.97 Y26.408 E.07764
G1 X-1.478 Y25.916 E.02311
G1 X-.39 Y23.843 E.07764
G1 X.102 Y23.351 E.02311
G1 X2.175 Y22.263 E.07764
G1 X2.667 Y21.771 E.02311
G1 X3.755 Y19.698 E.07764
G1 X4.247 Y19.206 E.02311
G1 X6.32 Y18.118 E.07764
G1 X6.812 Y17.626 E.02311
G1 X7.9 Y15.553 E.07764
G1 X8.392 Y15.061 E.02311
G1 X10.465 Y13.973 E.07764
G1 X10.957 Y13.481 E.02311
G1 X12.045 Y11.408 E.07764
G1 X12.537 Y10.916 E.02311
G1 X14.61 Y9.828 E.07764
G1 X15.102 Y9.336 E.02311
G1 X16.19 Y7.263 E.07764
G1 X16.682 Y6.771 E.02311
G1 X17.396 Y6.396 E.02673
G1 X17.396 Y8.025 E.05401
;LAYER_CHANGE
;Z:5.4
;HEIGHT:0.2
;BEFORE_LAYER_CHANGE
;5.4
G1 E-.8 F2100
;WIPE_START
G1 F16200
G1 X17.396 Y6.396
G1 X17.067 Y6.569
;WIPE_END
;AFTER_LAYER_CHANGE
;5.4
;_SET_FAN_SPEED_CHANGING_LAYER
G1 F30000
G1 X16.9381 Y7.13701 Z5.43077
G1 X16.5601 Y7.58023 Z5.46154
G1 X16.0195 Y7.79704 Z5.49231
G1 X15.44 Y7.73778 Z5.52308
G1 X14.9545 Y7.41602 Z5.55385
G1 X14.6741 Y6.90547 Z5.58462
G1 X14.6631 Y6.32309 Z5.61538
G1 X14.924 Y5.80231 Z5.64615
G1 X15.397 Y5.46242 Z5.67692
G1 X15.9738 Y5.38129 Z5.70769
G1 X16.5222 Y5.5775 Z5.73846
G1 X16.9167 Y6.00611 Z5.76923
G1 X17.0667 Y6.56893 Z5.8
G1 X17.607 Y35.13 Z5.8
G1 Z5.4
G1 E.8 F2100
SET_VELOCITY_LIMIT ACCEL=5000
;TYPE:Inner wall
G1 F12210
G1 X-19.475 Y35.13 E1.23007
G1 X-19.475 Y-1.951 E1.23007
G1 X17.607 Y-1.951 E1.23007
G1 X17.607 Y35.09 E1.22874
SET_VELOCITY_LIMIT ACCEL=10000
G1 X18.014 Y35.537 F30000
SET_VELOCITY_LIMIT ACCEL=5000
G1 F12210
G1 X-19.882 Y35.537 E1.25707
G1 X-19.882 Y-2.358 E1.25707
G1 X18.014 Y-2.358 E1.25707
G1 X18.014 Y35.497 E1.25575
SET_VELOCITY_LIMIT ACCEL=10000
G1 X18.421 Y35.944 F30000
SET_VELOCITY_LIMIT ACCEL=5000
G1 F12210
G1 X-20.289 Y35.944 E1.28408
G1 X-20.289 Y-2.766 E1.28408
G1 X18.421 Y-2.766 E1.28408
G1 X18.421 Y35.904 E1.28275
G1 X18.856 Y36.379 F30000
;TYPE:Outer wall
;WIDTH:0.42
G1 F12000
G1 X-20.724 Y36.379 E1.21618
G1 X-20.724 Y-3.201 E1.21618
M73 P30 R13
G1 X18.856 Y-3.201 E1.21618
G1 X18.856 Y36.339 E1.21495
SET_VELOCITY_LIMIT ACCEL=10000
G1 E-.8 F2100
;WIPE_START
G1 F12000
G1 X16.856 Y36.341
;WIPE_END
G1 X17.396 Y32.785 Z5.8 F30000
G1 Z5.4
G1 E.8 F2100
;TYPE:Sparse infill
;WIDTH:0.45
G1 F12210
G1 X17.396 Y31.156 E.05401
G1 X16.682 Y31.287 E.02406
G1 X15.836 Y32.133 E.03969
G1 X15.456 Y34.206 E.0699
G1 X14.743 Y34.919 E.03347
G1 X10.598 Y34.919 E.1375
G1 X11.311 Y34.206 E.03347
G1 X11.691 Y32.133 E.0699
G1 X12.537 Y31.287 E.03969
G1 X14.61 Y30.907 E.0699
G1 X15.456 Y30.061 E.03969
G1 X15.836 Y27.988 E.0699
G1 X16.682 Y27.142 E.03969
G1 X17.396 Y27.011 E.02406
G1 X17.396 Y22.866 E.1375
G1 X16.682 Y22.997 E.02406
G1 X15.836 Y23.843 E.03969
G1 X15.456 Y25.916 E.0699
G1 X14.61 Y26.762 E.03969
G1 X12.537 Y27.142 E.0699
G1 X11.691 Y27.988 E.03969
G1 X11.311 Y30.061 E.0699
G1 X10.465 Y30.907 E.03969
G1 X8.392 Y31.287 E.0699
G1 X7.546 Y32.133 E.03969
G1 X7.166 Y34.206 E.0699
G1 X6.453 Y34.919 E.03347
G1 X2.307 Y34.919 E.1375
G1 X3.021 Y34.206 E.03347
G1 X3.401 Y32.133 E.0699
G1 X4.247 Y31.287 E.03969
G1 X6.32 Y30.907 E.0699
G1 X7.166 Y30.061 E.03969
G1 X7.546 Y27.988 E.0699
G1 X8.392 Y27.142 E.03969
G1 X10.465 Y26.762 E.0699
G1 X11.311 Y25.916 E.03969
G1 X11.691 Y23.843 E.0699
G1 X12.537 Y22.997 E.03969
G1 X14.61 Y22.617 E.0699
G1 X15.456 Y21.771 E.03969
G1 X15.836 Y19.698 E.0699
G1 X16.682 Y18.852 E.03969
G1 X17.396 Y18.721 E.02406
G1 X17.396 Y17.093 E.05401
G1 X-.209 Y34.919 F30000
G1 F12210
G1 X-1.838 Y34.919 E.05401
G1 X-1.124 Y34.206 E.03347
G1 X-.744 Y32.133 E.0699
G1 X.102 Y31.287 E.03969
G1 X2.175 Y30.907 E.0699
G1 X3.021 Y30.061 E.03969
G1 X3.401 Y27.988 E.0699
G1 X4.247 Y27.142 E.03969
G1 X6.32 Y26.762 E.0699
G1 X7.166 Y25.916 E.03969
G1 X7.546 Y23.843 E.0699
G1 X8.392 Y22.997 E.03969
G1 X10.465 Y22.617 E.0699
G1 X11.311 Y21.771 E.03969
G1 X11.691 Y19.698 E.0699
G1 X12.537 Y18.852 E.03969
G1 X14.61 Y18.472 E.0699
G1 X15.456 Y17.626 E.03969
G1 X15.836 Y15.553 E.0699
G1 X16.682 Y14.707 E.03969
G1 X17.396 Y14.576 E.02406
G1 X17.396 Y10.431 E.1375
G1 X16.682 Y10.562 E.02406
G1 X15.836 Y11.408 E.03969
G1 X15.456 Y13.481 E.0699
G1 X14.61 Y14.327 E.03969
G1 X12.537 Y14.707 E.0699
G1 X11.691 Y15.553 E.03969
G1 X11.311 Y17.626 E.0699
G1 X10.465 Y18.472 E.03969
G1 X8.392 Y18.852 E.0699
G1 X7.546 Y19.698 E.03969
G1 X7.166 Y21.771 E.0699
G1 X6.32 Y22.617 E.03969
G1 X4.247 Y22.997 E.0699
G1 X3.401 Y23.843 E.03969
G1 X3.021 Y25.916 E.0699
G1 X2.175 Y26.762 E.03969
G1 X.102 Y27.142 E.0699
G1 X-.744 Y27.988 E.03969
G1 X-1.124 Y30.061 E.0699
G1 X-1.97 Y30.907 E.03969
G1 X-4.043 Y31.287 E.0699
G1 X-4.889 Y32.133 E.03969
G1 X-5.269 Y34.206 E.0699
G1 X-5.983 Y34.919 E.03347
G1 X-10.128 Y34.919 E.1375
G1 X-9.414 Y34.206 E.03347
G1 X-9.034 Y32.133 E.0699
G1 X-8.188 Y31.287 E.03969
G1 X-6.115 Y30.907 E.0699
G1 X-5.269 Y30.061 E.03969
G1 X-4.889 Y27.988 E.0699
G1 X-4.043 Y27.142 E.03969
G1 X-1.97 Y26.762 E.0699
G1 X-1.124 Y25.916 E.03969
G1 X-.744 Y23.843 E.0699
G1 X.102 Y22.997 E.03969
G1 X2.175 Y22.617 E.0699
G1 X3.021 Y21.771 E.03969
G1 X3.401 Y19.698 E.0699
G1 X4.247 Y18.852 E.03969
G1 X6.32 Y18.472 E.0699
G1 X7.166 Y17.626 E.03969
G1 X7.546 Y15.553 E.0699
G1 X8.392 Y14.707 E.03969
G1 X10.465 Y14.327 E.0699
G1 X11.311 Y13.481 E.03969
G1 X11.691 Y11.408 E.0699
G1 X12.537 Y10.562 E.03969
G1 X14.61 Y10.182 E.0699
G1 X15.456 Y9.336 E.03969
G1 X15.836 Y7.263 E.0699
G1 X16.682 Y6.417 E.03969
G1 X17.396 Y6.286 E.02406
G1 X17.396 Y2.141 E.1375
G1 X16.682 Y2.272 E.02406
G1 X15.836 Y3.118 E.03969
G1 X15.456 Y5.191 E.0699
G1 X14.61 Y6.037 E.03969
G1 X12.537 Y6.417 E.0699
G1 X11.691 Y7.263 E.03969
G1 X11.311 Y9.336 E.0699
G1 X10.465 Y10.182 E.03969
G1 X8.392 Y10.562 E.0699
G1 X7.546 Y11.408 E.03969
G1 X7.166 Y13.481 E.0699
G1 X6.32 Y14.327 E.03969
G1 X4.247 Y14.707 E.0699
G1 X3.401 Y15.553 E.03969
G1 X3.021 Y17.626 E.0699
G1 X2.175 Y18.472 E.03969
G1 X.102 Y18.852 E.0699
G1 X-.744 Y19.698 E.03969
G1 X-1.124 Y21.771 E.0699
G1 X-1.97 Y22.617 E.03969
G1 X-4.043 Y22.997 E.0699
G1 X-4.889 Y23.843 E.03969
G1 X-5.269 Y25.916 E.0699
G1 X-6.115 Y26.762 E.03969
G1 X-8.188 Y27.142 E.0699
G1 X-9.034 Y27.988 E.03969
G1 X-9.414 Y30.061 E.0699
G1 X-10.26 Y30.907 E.03969
G1 X-12.333 Y31.287 E.0699
G1 X-13.179 Y32.133 E.03969
G1 X-13.559 Y34.206 E.0699
G1 X-14.273 Y34.919 E.03347
G1 X-18.418 Y34.919 E.1375
G1 X-17.704 Y34.206 E.03347
G1 X-17.324 Y32.133 E.0699
G1 X-16.478 Y31.287 E.03969
G1 X-14.405 Y30.907 E.0699
G1 X-13.559 Y30.061 E.03969
G1 X-13.179 Y27.988 E.0699
G1 X-12.333 Y27.142 E.03969
G1 X-10.26 Y26.762 E.0699
G1 X-9.414 Y25.916 E.03969
G1 X-9.034 Y23.843 E.0699
G1 X-8.188 Y22.997 E.03969
G1 X-6.115 Y22.617 E.0699
G1 X-5.269 Y21.771 E.03969
G1 X-4.889 Y19.698 E.0699
G1 X-4.043 Y18.852 E.03969
G1 X-1.97 Y18.472 E.0699
G1 X-1.124 Y17.626 E.03969
G1 X-.744 Y15.553 E.0699
G1 X.102 Y14.707 E.03969
G1 X2.175 Y14.327 E.0699
G1 X3.021 Y13.481 E.03969
G1 X3.401 Y11.408 E.0699
G1 X4.247 Y10.562 E.03969
G1 X6.32 Y10.182 E.0699
G1 X7.166 Y9.336 E.03969
G1 X7.546 Y7.263 E.0699
G1 X8.392 Y6.417 E.03969
G1 X10.465 Y6.037 E.0699
G1 X11.311 Y5.191 E.03969
G1 X11.691 Y3.118 E.0699
G1 X12.537 Y2.272 E.03969
G1 X14.61 Y1.892 E.0699
G1 X15.456 Y1.046 E.03969
G1 X15.836 Y-1.027 E.0699
G1 X16.55 Y-1.74 E.03347
G1 X12.405 Y-1.74 E.1375
G1 X11.691 Y-1.027 E.03347
G1 X11.311 Y1.046 E.0699
G1 X10.465 Y1.892 E.03969
G1 X8.392 Y2.272 E.0699
G1 X7.546 Y3.118 E.03969
G1 X7.166 Y5.191 E.0699
G1 X6.32 Y6.037 E.03969
G1 X4.247 Y6.417 E.0699
G1 X3.401 Y7.263 E.03969
G1 X3.021 Y9.336 E.0699
G1 X2.175 Y10.182 E.03969
G1 X.102 Y10.562 E.0699
G1 X-.744 Y11.408 E.03969
G1 X-1.124 Y13.481 E.0699
G1 X-1.97 Y14.327 E.03969
G1 X-4.043 Y14.707 E.0699
G1 X-4.889 Y15.553 E.03969
G1 X-5.269 Y17.626 E.0699
G1 X-6.115 Y18.472 E.03969
G1 X-8.188 Y18.852 E.0699
G1 X-9.034 Y19.698 E.03969
G1 X-9.414 Y21.771 E.0699
G1 X-10.26 Y22.617 E.03969
G1 X-12.333 Y22.997 E.0699
G1 X-13.179 Y23.843 E.03969
G1 X-13.559 Y25.916 E.0699
G1 X-14.405 Y26.762 E.03969
G1 X-16.478 Y27.142 E.0699
G1 X-17.324 Y27.988 E.03969
G1 X-17.704 Y30.061 E.0699
G1 X-18.55 Y30.907 E.03969
G1 X-19.264 Y31.038 E.02406
G1 X-19.264 Y26.893 E.1375
G1 X-18.55 Y26.762 E.02406
G1 X-17.704 Y25.916 E.03969
G1 X-17.324 Y23.843 E.0699
G1 X-16.478 Y22.997 E.03969
G1 X-14.405 Y22.617 E.0699
G1 X-13.559 Y21.771 E.03969
G1 X-13.179 Y19.698 E.0699
G1 X-12.333 Y18.852 E.03969
G1 X-10.26 Y18.472 E.0699
G1 X-9.414 Y17.626 E.03969
G1 X-9.034 Y15.553 E.0699
G1 X-8.188 Y14.707 E.03969
G1 X-6.115 Y14.327 E.0699
G1 X-5.269 Y13.481 E.03969
G1 X-4.889 Y11.408 E.0699
G1 X-4.043 Y10.562 E.03969
G1 X-1.97 Y10.182 E.0699
G1 X-1.124 Y9.336 E.03969
G1 X-.744 Y7.263 E.0699
G1 X.102 Y6.417 E.03969
G1 X2.175 Y6.037 E.0699
G1 X3.021 Y5.191 E.03969
G1 X3.401 Y3.118 E.0699
G1 X4.247 Y2.272 E.03969
G1 X6.32 Y1.892 E.0699
G1 X7.166 Y1.046 E.03969
G1 X7.546 Y-1.027 E.0699
G1 X8.26 Y-1.74 E.03347
G1 X4.115 Y-1.74 E.1375
G1 X3.401 Y-1.027 E.03347
G1 X3.021 Y1.046 E.0699
G1 X2.175 Y1.892 E.03969
G1 X.102 Y2.272 E.0699
G1 X-.744 Y3.118 E.03969
G1 X-1.124 Y5.191 E.0699
G1 X-1.97 Y6.037 E.03969
G1 X-4.043 Y6.417 E.0699
G1 X-4.889 Y7.263 E.03969
G1 X-5.269 Y9.336 E.0699
G1 X-6.115 Y10.182 E.03969
G1 X-8.188 Y10.562 E.0699
G1 X-9.034 Y11.408 E.03969
G1 X-9.414 Y13.481 E.0699
G1 X-10.26 Y14.327 E.03969
G1 X-12.333 Y14.707 E.0699
G1 X-13.179 Y15.553 E.03969
G1 X-13.559 Y17.626 E.0699
G1 X-14.405 Y18.472 E.03969
G1 X-16.478 Y18.852 E.0699
G1 X-17.324 Y19.698 E.03969
G1 X-17.704 Y21.771 E.0699
G1 X-18.55 Y22.617 E.03969
G1 X-19.264 Y22.748 E.02406
G1 X-19.264 Y18.603 E.1375
G1 X-18.55 Y18.472 E.02406
G1 X-17.704 Y17.626 E.03969
G1 X-17.324 Y15.553 E.0699
G1 X-16.478 Y14.707 E.03969
G1 X-14.405 Y14.327 E.0699
G1 X-13.559 Y13.481 E.03969
G1 X-13.179 Y11.408 E.0699
G1 X-12.333 Y10.562 E.03969
G1 X-10.26 Y10.182 E.0699
G1 X-9.414 Y9.336 E.03969
G1 X-9.034 Y7.263 E.0699
G1 X-8.188 Y6.417 E.03969
G1 X-6.115 Y6.037 E.0699
G1 X-5.269 Y5.191 E.03969
G1 X-4.889 Y3.118 E.0699
G1 X-4.043 Y2.272 E.03969
G1 X-1.97 Y1.892 E.0699
G1 X-1.124 Y1.046 E.03969
G1 X-.744 Y-1.027 E.0699
G1 X-.03 Y-1.74 E.03347
G1 X-4.175 Y-1.74 E.1375
G1 X-4.889 Y-1.027 E.03347
G1 X-5.269 Y1.046 E.0699
G1 X-6.115 Y1.892 E.03969
G1 X-8.188 Y2.272 E.0699
G1 X-9.034 Y3.118 E.03969
G1 X-9.414 Y5.191 E.0699
G1 X-10.26 Y6.037 E.03969
G1 X-12.333 Y6.417 E.0699
G1 X-13.179 Y7.263 E.03969
G1 X-13.559 Y9.336 E.0699
G1 X-14.405 Y10.182 E.03969
G1 X-16.478 Y10.562 E.0699
G1 X-17.324 Y11.408 E.03969
G1 X-17.704 Y13.481 E.0699
G1 X-18.55 Y14.327 E.03969
G1 X-19.264 Y14.458 E.02406
G1 X-19.264 Y10.313 E.1375
G1 X-18.55 Y10.182 E.02406
G1 X-17.704 Y9.336 E.03969
G1 X-17.324 Y7.263 E.0699
G1 X-16.478 Y6.417 E.03969
G1 X-14.405 Y6.037 E.0699
G1 X-13.559 Y5.191 E.03969
G1 X-13.179 Y3.118 E.0699
G1 X-12.333 Y2.272 E.03969
G1 X-10.26 Y1.892 E.0699
G1 X-9.414 Y1.046 E.03969
G1 X-9.034 Y-1.027 E.0699
G1 X-8.32 Y-1.74 E.03347
G1 X-12.465 Y-1.74 E.1375
G1 X-13.179 Y-1.027 E.03347
G1 X-13.559 Y1.046 E.0699
G1 X-14.405 Y1.892 E.03969
G1 X-16.478 Y2.272 E.0699
G1 X-17.324 Y3.118 E.03969
G1 X-17.704 Y5.191 E.0699
G1 X-18.55 Y6.037 E.03969
G1 X-19.264 Y6.168 E.02406
G1 X-19.264 Y2.023 E.1375
G1 X-18.55 Y1.892 E.02406
G1 X-17.704 Y1.046 E.03969
G1 X-17.324 Y-1.027 E.0699
G1 X-16.61 Y-1.74 E.03347
G1 X-18.239 Y-1.74 E.05401
;LAYER_CHANGE
;Z:5.6
;HEIGHT:0.2
;BEFORE_LAYER_CHANGE
;5.6
G1 E-.8 F2100
;WIPE_START
G1 F16200
G1 X-16.61 Y-1.74
G1 X-16.873 Y-1.478
;WIPE_END
;AFTER_LAYER_CHANGE
;5.6
;_SET_FAN_SPEED_CHANGING_LAYER
G1 F30000
G1 X-16.587 Y-0.970261 Z5.63077
G1 X-16.5692 Y-0.388054 Z5.66154
G1 X-16.8241 Y0.135717 Z5.69231
G1 X-17.2931 Y0.481064 Z5.72308
G1 X-17.8689 Y0.568871 Z5.75385
G1 X-18.4196 Y0.379023 Z5.78462
G1 X-18.819 Y-0.0449877 Z5.81538
G1 X-18.9756 Y-0.606026 Z5.84615
G1 X-18.8535 Y-1.17557 Z5.87692
G1 X-18.4807 Y-1.62313 Z5.90769
G1 X-17.9426 Y-1.84619 Z5.93846
G1 X-17.3625 Y-1.79364 Z5.96923
G1 X-16.8733 Y-1.47753 Z6
G1 X17.607 Y35.13 Z6
G1 Z5.6
G1 E.8 F2100
SET_VELOCITY_LIMIT ACCEL=5000
;TYPE:Inner wall
G1 F13184
G1 X-19.475 Y35.13 E1.23007
G1 X-19.475 Y-1.951 E1.23007
G1 X17.607 Y-1.951 E1.23007
G1 X17.607 Y35.09 E1.22874
SET_VELOCITY_LIMIT ACCEL=10000
G1 X18.014 Y35.537 F30000
SET_VELOCITY_LIMIT ACCEL=5000
G1 F13184
G1 X-19.882 Y35.537 E1.25707
G1 X-19.882 Y-2.358 E1.25707
G1 X18.014 Y-2.358 E1.25707
G1 X18.014 Y35.497 E1.25575
SET_VELOCITY_LIMIT ACCEL=10000
G1 X18.421 Y35.944 F30000
SET_VELOCITY_LIMIT ACCEL=5000
G1 F13184
G1 X-20.289 Y35.944 E1.28408
G1 X-20.289 Y-2.766 E1.28408
G1 X18.421 Y-2.766 E1.28408
M73 P31 R13
G1 X18.421 Y35.904 E1.28275
G1 X18.856 Y36.379 F30000
;TYPE:Outer wall
;WIDTH:0.42
G1 F12000
G1 X-20.724 Y36.379 E1.21618
G1 X-20.724 Y-3.201 E1.21618
G1 X18.856 Y-3.201 E1.21618
G1 X18.856 Y36.339 E1.21495
SET_VELOCITY_LIMIT ACCEL=10000
G1 E-.8 F2100
;WIPE_START
G1 F12000
G1 X16.856 Y36.341
;WIPE_END
G1 X16.724 Y34.919 Z6 F30000
G1 Z5.6
G1 E.8 F2100
;TYPE:Sparse infill
;WIDTH:0.45
G1 F13184
G1 X15.096 Y34.919 E.05401
G1 X15.81 Y34.206 E.03347
G1 X15.483 Y32.133 E.0696
G1 X16.682 Y30.934 E.05628
G1 X17.396 Y31.046 E.02396
G1 X17.396 Y26.901 E.1375
G1 X16.682 Y26.789 E.02396
G1 X15.483 Y27.988 E.05628
G1 X15.81 Y30.061 E.0696
G1 X14.61 Y31.26 E.05628
G1 X12.537 Y30.934 E.0696
G1 X11.338 Y32.133 E.05628
G1 X11.665 Y34.206 E.0696
G1 X10.951 Y34.919 E.03347
G1 X6.806 Y34.919 E.1375
G1 X7.52 Y34.206 E.03347
G1 X7.193 Y32.133 E.0696
G1 X8.392 Y30.934 E.05628
G1 X10.465 Y31.26 E.0696
G1 X11.665 Y30.061 E.05628
G1 X11.338 Y27.988 E.0696
G1 X12.537 Y26.789 E.05628
G1 X14.61 Y27.115 E.0696
G1 X15.81 Y25.916 E.05628
G1 X15.483 Y23.843 E.0696
G1 X16.682 Y22.644 E.05628
G1 X17.396 Y22.756 E.02396
G1 X17.396 Y18.611 E.1375
G1 X16.682 Y18.499 E.02396
G1 X15.483 Y19.698 E.05628
G1 X15.81 Y21.771 E.0696
G1 X14.61 Y22.97 E.05628
G1 X12.537 Y22.644 E.0696
G1 X11.338 Y23.843 E.05628
G1 X11.665 Y25.916 E.0696
G1 X10.465 Y27.115 E.05628
G1 X8.392 Y26.789 E.0696
G1 X7.193 Y27.988 E.05628
G1 X7.52 Y30.061 E.0696
G1 X6.32 Y31.26 E.05628
G1 X4.247 Y30.934 E.0696
G1 X3.048 Y32.133 E.05628
G1 X3.375 Y34.206 E.0696
G1 X2.661 Y34.919 E.03347
G1 X1.033 Y34.919 E.05401
G1 X-19.264 Y34.491 F30000
G1 F13184
G1 X-19.264 Y34.919 E.01422
G1 X-18.064 Y34.919 E.0398
G1 X-17.351 Y34.206 E.03347
G1 X-17.677 Y32.133 E.0696
G1 X-16.478 Y30.934 E.05628
G1 X-14.405 Y31.26 E.0696
G1 X-13.206 Y30.061 E.05628
G1 X-13.532 Y27.988 E.0696
G1 X-12.333 Y26.789 E.05628
G1 X-10.26 Y27.115 E.0696
G1 X-9.061 Y25.916 E.05628
G1 X-9.387 Y23.843 E.0696
G1 X-8.188 Y22.644 E.05628
G1 X-6.115 Y22.97 E.0696
G1 X-4.916 Y21.771 E.05628
G1 X-5.242 Y19.698 E.0696
G1 X-4.043 Y18.499 E.05628
G1 X-1.97 Y18.825 E.0696
G1 X-.771 Y17.626 E.05628
G1 X-1.097 Y15.553 E.0696
G1 X.102 Y14.353 E.05628
G1 X2.175 Y14.68 E.0696
G1 X3.375 Y13.481 E.05628
G1 X3.048 Y11.408 E.0696
G1 X4.247 Y10.208 E.05628
G1 X6.32 Y10.535 E.0696
G1 X7.52 Y9.336 E.05628
G1 X7.193 Y7.263 E.0696
G1 X8.392 Y6.063 E.05628
G1 X10.465 Y6.39 E.0696
G1 X11.665 Y5.191 E.05628
G1 X11.338 Y3.118 E.0696
G1 X12.537 Y1.918 E.05628
G1 X14.61 Y2.245 E.0696
G1 X15.81 Y1.046 E.05628
G1 X15.483 Y-1.027 E.0696
G1 X16.196 Y-1.74 E.03347
G1 X12.051 Y-1.74 E.1375
G1 X11.338 Y-1.027 E.03347
G1 X11.665 Y1.046 E.0696
G1 X10.465 Y2.245 E.05628
G1 X8.392 Y1.918 E.0696
G1 X7.193 Y3.118 E.05628
G1 X7.52 Y5.191 E.0696
G1 X6.32 Y6.39 E.05628
G1 X4.247 Y6.063 E.0696
G1 X3.048 Y7.263 E.05628
G1 X3.375 Y9.336 E.0696
G1 X2.175 Y10.535 E.05628
G1 X.102 Y10.208 E.0696
G1 X-1.097 Y11.408 E.05628
G1 X-.771 Y13.481 E.0696
G1 X-1.97 Y14.68 E.05628
G1 X-4.043 Y14.353 E.0696
G1 X-5.242 Y15.553 E.05628
G1 X-4.916 Y17.626 E.0696
G1 X-6.115 Y18.825 E.05628
G1 X-8.188 Y18.499 E.0696
G1 X-9.387 Y19.698 E.05628
G1 X-9.061 Y21.771 E.0696
G1 X-10.26 Y22.97 E.05628
G1 X-12.333 Y22.644 E.0696
G1 X-13.532 Y23.843 E.05628
G1 X-13.206 Y25.916 E.0696
G1 X-14.405 Y27.115 E.05628
G1 X-16.478 Y26.789 E.0696
G1 X-17.677 Y27.988 E.05628
G1 X-17.351 Y30.061 E.0696
G1 X-18.55 Y31.26 E.05628
G1 X-19.264 Y31.148 E.02396
G1 X-19.264 Y27.003 E.1375
G1 X-18.55 Y27.115 E.02396
G1 X-17.351 Y25.916 E.05628
G1 X-17.677 Y23.843 E.0696
G1 X-16.478 Y22.644 E.05628
G1 X-14.405 Y22.97 E.0696
G1 X-13.206 Y21.771 E.05628
G1 X-13.532 Y19.698 E.0696
G1 X-12.333 Y18.499 E.05628
G1 X-10.26 Y18.825 E.0696
G1 X-9.061 Y17.626 E.05628
G1 X-9.387 Y15.553 E.0696
G1 X-8.188 Y14.353 E.05628
G1 X-6.115 Y14.68 E.0696
G1 X-4.916 Y13.481 E.05628
G1 X-5.242 Y11.408 E.0696
G1 X-4.043 Y10.208 E.05628
G1 X-1.97 Y10.535 E.0696
G1 X-.771 Y9.336 E.05628
G1 X-1.097 Y7.263 E.0696
G1 X.102 Y6.063 E.05628
G1 X2.175 Y6.39 E.0696
G1 X3.375 Y5.191 E.05628
G1 X3.048 Y3.118 E.0696
G1 X4.247 Y1.918 E.05628
G1 X6.32 Y2.245 E.0696
G1 X7.52 Y1.046 E.05628
G1 X7.193 Y-1.027 E.0696
G1 X7.906 Y-1.74 E.03347
G1 X3.761 Y-1.74 E.1375
G1 X3.048 Y-1.027 E.03347
G1 X3.375 Y1.046 E.0696
G1 X2.175 Y2.245 E.05628
G1 X.102 Y1.918 E.0696
G1 X-1.097 Y3.118 E.05628
G1 X-.771 Y5.191 E.0696
G1 X-1.97 Y6.39 E.05628
G1 X-4.043 Y6.063 E.0696
G1 X-5.242 Y7.263 E.05628
G1 X-4.916 Y9.336 E.0696
G1 X-6.115 Y10.535 E.05628
G1 X-8.188 Y10.208 E.0696
G1 X-9.387 Y11.408 E.05628
G1 X-9.061 Y13.481 E.0696
G1 X-10.26 Y14.68 E.05628
G1 X-12.333 Y14.353 E.0696
G1 X-13.532 Y15.553 E.05628
G1 X-13.206 Y17.626 E.0696
G1 X-14.405 Y18.825 E.05628
G1 X-16.478 Y18.499 E.0696
G1 X-17.677 Y19.698 E.05628
G1 X-17.351 Y21.771 E.0696
G1 X-18.55 Y22.97 E.05628
G1 X-19.264 Y22.858 E.02396
G1 X-19.264 Y18.713 E.1375
G1 X-18.55 Y18.825 E.02396
G1 X-17.351 Y17.626 E.05628
G1 X-17.677 Y15.553 E.0696
G1 X-16.478 Y14.353 E.05628
G1 X-14.405 Y14.68 E.0696
G1 X-13.206 Y13.481 E.05628
G1 X-13.532 Y11.408 E.0696
G1 X-12.333 Y10.208 E.05628
G1 X-10.26 Y10.535 E.0696
G1 X-9.061 Y9.336 E.05628
G1 X-9.387 Y7.263 E.0696
G1 X-8.188 Y6.063 E.05628
G1 X-6.115 Y6.39 E.0696
G1 X-4.916 Y5.191 E.05628
G1 X-5.242 Y3.118 E.0696
G1 X-4.043 Y1.918 E.05628
G1 X-1.97 Y2.245 E.0696
G1 X-.771 Y1.046 E.05628
G1 X-1.097 Y-1.027 E.0696
G1 X-.384 Y-1.74 E.03347
G1 X-4.529 Y-1.74 E.1375
G1 X-5.242 Y-1.027 E.03347
G1 X-4.916 Y1.046 E.0696
G1 X-6.115 Y2.245 E.05628
G1 X-8.188 Y1.918 E.0696
G1 X-9.387 Y3.118 E.05628
G1 X-9.061 Y5.191 E.0696
G1 X-10.26 Y6.39 E.05628
G1 X-12.333 Y6.063 E.0696
G1 X-13.532 Y7.263 E.05628
G1 X-13.206 Y9.336 E.0696
G1 X-14.405 Y10.535 E.05628
G1 X-16.478 Y10.208 E.0696
G1 X-17.677 Y11.408 E.05628
G1 X-17.351 Y13.481 E.0696
G1 X-18.55 Y14.68 E.05628
G1 X-19.264 Y14.568 E.02396
G1 X-19.264 Y10.423 E.1375
G1 X-18.55 Y10.535 E.02396
G1 X-17.351 Y9.336 E.05628
G1 X-17.677 Y7.263 E.0696
G1 X-16.478 Y6.063 E.05628
G1 X-14.405 Y6.39 E.0696
G1 X-13.206 Y5.191 E.05628
G1 X-13.532 Y3.118 E.0696
G1 X-12.333 Y1.918 E.05628
G1 X-10.26 Y2.245 E.0696
G1 X-9.061 Y1.046 E.05628
G1 X-9.387 Y-1.027 E.0696
M73 P31 R12
G1 X-8.674 Y-1.74 E.03347
G1 X-12.819 Y-1.74 E.1375
G1 X-13.532 Y-1.027 E.03347
G1 X-13.206 Y1.046 E.0696
G1 X-14.405 Y2.245 E.05628
G1 X-16.478 Y1.918 E.0696
G1 X-17.677 Y3.118 E.05628
G1 X-17.351 Y5.191 E.0696
G1 X-18.55 Y6.39 E.05628
G1 X-19.264 Y6.278 E.02396
G1 X-19.264 Y2.133 E.1375
G1 X-18.55 Y2.245 E.02396
G1 X-17.351 Y1.046 E.05628
G1 X-17.677 Y-1.027 E.0696
G1 X-16.964 Y-1.74 E.03347
G1 X-18.592 Y-1.74 E.05401
G1 X17.396 Y.403 F30000
G1 F13184
G1 X17.396 Y2.031 E.05401
G1 X16.682 Y1.918 E.02396
G1 X15.483 Y3.118 E.05628
G1 X15.81 Y5.191 E.0696
G1 X14.61 Y6.39 E.05628
G1 X12.537 Y6.063 E.0696
G1 X11.338 Y7.263 E.05628
G1 X11.665 Y9.336 E.0696
G1 X10.465 Y10.535 E.05628
G1 X8.392 Y10.208 E.0696
G1 X7.193 Y11.408 E.05628
G1 X7.52 Y13.481 E.0696
G1 X6.32 Y14.68 E.05628
G1 X4.247 Y14.353 E.0696
G1 X3.048 Y15.553 E.05628
G1 X3.375 Y17.626 E.0696
G1 X2.175 Y18.825 E.05628
G1 X.102 Y18.499 E.0696
G1 X-1.097 Y19.698 E.05628
G1 X-.771 Y21.771 E.0696
G1 X-1.97 Y22.97 E.05628
G1 X-4.043 Y22.644 E.0696
G1 X-5.242 Y23.843 E.05628
G1 X-4.916 Y25.916 E.0696
G1 X-6.115 Y27.115 E.05628
G1 X-8.188 Y26.789 E.0696
G1 X-9.387 Y27.988 E.05628
G1 X-9.061 Y30.061 E.0696
G1 X-10.26 Y31.26 E.05628
G1 X-12.333 Y30.934 E.0696
G1 X-13.532 Y32.133 E.05628
G1 X-13.206 Y34.206 E.0696
G1 X-13.919 Y34.919 E.03347
G1 X-9.774 Y34.919 E.1375
G1 X-9.061 Y34.206 E.03347
G1 X-9.387 Y32.133 E.0696
G1 X-8.188 Y30.934 E.05628
G1 X-6.115 Y31.26 E.0696
G1 X-4.916 Y30.061 E.05628
G1 X-5.242 Y27.988 E.0696
G1 X-4.043 Y26.789 E.05628
G1 X-1.97 Y27.115 E.0696
G1 X-.771 Y25.916 E.05628
G1 X-1.097 Y23.843 E.0696
G1 X.102 Y22.644 E.05628
G1 X2.175 Y22.97 E.0696
G1 X3.375 Y21.771 E.05628
G1 X3.048 Y19.698 E.0696
G1 X4.247 Y18.499 E.05628
G1 X6.32 Y18.825 E.0696
G1 X7.52 Y17.626 E.05628
G1 X7.193 Y15.553 E.0696
G1 X8.392 Y14.353 E.05628
G1 X10.465 Y14.68 E.0696
G1 X11.665 Y13.481 E.05628
G1 X11.338 Y11.408 E.0696
G1 X12.537 Y10.208 E.05628
G1 X14.61 Y10.535 E.0696
G1 X15.81 Y9.336 E.05628
G1 X15.483 Y7.263 E.0696
G1 X16.682 Y6.063 E.05628
G1 X17.396 Y6.176 E.02396
G1 X17.396 Y10.321 E.1375
G1 X16.682 Y10.208 E.02396
G1 X15.483 Y11.408 E.05628
G1 X15.81 Y13.481 E.0696
G1 X14.61 Y14.68 E.05628
G1 X12.537 Y14.353 E.0696
G1 X11.338 Y15.553 E.05628
G1 X11.665 Y17.626 E.0696
G1 X10.465 Y18.825 E.05628
G1 X8.392 Y18.499 E.0696
G1 X7.193 Y19.698 E.05628
G1 X7.52 Y21.771 E.0696
G1 X6.32 Y22.97 E.05628
G1 X4.247 Y22.644 E.0696
G1 X3.048 Y23.843 E.05628
G1 X3.375 Y25.916 E.0696
G1 X2.175 Y27.115 E.05628
G1 X.102 Y26.789 E.0696
G1 X-1.097 Y27.988 E.05628
G1 X-.771 Y30.061 E.0696
G1 X-1.97 Y31.26 E.05628
G1 X-4.043 Y30.934 E.0696
G1 X-5.242 Y32.133 E.05628
G1 X-4.916 Y34.206 E.0696
G1 X-5.629 Y34.919 E.03347
G1 X-1.484 Y34.919 E.1375
G1 X-.771 Y34.206 E.03347
G1 X-1.097 Y32.133 E.0696
G1 X.102 Y30.934 E.05628
G1 X2.175 Y31.26 E.0696
G1 X3.375 Y30.061 E.05628
G1 X3.048 Y27.988 E.0696
G1 X4.247 Y26.789 E.05628
G1 X6.32 Y27.115 E.0696
G1 X7.52 Y25.916 E.05628
G1 X7.193 Y23.843 E.0696
G1 X8.392 Y22.644 E.05628
G1 X10.465 Y22.97 E.0696
G1 X11.665 Y21.771 E.05628
G1 X11.338 Y19.698 E.0696
G1 X12.537 Y18.499 E.05628
G1 X14.61 Y18.825 E.0696
G1 X15.81 Y17.626 E.05628
G1 X15.483 Y15.553 E.0696
G1 X16.682 Y14.353 E.05628
G1 X17.396 Y14.466 E.02396
G1 X17.396 Y16.094 E.05401
;LAYER_CHANGE
;Z:5.8
;HEIGHT:0.2
;BEFORE_LAYER_CHANGE
;5.8
G1 E-.8 F2100
;WIPE_START
G1 F16200
G1 X17.396 Y14.466
G1 X17.029 Y14.408
;WIPE_END
;AFTER_LAYER_CHANGE
;5.8
;_SET_FAN_SPEED_CHANGING_LAYER
G1 F30000
G1 X16.9052 Y14.9773 Z5.83077
G1 X16.5312 Y15.4239 Z5.86154
G1 X15.9926 Y15.6456 Z5.89231
G1 X15.4126 Y15.5915 Z5.92308
G1 X14.9242 Y15.2742 Z5.95385
G1 X14.6392 Y14.7661 Z5.98462
G1 X14.623 Y14.1839 Z6.01538
G1 X14.8792 Y13.6608 Z6.04615
G1 X15.3491 Y13.3167 Z6.07692
G1 X15.9252 Y13.2304 Z6.10769
G1 X16.4753 Y13.4216 Z6.13846
G1 X16.8736 Y13.8467 Z6.16923
G1 X17.0287 Y14.4081 Z6.2
G1 X17.607 Y35.13 Z6.2
G1 Z5.8
G1 E.8 F2100
SET_VELOCITY_LIMIT ACCEL=5000
;TYPE:Inner wall
G1 F12422
G1 X-19.475 Y35.13 E1.23007
G1 X-19.475 Y-1.951 E1.23007
G1 X17.607 Y-1.951 E1.23007
G1 X17.607 Y35.09 E1.22874
M73 P32 R12
SET_VELOCITY_LIMIT ACCEL=10000
G1 X18.014 Y35.537 F30000
SET_VELOCITY_LIMIT ACCEL=5000
G1 F12422
G1 X-19.882 Y35.537 E1.25707
G1 X-19.882 Y-2.358 E1.25707
G1 X18.014 Y-2.358 E1.25707
G1 X18.014 Y35.497 E1.25575
SET_VELOCITY_LIMIT ACCEL=10000
G1 X18.421 Y35.944 F30000
SET_VELOCITY_LIMIT ACCEL=5000
G1 F12422
G1 X-20.289 Y35.944 E1.28408
G1 X-20.289 Y-2.766 E1.28408
G1 X18.421 Y-2.766 E1.28408
G1 X18.421 Y35.904 E1.28275
G1 X18.856 Y36.379 F30000
;TYPE:Outer wall
;WIDTH:0.42
G1 F12000
G1 X-20.724 Y36.379 E1.21618
G1 X-20.724 Y-3.201 E1.21618
G1 X18.856 Y-3.201 E1.21618
G1 X18.856 Y36.339 E1.21495
SET_VELOCITY_LIMIT ACCEL=10000
G1 E-.8 F2100
;WIPE_START
G1 F12000
G1 X16.856 Y36.341
;WIPE_END
G1 X17.001 Y28.71 Z6.2 F30000
G1 X17.396 Y7.823 Z6.2
G1 Z5.8
G1 E.8 F2100
;TYPE:Sparse infill
;WIDTH:0.45
G1 F12422
G1 X17.396 Y6.195 E.05401
G1 X16.682 Y6.124 E.02378
G1 X15.749 Y5.191 E.0438
G1 X15.544 Y3.118 E.06908
G1 X14.61 Y2.184 E.0438
G1 X12.537 Y1.979 E.06908
G1 X11.604 Y1.046 E.0438
G1 X11.399 Y-1.027 E.06908
G1 X10.685 Y-1.74 E.03347
G1 X14.83 Y-1.74 E.1375
G1 X15.544 Y-1.027 E.03347
G1 X15.749 Y1.046 E.06908
G1 X16.682 Y1.979 E.0438
G1 X17.396 Y2.05 E.02378
G1 X17.396 Y.422 E.05401
G1 X8.168 Y-1.74 F30000
G1 F12422
G1 X6.54 Y-1.74 E.05401
G1 X7.254 Y-1.027 E.03347
G1 X7.459 Y1.046 E.06908
G1 X8.392 Y1.979 E.0438
G1 X10.465 Y2.184 E.06908
G1 X11.399 Y3.118 E.0438
G1 X11.604 Y5.191 E.06908
G1 X12.537 Y6.124 E.0438
G1 X14.61 Y6.329 E.06908
G1 X15.544 Y7.263 E.0438
G1 X15.749 Y9.336 E.06908
G1 X16.682 Y10.269 E.0438
G1 X17.396 Y10.34 E.02378
G1 X17.396 Y14.485 E.1375
G1 X16.682 Y14.414 E.02378
G1 X15.749 Y13.481 E.0438
G1 X15.544 Y11.408 E.06908
G1 X14.61 Y10.474 E.0438
G1 X12.537 Y10.269 E.06908
G1 X11.604 Y9.336 E.0438
G1 X11.399 Y7.263 E.06908
G1 X10.465 Y6.329 E.0438
G1 X8.392 Y6.124 E.06908
G1 X7.459 Y5.191 E.0438
G1 X7.254 Y3.118 E.06908
G1 X6.32 Y2.184 E.0438
G1 X4.247 Y1.979 E.06908
G1 X3.314 Y1.046 E.0438
G1 X3.109 Y-1.027 E.06908
G1 X2.395 Y-1.74 E.03347
G1 X-1.75 Y-1.74 E.1375
G1 X-1.036 Y-1.027 E.03347
G1 X-.831 Y1.046 E.06908
G1 X.102 Y1.979 E.0438
G1 X2.175 Y2.184 E.06908
G1 X3.109 Y3.118 E.0438
G1 X3.314 Y5.191 E.06908
G1 X4.247 Y6.124 E.0438
G1 X6.32 Y6.329 E.06908
G1 X7.254 Y7.263 E.0438
G1 X7.459 Y9.336 E.06908
G1 X8.392 Y10.269 E.0438
G1 X10.465 Y10.474 E.06908
G1 X11.399 Y11.408 E.0438
G1 X11.604 Y13.481 E.06908
G1 X12.537 Y14.414 E.0438
G1 X14.61 Y14.619 E.06908
G1 X15.544 Y15.553 E.0438
G1 X15.749 Y17.626 E.06908
G1 X16.682 Y18.559 E.0438
G1 X17.396 Y18.63 E.02378
G1 X17.396 Y22.775 E.1375
G1 X16.682 Y22.704 E.02378
G1 X15.749 Y21.771 E.0438
G1 X15.544 Y19.698 E.06908
G1 X14.61 Y18.764 E.0438
G1 X12.537 Y18.559 E.06908
G1 X11.604 Y17.626 E.0438
G1 X11.399 Y15.553 E.06908
G1 X10.465 Y14.619 E.0438
G1 X8.392 Y14.414 E.06908
G1 X7.459 Y13.481 E.0438
G1 X7.254 Y11.408 E.06908
G1 X6.32 Y10.474 E.0438
G1 X4.247 Y10.269 E.06908
G1 X3.314 Y9.336 E.0438
G1 X3.109 Y7.263 E.06908
G1 X2.175 Y6.329 E.0438
G1 X.102 Y6.124 E.06908
G1 X-.831 Y5.191 E.0438
G1 X-1.036 Y3.118 E.06908
G1 X-1.97 Y2.184 E.0438
G1 X-4.043 Y1.979 E.06908
G1 X-4.976 Y1.046 E.0438
G1 X-5.181 Y-1.027 E.06908
G1 X-5.895 Y-1.74 E.03347
G1 X-10.04 Y-1.74 E.1375
G1 X-9.326 Y-1.027 E.03347
G1 X-9.121 Y1.046 E.06908
G1 X-8.188 Y1.979 E.0438
G1 X-6.115 Y2.184 E.06908
G1 X-5.181 Y3.118 E.0438
G1 X-4.976 Y5.191 E.06908
G1 X-4.043 Y6.124 E.0438
G1 X-1.97 Y6.329 E.06908
G1 X-1.036 Y7.263 E.0438
G1 X-.831 Y9.336 E.06908
G1 X.102 Y10.269 E.0438
G1 X2.175 Y10.474 E.06908
G1 X3.109 Y11.408 E.0438
G1 X3.314 Y13.481 E.06908
G1 X4.247 Y14.414 E.0438
G1 X6.32 Y14.619 E.06908
G1 X7.254 Y15.553 E.0438
G1 X7.459 Y17.626 E.06908
G1 X8.392 Y18.559 E.0438
G1 X10.465 Y18.764 E.06908
G1 X11.399 Y19.698 E.0438
G1 X11.604 Y21.771 E.06908
G1 X12.537 Y22.704 E.0438
G1 X14.61 Y22.909 E.06908
G1 X15.544 Y23.843 E.0438
G1 X15.749 Y25.916 E.06908
G1 X16.682 Y26.85 E.0438
G1 X17.396 Y26.92 E.02378
G1 X17.396 Y31.065 E.1375
G1 X16.682 Y30.995 E.02378
G1 X15.749 Y30.061 E.0438
G1 X15.544 Y27.988 E.06908
G1 X14.61 Y27.055 E.0438
G1 X12.537 Y26.85 E.06908
G1 X11.604 Y25.916 E.0438
G1 X11.399 Y23.843 E.06908
G1 X10.465 Y22.909 E.0438
G1 X8.392 Y22.704 E.06908
G1 X7.459 Y21.771 E.0438
G1 X7.254 Y19.698 E.06908
G1 X6.32 Y18.764 E.0438
G1 X4.247 Y18.559 E.06908
G1 X3.314 Y17.626 E.0438
G1 X3.109 Y15.553 E.06908
G1 X2.175 Y14.619 E.0438
G1 X.102 Y14.414 E.06908
G1 X-.831 Y13.481 E.0438
G1 X-1.036 Y11.408 E.06908
G1 X-1.97 Y10.474 E.0438
G1 X-4.043 Y10.269 E.06908
G1 X-4.976 Y9.336 E.0438
G1 X-5.181 Y7.263 E.06908
G1 X-6.115 Y6.329 E.0438
G1 X-8.188 Y6.124 E.06908
G1 X-9.121 Y5.191 E.0438
G1 X-9.326 Y3.118 E.06908
G1 X-10.26 Y2.184 E.0438
G1 X-12.333 Y1.979 E.06908
G1 X-13.267 Y1.046 E.0438
G1 X-13.472 Y-1.027 E.06908
G1 X-14.185 Y-1.74 E.03347
G1 X-18.33 Y-1.74 E.1375
G1 X-17.617 Y-1.027 E.03347
G1 X-17.412 Y1.046 E.06908
G1 X-16.478 Y1.979 E.0438
G1 X-14.405 Y2.184 E.06908
G1 X-13.472 Y3.118 E.0438
G1 X-13.267 Y5.191 E.06908
G1 X-12.333 Y6.124 E.0438
G1 X-10.26 Y6.329 E.06908
G1 X-9.326 Y7.263 E.0438
G1 X-9.121 Y9.336 E.06908
G1 X-8.188 Y10.269 E.0438
G1 X-6.115 Y10.474 E.06908
G1 X-5.181 Y11.408 E.0438
G1 X-4.976 Y13.481 E.06908
G1 X-4.043 Y14.414 E.0438
G1 X-1.97 Y14.619 E.06908
G1 X-1.036 Y15.553 E.0438
G1 X-.831 Y17.626 E.06908
G1 X.102 Y18.559 E.0438
G1 X2.175 Y18.764 E.06908
G1 X3.109 Y19.698 E.0438
G1 X3.314 Y21.771 E.06908
G1 X4.247 Y22.704 E.0438
G1 X6.32 Y22.909 E.06908
G1 X7.254 Y23.843 E.0438
G1 X7.459 Y25.916 E.06908
G1 X8.392 Y26.85 E.0438
G1 X10.465 Y27.055 E.06908
G1 X11.399 Y27.988 E.0438
G1 X11.604 Y30.061 E.06908
G1 X12.537 Y30.995 E.0438
G1 X14.61 Y31.2 E.06908
G1 X15.544 Y32.133 E.0438
G1 X15.749 Y34.206 E.06908
G1 X16.462 Y34.919 E.03347
G1 X12.317 Y34.919 E.1375
G1 X11.604 Y34.206 E.03347
G1 X11.399 Y32.133 E.06908
G1 X10.465 Y31.2 E.0438
G1 X8.392 Y30.995 E.06908
G1 X7.459 Y30.061 E.0438
G1 X7.254 Y27.988 E.06908
G1 X6.32 Y27.055 E.0438
G1 X4.247 Y26.85 E.06908
G1 X3.314 Y25.916 E.0438
G1 X3.109 Y23.843 E.06908
G1 X2.175 Y22.909 E.0438
G1 X.102 Y22.704 E.06908
G1 X-.831 Y21.771 E.0438
G1 X-1.036 Y19.698 E.06908
G1 X-1.97 Y18.764 E.0438
G1 X-4.043 Y18.559 E.06908
G1 X-4.976 Y17.626 E.0438
G1 X-5.181 Y15.553 E.06908
G1 X-6.115 Y14.619 E.0438
G1 X-8.188 Y14.414 E.06908
G1 X-9.121 Y13.481 E.0438
G1 X-9.326 Y11.408 E.06908
G1 X-10.26 Y10.474 E.0438
G1 X-12.333 Y10.269 E.06908
G1 X-13.267 Y9.336 E.0438
G1 X-13.472 Y7.263 E.06908
G1 X-14.405 Y6.329 E.0438
G1 X-16.478 Y6.124 E.06908
G1 X-17.412 Y5.191 E.0438
G1 X-17.617 Y3.118 E.06908
G1 X-18.55 Y2.184 E.0438
G1 X-19.264 Y2.114 E.02378
G1 X-19.264 Y6.259 E.1375
G1 X-18.55 Y6.329 E.02378
G1 X-17.617 Y7.263 E.0438
G1 X-17.412 Y9.336 E.06908
G1 X-16.478 Y10.269 E.0438
G1 X-14.405 Y10.474 E.06908
G1 X-13.472 Y11.408 E.0438
G1 X-13.267 Y13.481 E.06908
G1 X-12.333 Y14.414 E.0438
G1 X-10.26 Y14.619 E.06908
G1 X-9.326 Y15.553 E.0438
G1 X-9.121 Y17.626 E.06908
G1 X-8.188 Y18.559 E.0438
G1 X-6.115 Y18.764 E.06908
G1 X-5.181 Y19.698 E.0438
G1 X-4.976 Y21.771 E.06908
G1 X-4.043 Y22.704 E.0438
G1 X-1.97 Y22.909 E.06908
G1 X-1.036 Y23.843 E.0438
G1 X-.831 Y25.916 E.06908
G1 X.102 Y26.85 E.0438
G1 X2.175 Y27.054 E.06908
G1 X3.109 Y27.988 E.0438
G1 X3.314 Y30.061 E.06908
G1 X4.247 Y30.995 E.0438
G1 X6.32 Y31.2 E.06908
G1 X7.254 Y32.133 E.0438
G1 X7.459 Y34.206 E.06908
G1 X8.172 Y34.919 E.03347
G1 X4.027 Y34.919 E.1375
G1 X3.314 Y34.206 E.03347
G1 X3.109 Y32.133 E.06908
G1 X2.175 Y31.2 E.0438
G1 X.102 Y30.995 E.06908
G1 X-.831 Y30.061 E.0438
G1 X-1.036 Y27.988 E.06908
G1 X-1.97 Y27.054 E.0438
G1 X-4.043 Y26.85 E.06908
G1 X-4.976 Y25.916 E.0438
G1 X-5.181 Y23.843 E.06908
G1 X-6.115 Y22.909 E.0438
G1 X-8.188 Y22.704 E.06908
G1 X-9.121 Y21.771 E.0438
G1 X-9.326 Y19.698 E.06908
G1 X-10.26 Y18.764 E.0438
G1 X-12.333 Y18.559 E.06908
G1 X-13.267 Y17.626 E.0438
G1 X-13.472 Y15.553 E.06908
G1 X-14.405 Y14.619 E.0438
G1 X-16.478 Y14.414 E.06908
G1 X-17.412 Y13.481 E.0438
G1 X-17.617 Y11.408 E.06908
G1 X-18.55 Y10.474 E.0438
G1 X-19.264 Y10.404 E.02378
G1 X-19.264 Y14.549 E.1375
G1 X-18.55 Y14.619 E.02378
G1 X-17.617 Y15.553 E.0438
G1 X-17.412 Y17.626 E.06908
G1 X-16.478 Y18.559 E.0438
G1 X-14.405 Y18.764 E.06908
G1 X-13.472 Y19.698 E.0438
G1 X-13.267 Y21.771 E.06908
G1 X-12.333 Y22.704 E.0438
G1 X-10.26 Y22.909 E.06908
G1 X-9.326 Y23.843 E.0438
G1 X-9.121 Y25.916 E.06908
G1 X-8.188 Y26.85 E.0438
G1 X-6.115 Y27.054 E.06908
G1 X-5.181 Y27.988 E.0438
G1 X-4.976 Y30.061 E.06908
G1 X-4.043 Y30.995 E.0438
G1 X-1.97 Y31.2 E.06908
G1 X-1.036 Y32.133 E.0438
G1 X-.831 Y34.206 E.06908
G1 X-.118 Y34.919 E.03347
G1 X-4.263 Y34.919 E.1375
G1 X-4.976 Y34.206 E.03347
G1 X-5.181 Y32.133 E.06908
G1 X-6.115 Y31.2 E.0438
G1 X-8.188 Y30.995 E.06908
G1 X-9.121 Y30.061 E.0438
G1 X-9.326 Y27.988 E.06908
G1 X-10.26 Y27.054 E.0438
G1 X-12.333 Y26.85 E.06908
G1 X-13.267 Y25.916 E.0438
G1 X-13.472 Y23.843 E.06908
G1 X-14.405 Y22.909 E.0438
G1 X-16.478 Y22.704 E.06908
G1 X-17.412 Y21.771 E.0438
G1 X-17.617 Y19.698 E.06908
G1 X-18.55 Y18.764 E.0438
G1 X-19.264 Y18.694 E.02378
G1 X-19.264 Y22.839 E.1375
G1 X-18.55 Y22.909 E.02378
G1 X-17.617 Y23.843 E.0438
G1 X-17.412 Y25.916 E.06908
G1 X-16.478 Y26.85 E.0438
G1 X-14.405 Y27.054 E.06908
G1 X-13.472 Y27.988 E.0438
G1 X-13.267 Y30.061 E.06908
G1 X-12.333 Y30.995 E.0438
G1 X-10.26 Y31.2 E.06908
G1 X-9.326 Y32.133 E.0438
G1 X-9.121 Y34.206 E.06908
G1 X-8.408 Y34.919 E.03347
G1 X-12.553 Y34.919 E.1375
G1 X-13.267 Y34.206 E.03347
G1 X-13.472 Y32.133 E.06908
G1 X-14.405 Y31.2 E.0438
G1 X-16.478 Y30.995 E.06908
G1 X-17.412 Y30.061 E.0438
G1 X-17.617 Y27.988 E.06908
G1 X-18.55 Y27.054 E.0438
G1 X-19.264 Y26.984 E.02378
G1 X-19.264 Y31.129 E.1375
G1 X-18.55 Y31.2 E.02378
G1 X-17.617 Y32.133 E.0438
G1 X-17.412 Y34.206 E.06908
G1 X-16.698 Y34.919 E.03347
G1 X-18.326 Y34.919 E.05401
;LAYER_CHANGE
;Z:6
;HEIGHT:0.2
;BEFORE_LAYER_CHANGE
;6
G1 E-.8 F2100
;WIPE_START
G1 F16200
G1 X-16.698 Y34.919
G1 X-16.961 Y34.656
M73 P33 R12
;WIPE_END
;AFTER_LAYER_CHANGE
;6
;_SET_FAN_SPEED_CHANGING_LAYER
G1 F30000
G1 X-16.3973 Y34.8036 Z6.03077
G1 X-15.9666 Y35.1958 Z6.06154
G1 X-15.7676 Y35.7432 Z6.09231
G1 X-15.8457 Y36.3204 Z6.12308
G1 X-16.1831 Y36.7952 Z6.15385
G1 X-16.7025 Y37.0588 Z6.18462
G1 X-17.285 Y37.0508 Z6.21538
G1 X-17.797 Y36.7731 Z6.24615
G1 X-18.1212 Y36.2892 Z6.27692
G1 X-18.1835 Y35.7101 Z6.30769
G1 X-17.9695 Y35.1683 Z6.33846
G1 X-17.5283 Y34.7881 Z6.36923
G1 X-16.9609 Y34.6564 Z6.4
G1 X17.607 Y35.13 Z6.4
G1 Z6
G1 E.8 F2100
SET_VELOCITY_LIMIT ACCEL=5000
;TYPE:Inner wall
G1 F12041
G1 X-19.475 Y35.13 E1.23007
G1 X-19.475 Y-1.951 E1.23007
G1 X17.607 Y-1.951 E1.23007
G1 X17.607 Y35.09 E1.22874
SET_VELOCITY_LIMIT ACCEL=10000
G1 X18.014 Y35.537 F30000
SET_VELOCITY_LIMIT ACCEL=5000
G1 F12041
G1 X-19.882 Y35.537 E1.25707
G1 X-19.882 Y-2.358 E1.25707
G1 X18.014 Y-2.358 E1.25707
G1 X18.014 Y35.497 E1.25575
SET_VELOCITY_LIMIT ACCEL=10000
G1 X18.421 Y35.944 F30000
SET_VELOCITY_LIMIT ACCEL=5000
G1 F12041
G1 X-20.289 Y35.944 E1.28408
G1 X-20.289 Y-2.766 E1.28408
G1 X18.421 Y-2.766 E1.28408
G1 X18.421 Y35.904 E1.28275
G1 X18.856 Y36.379 F30000
;TYPE:Outer wall
;WIDTH:0.42
G1 F12000
G1 X-20.724 Y36.379 E1.21618
G1 X-20.724 Y-3.201 E1.21618
G1 X18.856 Y-3.201 E1.21618
G1 X18.856 Y36.339 E1.21495
SET_VELOCITY_LIMIT ACCEL=10000
G1 E-.8 F2100
;WIPE_START
G1 F12000
G1 X16.856 Y36.341
;WIPE_END
G1 X17.376 Y28.727 Z6.4 F30000
G1 X17.396 Y28.438 Z6.4
G1 Z6
G1 E.8 F2100
;TYPE:Sparse infill
;WIDTH:0.45
G1 F12041
G1 X17.396 Y26.81 E.05401
G1 X16.682 Y26.496 E.02586
G1 X16.102 Y25.916 E.02722
G1 X15.19 Y23.843 E.07511
G1 X14.61 Y23.263 E.02722
G1 X12.537 Y22.351 E.07511
G1 X11.957 Y21.771 E.02722
G1 X11.045 Y19.698 E.07511
G1 X10.465 Y19.118 E.02722
G1 X8.392 Y18.206 E.07511
G1 X7.812 Y17.626 E.02722
G1 X6.9 Y15.553 E.07511
G1 X6.32 Y14.973 E.02722
G1 X4.247 Y14.061 E.07511
G1 X3.667 Y13.481 E.02722
G1 X2.755 Y11.408 E.07511
G1 X2.175 Y10.828 E.02722
G1 X.102 Y9.916 E.07511
G1 X-.478 Y9.336 E.02722
G1 X-1.39 Y7.263 E.07511
G1 X-1.97 Y6.683 E.02722
G1 X-4.043 Y5.771 E.07511
G1 X-4.623 Y5.191 E.02722
G1 X-5.535 Y3.118 E.07511
G1 X-6.115 Y2.538 E.02722
G1 X-8.188 Y1.626 E.07511
G1 X-8.768 Y1.046 E.02722
G1 X-9.68 Y-1.027 E.07511
G1 X-10.26 Y-1.607 E.02722
G1 X-10.563 Y-1.74 E.01097
G1 X-14.708 Y-1.74 E.1375
G1 X-14.405 Y-1.607 E.01097
G1 X-13.825 Y-1.027 E.02722
G1 X-12.913 Y1.046 E.07511
G1 X-12.333 Y1.626 E.02722
G1 X-10.26 Y2.538 E.07511
G1 X-9.68 Y3.118 E.02722
G1 X-8.768 Y5.191 E.07511
G1 X-8.188 Y5.771 E.02722
G1 X-6.115 Y6.683 E.07511
G1 X-5.535 Y7.263 E.02722
G1 X-4.623 Y9.336 E.07511
G1 X-4.043 Y9.916 E.02722
G1 X-1.97 Y10.828 E.07511
G1 X-1.39 Y11.408 E.02722
G1 X-.478 Y13.481 E.07511
G1 X.102 Y14.061 E.02722
G1 X2.175 Y14.973 E.07511
G1 X2.755 Y15.553 E.02722
G1 X3.667 Y17.626 E.07511
G1 X4.247 Y18.206 E.02722
G1 X6.32 Y19.118 E.07511
G1 X6.9 Y19.698 E.02722
G1 X7.812 Y21.771 E.07511
G1 X8.392 Y22.351 E.02722
G1 X10.465 Y23.263 E.07511
G1 X11.045 Y23.843 E.02722
G1 X11.957 Y25.916 E.07511
G1 X12.537 Y26.496 E.02722
G1 X14.61 Y27.408 E.07511
G1 X15.19 Y27.988 E.02722
G1 X16.102 Y30.061 E.07511
G1 X16.682 Y30.641 E.02722
G1 X17.396 Y30.955 E.02586
G1 X17.396 Y34.919 E.1315
G1 X16.985 Y34.919 E.01362
G1 X16.682 Y34.786 E.01097
G1 X16.102 Y34.206 E.02722
G1 X15.19 Y32.133 E.07511
G1 X14.61 Y31.553 E.02722
G1 X12.537 Y30.641 E.07511
G1 X11.957 Y30.061 E.02722
G1 X11.045 Y27.988 E.07511
G1 X10.465 Y27.408 E.02722
G1 X8.392 Y26.496 E.07511
G1 X7.812 Y25.916 E.02722
G1 X6.9 Y23.843 E.07511
G1 X6.32 Y23.263 E.02722
G1 X4.247 Y22.351 E.07511
G1 X3.667 Y21.771 E.02722
G1 X2.755 Y19.698 E.07511
G1 X2.175 Y19.118 E.02722
G1 X.102 Y18.206 E.07511
G1 X-.478 Y17.626 E.02722
G1 X-1.39 Y15.553 E.07511
G1 X-1.97 Y14.973 E.02722
G1 X-4.043 Y14.061 E.07511
G1 X-4.623 Y13.481 E.02722
G1 X-5.535 Y11.408 E.07511
G1 X-6.115 Y10.828 E.02722
G1 X-8.188 Y9.916 E.07511
G1 X-8.768 Y9.336 E.02722
G1 X-9.68 Y7.263 E.07511
G1 X-10.26 Y6.683 E.02722
G1 X-12.333 Y5.771 E.07511
G1 X-12.913 Y5.191 E.02722
G1 X-13.825 Y3.118 E.07511
G1 X-14.405 Y2.538 E.02722
G1 X-16.478 Y1.626 E.07511
G1 X-17.058 Y1.046 E.02722
G1 X-17.97 Y-1.027 E.07511
G1 X-18.55 Y-1.607 E.02722
G1 X-18.853 Y-1.74 E.01097
G1 X-19.264 Y-1.74 E.01362
G1 X-19.264 Y2.224 E.1315
G1 X-18.55 Y2.538 E.02586
G1 X-17.97 Y3.118 E.02722
G1 X-17.058 Y5.191 E.07511
G1 X-16.478 Y5.771 E.02722
G1 X-14.405 Y6.683 E.07511
G1 X-13.825 Y7.263 E.02722
G1 X-12.913 Y9.336 E.07511
G1 X-12.333 Y9.916 E.02722
G1 X-10.26 Y10.828 E.07511
G1 X-9.68 Y11.408 E.02722
G1 X-8.768 Y13.481 E.07511
G1 X-8.188 Y14.061 E.02722
G1 X-6.115 Y14.973 E.07511
G1 X-5.535 Y15.553 E.02722
G1 X-4.623 Y17.626 E.07511
G1 X-4.043 Y18.206 E.02722
G1 X-1.97 Y19.118 E.07511
G1 X-1.39 Y19.698 E.02722
G1 X-.478 Y21.771 E.07511
G1 X.102 Y22.351 E.02722
G1 X2.175 Y23.263 E.07511
G1 X2.755 Y23.843 E.02722
G1 X3.667 Y25.916 E.07511
G1 X4.247 Y26.496 E.02722
G1 X6.32 Y27.408 E.07511
G1 X6.9 Y27.988 E.02722
G1 X7.812 Y30.061 E.07511
G1 X8.392 Y30.641 E.02722
G1 X10.465 Y31.553 E.07511
G1 X11.045 Y32.133 E.02722
G1 X11.957 Y34.206 E.07511
G1 X12.537 Y34.786 E.02722
G1 X12.84 Y34.919 E.01097
G1 X8.695 Y34.919 E.1375
G1 X8.392 Y34.786 E.01097
G1 X7.812 Y34.206 E.02722
G1 X6.9 Y32.133 E.07511
G1 X6.32 Y31.553 E.02722
G1 X4.247 Y30.641 E.07511
G1 X3.667 Y30.061 E.02722
G1 X2.755 Y27.988 E.07511
G1 X2.175 Y27.408 E.02722
G1 X.102 Y26.496 E.07511
G1 X-.478 Y25.916 E.02722
G1 X-1.39 Y23.843 E.07511
G1 X-1.97 Y23.263 E.02722
G1 X-4.043 Y22.351 E.07511
G1 X-4.623 Y21.771 E.02722
G1 X-5.535 Y19.698 E.07511
G1 X-6.115 Y19.118 E.02722
G1 X-8.188 Y18.206 E.07511
G1 X-8.768 Y17.626 E.02722
G1 X-9.68 Y15.553 E.07511
G1 X-10.26 Y14.973 E.02722
G1 X-12.333 Y14.061 E.07511
G1 X-12.913 Y13.481 E.02722
G1 X-13.825 Y11.408 E.07511
G1 X-14.405 Y10.828 E.02722
G1 X-16.478 Y9.916 E.07511
G1 X-17.058 Y9.336 E.02722
G1 X-17.97 Y7.263 E.07511
G1 X-18.55 Y6.683 E.02722
G1 X-19.264 Y6.369 E.02586
G1 X-19.264 Y10.514 E.1375
G1 X-18.55 Y10.828 E.02586
G1 X-17.97 Y11.408 E.02722
G1 X-17.058 Y13.481 E.07511
G1 X-16.478 Y14.061 E.02722
G1 X-14.405 Y14.973 E.07511
G1 X-13.825 Y15.553 E.02722
G1 X-12.913 Y17.626 E.07511
G1 X-12.333 Y18.206 E.02722
G1 X-10.26 Y19.118 E.07511
G1 X-9.68 Y19.698 E.02722
G1 X-8.768 Y21.771 E.07511
G1 X-8.188 Y22.351 E.02722
G1 X-6.115 Y23.263 E.07511
G1 X-5.535 Y23.843 E.02722
G1 X-4.623 Y25.916 E.07511
G1 X-4.043 Y26.496 E.02722
G1 X-1.97 Y27.408 E.07511
G1 X-1.39 Y27.988 E.02722
G1 X-.478 Y30.061 E.07511
G1 X.102 Y30.641 E.02722
G1 X2.175 Y31.553 E.07511
G1 X2.755 Y32.133 E.02722
G1 X3.667 Y34.206 E.07511
G1 X4.247 Y34.786 E.02722
G1 X4.55 Y34.919 E.01097
G1 X.405 Y34.919 E.1375
G1 X.102 Y34.786 E.01097
G1 X-.478 Y34.206 E.02722
G1 X-1.39 Y32.133 E.07511
G1 X-1.97 Y31.553 E.02722
G1 X-4.043 Y30.641 E.07511
G1 X-4.623 Y30.061 E.02722
G1 X-5.535 Y27.988 E.07511
G1 X-6.115 Y27.408 E.02722
G1 X-8.188 Y26.496 E.07511
G1 X-8.768 Y25.916 E.02722
G1 X-9.68 Y23.843 E.07511
G1 X-10.26 Y23.263 E.02722
G1 X-12.333 Y22.351 E.07511
G1 X-12.913 Y21.771 E.02722
G1 X-13.825 Y19.698 E.07511
G1 X-14.405 Y19.118 E.02722
G1 X-16.478 Y18.206 E.07511
G1 X-17.058 Y17.626 E.02722
G1 X-17.97 Y15.553 E.07511
G1 X-18.55 Y14.973 E.02722
G1 X-19.264 Y14.659 E.02586
G1 X-19.264 Y18.804 E.1375
G1 X-18.55 Y19.118 E.02586
G1 X-17.97 Y19.698 E.02722
G1 X-17.058 Y21.771 E.07511
G1 X-16.478 Y22.351 E.02722
G1 X-14.405 Y23.263 E.07511
G1 X-13.825 Y23.843 E.02722
G1 X-12.913 Y25.916 E.07511
G1 X-12.333 Y26.496 E.02722
G1 X-10.26 Y27.408 E.07511
G1 X-9.68 Y27.988 E.02722
G1 X-8.768 Y30.061 E.07511
G1 X-8.188 Y30.641 E.02722
G1 X-6.115 Y31.553 E.07511
G1 X-5.535 Y32.133 E.02722
G1 X-4.623 Y34.206 E.07511
G1 X-4.043 Y34.786 E.02722
G1 X-3.74 Y34.919 E.01097
G1 X-7.885 Y34.919 E.1375
G1 X-8.188 Y34.786 E.01097
G1 X-8.768 Y34.206 E.02722
G1 X-9.68 Y32.133 E.07511
G1 X-10.26 Y31.553 E.02722
G1 X-12.333 Y30.641 E.07511
G1 X-12.913 Y30.061 E.02722
G1 X-13.825 Y27.988 E.07511
G1 X-14.405 Y27.408 E.02722
G1 X-16.478 Y26.496 E.07511
G1 X-17.058 Y25.916 E.02722
G1 X-17.97 Y23.843 E.07511
G1 X-18.55 Y23.263 E.02722
G1 X-19.264 Y22.949 E.02586
G1 X-19.264 Y27.094 E.1375
G1 X-18.55 Y27.408 E.02586
G1 X-17.97 Y27.988 E.02722
G1 X-17.058 Y30.061 E.07511
G1 X-16.478 Y30.641 E.02722
G1 X-14.405 Y31.553 E.07511
G1 X-13.825 Y32.133 E.02722
G1 X-12.913 Y34.206 E.07511
G1 X-12.333 Y34.786 E.02722
G1 X-12.03 Y34.919 E.01097
G1 X-16.175 Y34.919 E.1375
G1 X-16.478 Y34.786 E.01097
G1 X-17.058 Y34.206 E.02722
G1 X-17.97 Y32.133 E.07511
G1 X-18.55 Y31.553 E.02722
G1 X-19.264 Y31.239 E.02586
G1 X-19.264 Y32.867 E.05401
G1 X-4.79 Y-1.74 F30000
G1 F12041
G1 X-6.418 Y-1.74 E.05401
G1 X-6.115 Y-1.607 E.01097
G1 X-5.535 Y-1.027 E.02722
G1 X-4.623 Y1.046 E.07511
G1 X-4.043 Y1.626 E.02722
G1 X-1.97 Y2.538 E.07511
G1 X-1.39 Y3.118 E.02722
G1 X-.478 Y5.191 E.07511
G1 X.102 Y5.771 E.02722
G1 X2.175 Y6.683 E.07511
G1 X2.755 Y7.263 E.02722
G1 X3.667 Y9.336 E.07511
G1 X4.247 Y9.916 E.02722
G1 X6.32 Y10.828 E.07511
G1 X6.9 Y11.408 E.02722
G1 X7.812 Y13.481 E.07511
G1 X8.392 Y14.061 E.02722
G1 X10.465 Y14.973 E.07511
G1 X11.045 Y15.553 E.02722
G1 X11.957 Y17.626 E.07511
G1 X12.537 Y18.206 E.02722
G1 X14.61 Y19.118 E.07511
G1 X15.19 Y19.698 E.02722
G1 X16.102 Y21.771 E.07511
G1 X16.682 Y22.351 E.02722
G1 X17.396 Y22.665 E.02586
G1 X17.396 Y18.52 E.1375
G1 X16.682 Y18.206 E.02586
G1 X16.102 Y17.626 E.02722
G1 X15.19 Y15.553 E.07511
G1 X14.61 Y14.973 E.02722
G1 X12.537 Y14.061 E.07511
G1 X11.957 Y13.481 E.02722
G1 X11.045 Y11.408 E.07511
G1 X10.465 Y10.828 E.02722
G1 X8.392 Y9.916 E.07511
G1 X7.812 Y9.336 E.02722
G1 X6.9 Y7.263 E.07511
G1 X6.32 Y6.683 E.02722
G1 X4.247 Y5.771 E.07511
G1 X3.667 Y5.191 E.02722
G1 X2.755 Y3.118 E.07511
G1 X2.175 Y2.538 E.02722
G1 X.102 Y1.626 E.07511
G1 X-.478 Y1.046 E.02722
G1 X-1.39 Y-1.027 E.07511
G1 X-1.97 Y-1.607 E.02722
G1 X-2.273 Y-1.74 E.01097
G1 X-.645 Y-1.74 E.05401
G1 X17.396 Y.312 F30000
G1 F12041
G1 X17.396 Y1.94 E.05401
G1 X16.682 Y1.626 E.02586
G1 X16.102 Y1.046 E.02722
G1 X15.19 Y-1.027 E.07511
G1 X14.61 Y-1.607 E.02722
G1 X14.307 Y-1.74 E.01097
G1 X10.162 Y-1.74 E.1375
G1 X10.465 Y-1.607 E.01097
G1 X11.045 Y-1.027 E.02722
G1 X11.957 Y1.046 E.07511
G1 X12.537 Y1.626 E.02722
G1 X14.61 Y2.538 E.07511
G1 X15.19 Y3.118 E.02722
G1 X16.102 Y5.191 E.07511
G1 X16.682 Y5.771 E.02722
G1 X17.396 Y6.085 E.02586
G1 X17.396 Y10.23 E.1375
G1 X16.682 Y9.916 E.02586
G1 X16.102 Y9.336 E.02722
G1 X15.19 Y7.263 E.07511
G1 X14.61 Y6.683 E.02722
G1 X12.537 Y5.771 E.07511
G1 X11.957 Y5.191 E.02722
G1 X11.045 Y3.118 E.07511
G1 X10.465 Y2.538 E.02722
G1 X8.392 Y1.626 E.07511
G1 X7.812 Y1.046 E.02722
G1 X6.9 Y-1.027 E.07511
G1 X6.32 Y-1.607 E.02722
G1 X6.017 Y-1.74 E.01097
G1 X1.872 Y-1.74 E.1375
G1 X2.175 Y-1.607 E.01097
G1 X2.755 Y-1.027 E.02722
G1 X3.667 Y1.046 E.07511
G1 X4.247 Y1.626 E.02722
G1 X6.32 Y2.538 E.07511
G1 X6.9 Y3.118 E.02722
G1 X7.812 Y5.191 E.07511
M73 P34 R12
G1 X8.392 Y5.771 E.02722
G1 X10.465 Y6.683 E.07511
G1 X11.045 Y7.263 E.02722
G1 X11.957 Y9.336 E.07511
G1 X12.537 Y9.916 E.02722
G1 X14.61 Y10.828 E.07511
G1 X15.19 Y11.408 E.02722
G1 X16.102 Y13.481 E.07511
G1 X16.682 Y14.061 E.02722
G1 X17.396 Y14.375 E.02586
G1 X17.396 Y16.003 E.05401
;LAYER_CHANGE
;Z:6.2
;HEIGHT:0.2
;BEFORE_LAYER_CHANGE
;6.2
G1 E-.8 F2100
;WIPE_START
G1 F16200
G1 X17.396 Y14.375
G1 X17.056 Y14.225
;WIPE_END
;AFTER_LAYER_CHANGE
;6.2
;_SET_FAN_SPEED_CHANGING_LAYER
G1 F30000
G1 X16.9312 Y14.7942 Z6.23077
G1 X16.5566 Y15.2402 Z6.26154
G1 X16.0176 Y15.4611 Z6.29231
G1 X15.4377 Y15.4061 Z6.32308
G1 X14.9498 Y15.088 Z6.35385
G1 X14.6656 Y14.5795 Z6.38462
G1 X14.6503 Y13.9973 Z6.41538
G1 X14.9073 Y13.4745 Z6.44615
G1 X15.3777 Y13.1311 Z6.47692
G1 X15.9539 Y13.0457 Z6.50769
G1 X16.5038 Y13.2378 Z6.53846
G1 X16.9014 Y13.6635 Z6.56923
G1 X17.0557 Y14.2252 Z6.6
G1 X17.607 Y35.13 Z6.6
G1 Z6.2
G1 E.8 F2100
SET_VELOCITY_LIMIT ACCEL=5000
;TYPE:Inner wall
G1 F11755
G1 X-19.475 Y35.13 E1.23007
G1 X-19.475 Y-1.951 E1.23007
G1 X17.607 Y-1.951 E1.23007
G1 X17.607 Y35.09 E1.22874
SET_VELOCITY_LIMIT ACCEL=10000
G1 X18.014 Y35.537 F30000
SET_VELOCITY_LIMIT ACCEL=5000
G1 F11755
G1 X-19.882 Y35.537 E1.25707
G1 X-19.882 Y-2.358 E1.25707
G1 X18.014 Y-2.358 E1.25707
G1 X18.014 Y35.497 E1.25575
SET_VELOCITY_LIMIT ACCEL=10000
G1 X18.421 Y35.944 F30000
SET_VELOCITY_LIMIT ACCEL=5000
G1 F11755
G1 X-20.289 Y35.944 E1.28408
G1 X-20.289 Y-2.766 E1.28408
G1 X18.421 Y-2.766 E1.28408
G1 X18.421 Y35.904 E1.28275
G1 X18.856 Y36.379 F30000
;TYPE:Outer wall
;WIDTH:0.42
G1 F11755
G1 X-20.724 Y36.379 E1.21618
G1 X-20.724 Y-3.201 E1.21618
G1 X18.856 Y-3.201 E1.21618
G1 X18.856 Y36.339 E1.21495
SET_VELOCITY_LIMIT ACCEL=10000
G1 E-.8 F2100
;WIPE_START
G1 F12000
G1 X16.856 Y36.341
;WIPE_END
G1 X16.97 Y28.71 Z6.6 F30000
G1 X17.396 Y.201 Z6.6
G1 Z6.2
G1 E.8 F2100
;TYPE:Sparse infill
;WIDTH:0.45
G1 F11755
G1 X17.396 Y1.83 E.05401
G1 X16.682 Y1.272 E.03003
G1 X16.456 Y1.046 E.01063
G1 X14.837 Y-1.027 E.08724
G1 X14.61 Y-1.254 E.01063
G1 X13.987 Y-1.74 E.02623
G1 X9.842 Y-1.74 E.1375
G1 X10.465 Y-1.254 E.02623
G1 X10.692 Y-1.027 E.01063
G1 X12.311 Y1.046 E.08724
G1 X12.537 Y1.272 E.01063
G1 X14.61 Y2.891 E.08724
G1 X14.837 Y3.118 E.01063
G1 X16.456 Y5.191 E.08724
G1 X16.682 Y5.417 E.01063
G1 X17.396 Y5.975 E.03003
G1 X17.396 Y10.12 E.1375
G1 X16.682 Y9.562 E.03003
G1 X16.456 Y9.336 E.01063
G1 X14.837 Y7.263 E.08724
G1 X14.61 Y7.037 E.01063
G1 X12.537 Y5.417 E.08724
G1 X12.311 Y5.191 E.01063
G1 X10.692 Y3.118 E.08724
G1 X10.465 Y2.891 E.01063
G1 X8.392 Y1.272 E.08724
G1 X8.166 Y1.046 E.01063
G1 X6.546 Y-1.027 E.08724
G1 X6.32 Y-1.254 E.01063
G1 X5.697 Y-1.74 E.02623
G1 X1.552 Y-1.74 E.1375
G1 X2.175 Y-1.254 E.02623
G1 X2.401 Y-1.027 E.01063
G1 X4.021 Y1.046 E.08724
G1 X4.247 Y1.272 E.01063
G1 X6.32 Y2.891 E.08724
G1 X6.546 Y3.118 E.01063
G1 X8.166 Y5.191 E.08724
G1 X8.392 Y5.417 E.01063
G1 X10.465 Y7.037 E.08724
G1 X10.692 Y7.263 E.01063
G1 X12.311 Y9.336 E.08724
G1 X12.537 Y9.562 E.01063
G1 X14.61 Y11.182 E.08724
G1 X14.837 Y11.408 E.01063
G1 X16.456 Y13.481 E.08724
G1 X16.682 Y13.707 E.01063
G1 X17.396 Y14.265 E.03003
G1 X17.396 Y18.41 E.1375
G1 X16.682 Y17.852 E.03003
G1 X16.456 Y17.626 E.01063
G1 X14.837 Y15.553 E.08724
G1 X14.61 Y15.327 E.01063
G1 X12.537 Y13.707 E.08724
G1 X12.311 Y13.481 E.01063
G1 X10.692 Y11.408 E.08724
G1 X10.465 Y11.182 E.01063
G1 X8.392 Y9.562 E.08724
G1 X8.166 Y9.336 E.01063
G1 X6.546 Y7.263 E.08724
G1 X6.32 Y7.037 E.01063
G1 X4.247 Y5.417 E.08724
G1 X4.021 Y5.191 E.01063
G1 X2.401 Y3.118 E.08724
G1 X2.175 Y2.891 E.01063
G1 X.102 Y1.272 E.08724
G1 X-.124 Y1.046 E.01063
G1 X-1.744 Y-1.027 E.08724
G1 X-1.97 Y-1.254 E.01063
G1 X-2.593 Y-1.74 E.02623
G1 X-6.738 Y-1.74 E.1375
G1 X-6.115 Y-1.254 E.02623
G1 X-5.889 Y-1.027 E.01063
G1 X-4.269 Y1.046 E.08724
G1 X-4.043 Y1.272 E.01063
G1 X-1.97 Y2.891 E.08724
G1 X-1.744 Y3.118 E.01063
G1 X-.124 Y5.191 E.08724
G1 X.102 Y5.417 E.01063
G1 X2.175 Y7.037 E.08724
G1 X2.401 Y7.263 E.01063
G1 X4.021 Y9.336 E.08724
G1 X4.247 Y9.562 E.01063
G1 X6.32 Y11.182 E.08724
G1 X6.546 Y11.408 E.01063
G1 X8.166 Y13.481 E.08724
G1 X8.392 Y13.707 E.01063
G1 X10.465 Y15.327 E.08724
G1 X10.692 Y15.553 E.01063
G1 X12.311 Y17.626 E.08724
G1 X12.537 Y17.852 E.01063
G1 X14.61 Y19.472 E.08724
G1 X14.837 Y19.698 E.01063
G1 X16.456 Y21.771 E.08724
G1 X16.682 Y21.997 E.01063
G1 X17.396 Y22.555 E.03003
G1 X17.396 Y26.7 E.1375
G1 X16.682 Y26.142 E.03003
G1 X16.456 Y25.916 E.01063
G1 X14.837 Y23.843 E.08724
G1 X14.61 Y23.617 E.01063
G1 X12.537 Y21.997 E.08724
G1 X12.311 Y21.771 E.01063
G1 X10.692 Y19.698 E.08724
G1 X10.465 Y19.472 E.01063
G1 X8.392 Y17.852 E.08724
G1 X8.166 Y17.626 E.01063
G1 X6.546 Y15.553 E.08724
G1 X6.32 Y15.327 E.01063
G1 X4.247 Y13.707 E.08724
G1 X4.021 Y13.481 E.01063
G1 X2.401 Y11.408 E.08724
G1 X2.175 Y11.182 E.01063
G1 X.102 Y9.562 E.08724
G1 X-.124 Y9.336 E.01063
G1 X-1.744 Y7.263 E.08724
G1 X-1.97 Y7.037 E.01063
G1 X-4.043 Y5.417 E.08724
G1 X-4.269 Y5.191 E.01063
G1 X-5.889 Y3.118 E.08724
G1 X-6.115 Y2.891 E.01063
G1 X-8.188 Y1.272 E.08724
G1 X-8.414 Y1.046 E.01063
G1 X-10.034 Y-1.027 E.08724
G1 X-10.26 Y-1.254 E.01063
G1 X-10.883 Y-1.74 E.02623
G1 X-15.028 Y-1.74 E.1375
G1 X-14.405 Y-1.254 E.02623
G1 X-14.179 Y-1.027 E.01063
G1 X-12.559 Y1.046 E.08724
G1 X-12.333 Y1.272 E.01063
G1 X-10.26 Y2.891 E.08724
G1 X-10.034 Y3.118 E.01063
G1 X-8.414 Y5.191 E.08724
G1 X-8.188 Y5.417 E.01063
G1 X-6.115 Y7.037 E.08724
G1 X-5.889 Y7.263 E.01063
G1 X-4.269 Y9.336 E.08724
G1 X-4.043 Y9.562 E.01063
G1 X-1.97 Y11.182 E.08724
G1 X-1.744 Y11.408 E.01063
G1 X-.124 Y13.481 E.08724
G1 X.102 Y13.707 E.01063
G1 X2.175 Y15.327 E.08724
G1 X2.401 Y15.553 E.01063
G1 X4.021 Y17.626 E.08724
G1 X4.247 Y17.852 E.01063
G1 X6.32 Y19.472 E.08724
G1 X6.546 Y19.698 E.01063
G1 X8.166 Y21.771 E.08724
G1 X8.392 Y21.997 E.01063
G1 X10.465 Y23.617 E.08724
G1 X10.692 Y23.843 E.01063
G1 X12.311 Y25.916 E.08724
G1 X12.537 Y26.142 E.01063
G1 X14.61 Y27.762 E.08724
G1 X14.837 Y27.988 E.01063
G1 X16.456 Y30.061 E.08724
G1 X16.682 Y30.287 E.01063
G1 X17.396 Y30.845 E.03003
G1 X17.396 Y34.919 E.13516
G1 X17.305 Y34.919 E.003
G1 X16.682 Y34.432 E.02623
G1 X16.456 Y34.206 E.01063
G1 X14.837 Y32.133 E.08724
G1 X14.61 Y31.907 E.01063
G1 X12.537 Y30.287 E.08724
G1 X12.311 Y30.061 E.01063
G1 X10.692 Y27.988 E.08724
G1 X10.465 Y27.762 E.01063
G1 X8.392 Y26.142 E.08724
G1 X8.166 Y25.916 E.01063
G1 X6.546 Y23.843 E.08724
G1 X6.32 Y23.617 E.01063
G1 X4.247 Y21.997 E.08724
G1 X4.021 Y21.771 E.01063
G1 X2.401 Y19.698 E.08724
G1 X2.175 Y19.472 E.01063
G1 X.102 Y17.852 E.08724
G1 X-.124 Y17.626 E.01063
G1 X-1.744 Y15.553 E.08724
G1 X-1.97 Y15.327 E.01063
G1 X-4.043 Y13.707 E.08724
G1 X-4.269 Y13.481 E.01063
G1 X-5.889 Y11.408 E.08724
G1 X-6.115 Y11.182 E.01063
G1 X-8.188 Y9.562 E.08724
G1 X-8.414 Y9.336 E.01063
G1 X-10.034 Y7.263 E.08724
G1 X-10.26 Y7.037 E.01063
G1 X-12.333 Y5.417 E.08724
G1 X-12.559 Y5.191 E.01063
G1 X-14.179 Y3.118 E.08724
G1 X-14.405 Y2.891 E.01063
G1 X-16.478 Y1.272 E.08724
G1 X-16.704 Y1.046 E.01063
G1 X-18.324 Y-1.027 E.08724
G1 X-18.55 Y-1.254 E.01063
G1 X-19.173 Y-1.74 E.02623
G1 X-19.264 Y-1.74 E.003
G1 X-19.264 Y2.334 E.13516
G1 X-18.55 Y2.891 E.03003
G1 X-18.324 Y3.118 E.01063
G1 X-16.704 Y5.191 E.08724
G1 X-16.478 Y5.417 E.01063
G1 X-14.405 Y7.037 E.08724
G1 X-14.179 Y7.263 E.01063
G1 X-12.559 Y9.336 E.08724
G1 X-12.333 Y9.562 E.01063
G1 X-10.26 Y11.182 E.08724
G1 X-10.034 Y11.408 E.01063
G1 X-8.414 Y13.481 E.08724
G1 X-8.188 Y13.707 E.01063
G1 X-6.115 Y15.327 E.08724
G1 X-5.889 Y15.553 E.01063
G1 X-4.269 Y17.626 E.08724
G1 X-4.043 Y17.852 E.01063
G1 X-1.97 Y19.472 E.08724
G1 X-1.744 Y19.698 E.01063
G1 X-.124 Y21.771 E.08724
G1 X.102 Y21.997 E.01063
G1 X2.175 Y23.617 E.08724
G1 X2.401 Y23.843 E.01063
G1 X4.021 Y25.916 E.08724
G1 X4.247 Y26.142 E.01063
G1 X6.32 Y27.762 E.08724
G1 X6.546 Y27.988 E.01063
G1 X8.166 Y30.061 E.08724
G1 X8.392 Y30.287 E.01063
G1 X10.465 Y31.907 E.08724
G1 X10.692 Y32.133 E.01063
G1 X12.311 Y34.206 E.08724
G1 X12.537 Y34.432 E.01063
G1 X13.16 Y34.919 E.02623
G1 X9.015 Y34.919 E.1375
G1 X8.392 Y34.432 E.02623
G1 X8.166 Y34.206 E.01063
G1 X6.546 Y32.133 E.08724
G1 X6.32 Y31.907 E.01063
G1 X4.247 Y30.287 E.08724
G1 X4.021 Y30.061 E.01063
G1 X2.401 Y27.988 E.08724
G1 X2.175 Y27.762 E.01063
G1 X.102 Y26.142 E.08724
G1 X-.124 Y25.916 E.01063
G1 X-1.744 Y23.843 E.08724
G1 X-1.97 Y23.617 E.01063
G1 X-4.043 Y21.997 E.08724
G1 X-4.269 Y21.771 E.01063
G1 X-5.889 Y19.698 E.08724
G1 X-6.115 Y19.472 E.01063
G1 X-8.188 Y17.852 E.08724
G1 X-8.414 Y17.626 E.01063
G1 X-10.034 Y15.553 E.08724
G1 X-10.26 Y15.327 E.01063
G1 X-12.333 Y13.707 E.08724
G1 X-12.559 Y13.481 E.01063
G1 X-14.179 Y11.408 E.08724
G1 X-14.405 Y11.182 E.01063
G1 X-16.478 Y9.562 E.08724
G1 X-16.704 Y9.336 E.01063
G1 X-18.324 Y7.263 E.08724
G1 X-18.55 Y7.037 E.01063
G1 X-19.264 Y6.479 E.03003
G1 X-19.264 Y10.624 E.1375
G1 X-18.55 Y11.182 E.03003
G1 X-18.324 Y11.408 E.01063
G1 X-16.704 Y13.481 E.08724
G1 X-16.478 Y13.707 E.01063
G1 X-14.405 Y15.327 E.08724
G1 X-14.179 Y15.553 E.01063
G1 X-12.559 Y17.626 E.08724
G1 X-12.333 Y17.852 E.01063
G1 X-10.26 Y19.472 E.08724
G1 X-10.034 Y19.698 E.01063
G1 X-8.414 Y21.771 E.08724
G1 X-8.188 Y21.997 E.01063
G1 X-6.115 Y23.617 E.08724
G1 X-5.889 Y23.843 E.01063
G1 X-4.269 Y25.916 E.08724
G1 X-4.043 Y26.142 E.01063
G1 X-1.97 Y27.762 E.08724
G1 X-1.744 Y27.988 E.01063
G1 X-.124 Y30.061 E.08724
G1 X.102 Y30.287 E.01063
G1 X2.175 Y31.907 E.08724
G1 X2.401 Y32.133 E.01063
G1 X4.021 Y34.206 E.08724
G1 X4.247 Y34.432 E.01063
G1 X4.87 Y34.919 E.02623
G1 X.725 Y34.919 E.1375
G1 X.102 Y34.432 E.02623
G1 X-.124 Y34.206 E.01063
G1 X-1.744 Y32.133 E.08724
G1 X-1.97 Y31.907 E.01063
G1 X-4.043 Y30.287 E.08724
G1 X-4.269 Y30.061 E.01063
G1 X-5.889 Y27.988 E.08724
G1 X-6.115 Y27.762 E.01063
G1 X-8.188 Y26.142 E.08724
G1 X-8.414 Y25.916 E.01063
G1 X-10.034 Y23.843 E.08724
G1 X-10.26 Y23.617 E.01063
G1 X-12.333 Y21.997 E.08724
G1 X-12.559 Y21.771 E.01063
G1 X-14.179 Y19.698 E.08724
G1 X-14.405 Y19.472 E.01063
G1 X-16.478 Y17.852 E.08724
G1 X-16.704 Y17.626 E.01063
G1 X-18.324 Y15.553 E.08724
G1 X-18.55 Y15.327 E.01063
G1 X-19.264 Y14.769 E.03003
G1 X-19.264 Y18.914 E.1375
G1 X-18.55 Y19.472 E.03003
G1 X-18.324 Y19.698 E.01063
G1 X-16.704 Y21.771 E.08724
G1 X-16.478 Y21.997 E.01063
G1 X-14.405 Y23.617 E.08724
G1 X-14.179 Y23.843 E.01063
G1 X-12.559 Y25.916 E.08724
G1 X-12.333 Y26.142 E.01063
G1 X-10.26 Y27.762 E.08724
G1 X-10.034 Y27.988 E.01063
G1 X-8.414 Y30.061 E.08724
G1 X-8.188 Y30.287 E.01063
G1 X-6.115 Y31.907 E.08724
G1 X-5.889 Y32.133 E.01063
G1 X-4.269 Y34.206 E.08724
G1 X-4.043 Y34.432 E.01063
G1 X-3.42 Y34.919 E.02623
G1 X-7.565 Y34.919 E.1375
G1 X-8.188 Y34.432 E.02623
G1 X-8.414 Y34.206 E.01063
G1 X-10.034 Y32.133 E.08724
G1 X-10.26 Y31.907 E.01063
G1 X-12.333 Y30.287 E.08724
G1 X-12.559 Y30.061 E.01063
G1 X-14.179 Y27.988 E.08724
G1 X-14.405 Y27.762 E.01063
G1 X-16.478 Y26.142 E.08724
G1 X-16.704 Y25.916 E.01063
G1 X-18.324 Y23.843 E.08724
G1 X-18.55 Y23.617 E.01063
G1 X-19.264 Y23.059 E.03003
G1 X-19.264 Y27.204 E.1375
G1 X-18.55 Y27.762 E.03003
G1 X-18.324 Y27.988 E.01063
G1 X-16.704 Y30.061 E.08724
G1 X-16.478 Y30.287 E.01063
G1 X-14.405 Y31.907 E.08724
G1 X-14.179 Y32.133 E.01063
G1 X-12.559 Y34.206 E.08724
G1 X-12.333 Y34.432 E.01063
G1 X-11.71 Y34.919 E.02623
G1 X-15.855 Y34.919 E.1375
G1 X-16.478 Y34.432 E.02623
G1 X-16.704 Y34.206 E.01063
G1 X-18.324 Y32.133 E.08724
G1 X-18.55 Y31.907 E.01063
G1 X-19.264 Y31.349 E.03003
G1 X-19.264 Y32.978 E.05401
;LAYER_CHANGE
;Z:6.4
;HEIGHT:0.2
;BEFORE_LAYER_CHANGE
;6.4
G1 E-.8 F2100
;WIPE_START
G1 F16200
G1 X-19.264 Y31.349
G1 X-18.971 Y31.578
;WIPE_END
;AFTER_LAYER_CHANGE
;6.4
;_SET_FAN_SPEED_CHANGING_LAYER
G1 F30000
G1 X-18.4214 Y31.7715 Z6.43077
G1 X-18.0248 Y32.198 Z6.46154
G1 X-17.8719 Y32.7601 Z6.49231
G1 X-17.9976 Y33.3288 Z6.52308
G1 X-18.3733 Y33.774 Z6.55385
G1 X-18.9128 Y33.9935 Z6.58462
G1 X-19.4926 Y33.9372 Z6.61538
G1 X-19.9798 Y33.618 Z6.64615
G1 X-20.2628 Y33.1088 Z6.67692
G1 X-20.2767 Y32.5265 Z6.70769
G1 X-20.0185 Y32.0044 Z6.73846
G1 X-19.5472 Y31.6621 Z6.76923
G1 X-18.9709 Y31.578 Z6.8
G1 X17.607 Y35.13 Z6.8
G1 Z6.4
G1 E.8 F2100
SET_VELOCITY_LIMIT ACCEL=5000
;TYPE:Inner wall
G1 F11856
G1 X-19.475 Y35.13 E1.23007
G1 X-19.475 Y-1.951 E1.23007
G1 X17.607 Y-1.951 E1.23007
G1 X17.607 Y35.09 E1.22874
SET_VELOCITY_LIMIT ACCEL=10000
G1 X18.014 Y35.537 F30000
SET_VELOCITY_LIMIT ACCEL=5000
G1 F11856
G1 X-19.882 Y35.537 E1.25707
G1 X-19.882 Y-2.358 E1.25707
M73 P35 R12
G1 X18.014 Y-2.358 E1.25707
G1 X18.014 Y35.497 E1.25575
SET_VELOCITY_LIMIT ACCEL=10000
G1 X18.421 Y35.944 F30000
SET_VELOCITY_LIMIT ACCEL=5000
G1 F11856
G1 X-20.289 Y35.944 E1.28408
G1 X-20.289 Y-2.766 E1.28408
G1 X18.421 Y-2.766 E1.28408
G1 X18.421 Y35.904 E1.28275
G1 X18.856 Y36.379 F30000
;TYPE:Outer wall
;WIDTH:0.42
G1 F11856
G1 X-20.724 Y36.379 E1.21618
G1 X-20.724 Y-3.201 E1.21618
G1 X18.856 Y-3.201 E1.21618
G1 X18.856 Y36.339 E1.21495
SET_VELOCITY_LIMIT ACCEL=10000
G1 E-.8 F2100
;WIPE_START
G1 F12000
G1 X16.856 Y36.341
;WIPE_END
G1 X9.235 Y35.924 Z6.8 F30000
G1 X-9.103 Y34.919 Z6.8
G1 Z6.4
G1 E.8 F2100
;TYPE:Sparse infill
;WIDTH:0.45
G1 F11856
G1 X-7.474 Y34.919 E.05401
G1 X-19.264 Y23.13 E.55307
G1 X-19.264 Y18.985 E.1375
G1 X-3.329 Y34.919 E.74752
G1 X.816 Y34.919 E.1375
G1 X-19.264 Y14.84 E.94197
G1 X-19.264 Y10.695 E.1375
G1 X4.961 Y34.919 E1.13642
G1 X9.106 Y34.919 E.1375
G1 X-19.264 Y6.55 E1.33087
G1 X-19.264 Y2.405 E.1375
G1 X13.251 Y34.919 E1.52533
G1 X17.396 Y34.919 E.1375
G1 X-19.264 Y-1.74 E1.71978
G1 X-15.119 Y-1.74 E.1375
G1 X17.396 Y30.774 E1.52533
G1 X17.396 Y26.629 E.1375
G1 X-10.974 Y-1.74 E1.33087
G1 X-6.829 Y-1.74 E.1375
G1 X17.396 Y22.484 E1.13642
G1 X17.396 Y18.339 E.1375
G1 X-2.684 Y-1.74 E.94197
G1 X1.461 Y-1.74 E.1375
G1 X17.396 Y14.194 E.74752
G1 X17.396 Y10.049 E.1375
G1 X5.606 Y-1.74 E.55307
G1 X9.751 Y-1.74 E.1375
G1 X17.396 Y5.904 E.35862
G1 X17.396 Y1.759 E.1375
G1 X13.896 Y-1.74 E.16417
G1 X15.525 Y-1.74 E.05401
G1 X-19.264 Y25.646 F30000
G1 F11856
G1 X-19.264 Y27.275 E.05401
G1 X-11.619 Y34.919 E.35862
G1 X-15.764 Y34.919 E.1375
G1 X-19.264 Y31.42 E.16417
G1 X-19.264 Y33.048 E.05401
;LAYER_CHANGE
;Z:6.6
;HEIGHT:0.2
;BEFORE_LAYER_CHANGE
;6.6
G1 E-.8 F2100
;WIPE_START
G1 F16200
G1 X-19.264 Y31.42
G1 X-19.001 Y31.683
;WIPE_END
;AFTER_LAYER_CHANGE
;6.6
;_SET_FAN_SPEED_CHANGING_LAYER
G1 F30000
G1 X-18.4509 Y31.8744 Z6.63077
G1 X-18.0531 Y32.2999 Z6.66154
G1 X-17.8985 Y32.8615 Z6.69231
G1 X-18.0226 Y33.4306 Z6.72308
G1 X-18.397 Y33.8768 Z6.75385
G1 X-18.9359 Y34.0979 Z6.78462
G1 X-19.5158 Y34.0433 Z6.81538
G1 X-20.0039 Y33.7255 Z6.84615
G1 X-20.2884 Y33.2172 Z6.87692
G1 X-20.304 Y32.6349 Z6.90769
G1 X-20.0473 Y32.1121 Z6.93846
G1 X-19.5771 Y31.7684 Z6.96923
G1 X-19.0009 Y31.6826 Z7
G1 X17.607 Y35.13 Z7
G1 Z6.6
G1 E.8 F2100
SET_VELOCITY_LIMIT ACCEL=5000
;TYPE:Inner wall
G1 F11856
G1 X-19.475 Y35.13 E1.23007
G1 X-19.475 Y-1.951 E1.23007
G1 X17.607 Y-1.951 E1.23007
G1 X17.607 Y35.09 E1.22874
SET_VELOCITY_LIMIT ACCEL=10000
G1 X18.014 Y35.537 F30000
SET_VELOCITY_LIMIT ACCEL=5000
G1 F11856
G1 X-19.882 Y35.537 E1.25707
G1 X-19.882 Y-2.358 E1.25707
G1 X18.014 Y-2.358 E1.25707
G1 X18.014 Y35.497 E1.25575
SET_VELOCITY_LIMIT ACCEL=10000
G1 X18.421 Y35.944 F30000
SET_VELOCITY_LIMIT ACCEL=5000
G1 F11856
G1 X-20.289 Y35.944 E1.28408
G1 X-20.289 Y-2.766 E1.28408
G1 X18.421 Y-2.766 E1.28408
G1 X18.421 Y35.904 E1.28275
G1 X18.856 Y36.379 F30000
;TYPE:Outer wall
;WIDTH:0.42
G1 F11856
G1 X-20.724 Y36.379 E1.21618
G1 X-20.724 Y-3.201 E1.21618
G1 X18.856 Y-3.201 E1.21618
G1 X18.856 Y36.339 E1.21495
SET_VELOCITY_LIMIT ACCEL=10000
G1 E-.8 F2100
;WIPE_START
G1 F12000
G1 X16.856 Y36.341
;WIPE_END
G1 X9.235 Y35.924 Z7 F30000
G1 X-9.103 Y34.919 Z7
G1 Z6.6
G1 E.8 F2100
;TYPE:Sparse infill
;WIDTH:0.45
G1 F11856
G1 X-7.474 Y34.919 E.05401
G1 X-19.264 Y23.13 E.55307
G1 X-19.264 Y18.985 E.1375
G1 X-3.329 Y34.919 E.74752
G1 X.816 Y34.919 E.1375
G1 X-19.264 Y14.84 E.94197
G1 X-19.264 Y10.695 E.1375
M73 P36 R12
G1 X4.961 Y34.919 E1.13642
G1 X9.106 Y34.919 E.1375
G1 X-19.264 Y6.55 E1.33087
G1 X-19.264 Y2.405 E.1375
G1 X13.251 Y34.919 E1.52533
G1 X17.396 Y34.919 E.1375
G1 X-19.264 Y-1.74 E1.71978
G1 X-15.119 Y-1.74 E.1375
G1 X17.396 Y30.774 E1.52533
G1 X17.396 Y26.629 E.1375
G1 X-10.974 Y-1.74 E1.33087
G1 X-6.829 Y-1.74 E.1375
G1 X17.396 Y22.484 E1.13642
G1 X17.396 Y18.339 E.1375
G1 X-2.684 Y-1.74 E.94197
G1 X1.461 Y-1.74 E.1375
G1 X17.396 Y14.194 E.74752
G1 X17.396 Y10.049 E.1375
G1 X5.606 Y-1.74 E.55307
G1 X9.751 Y-1.74 E.1375
G1 X17.396 Y5.904 E.35862
G1 X17.396 Y1.759 E.1375
G1 X13.896 Y-1.74 E.16417
G1 X15.525 Y-1.74 E.05401
G1 X-19.264 Y25.646 F30000
G1 F11856
G1 X-19.264 Y27.275 E.05401
G1 X-11.619 Y34.919 E.35862
G1 X-15.764 Y34.919 E.1375
G1 X-19.264 Y31.42 E.16417
G1 X-19.264 Y33.048 E.05401
;LAYER_CHANGE
;Z:6.8
;HEIGHT:0.2
;BEFORE_LAYER_CHANGE
;6.8
G1 E-.8 F2100
;WIPE_START
G1 F16200
G1 X-19.264 Y31.42
G1 X-19.001 Y31.683
;WIPE_END
;AFTER_LAYER_CHANGE
;6.8
;_SET_FAN_SPEED_CHANGING_LAYER
G1 F30000
G1 X-18.4509 Y31.8744 Z6.83077
G1 X-18.0531 Y32.2999 Z6.86154
G1 X-17.8985 Y32.8615 Z6.89231
G1 X-18.0226 Y33.4306 Z6.92308
G1 X-18.397 Y33.8768 Z6.95385
G1 X-18.9359 Y34.0979 Z6.98462
G1 X-19.5158 Y34.0433 Z7.01538
G1 X-20.0039 Y33.7255 Z7.04615
G1 X-20.2884 Y33.2172 Z7.07692
G1 X-20.304 Y32.6349 Z7.10769
G1 X-20.0473 Y32.1121 Z7.13846
G1 X-19.5771 Y31.7684 Z7.16923
G1 X-19.0009 Y31.6826 Z7.2
G1 X17.607 Y35.13 Z7.2
G1 Z6.8
G1 E.8 F2100
SET_VELOCITY_LIMIT ACCEL=5000
;TYPE:Inner wall
G1 F11856
G1 X-19.475 Y35.13 E1.23007
G1 X-19.475 Y-1.951 E1.23007
G1 X17.607 Y-1.951 E1.23007
G1 X17.607 Y35.09 E1.22874
SET_VELOCITY_LIMIT ACCEL=10000
G1 X18.014 Y35.537 F30000
SET_VELOCITY_LIMIT ACCEL=5000
G1 F11856
G1 X-19.882 Y35.537 E1.25707
G1 X-19.882 Y-2.358 E1.25707
G1 X18.014 Y-2.358 E1.25707
G1 X18.014 Y35.497 E1.25575
SET_VELOCITY_LIMIT ACCEL=10000
G1 X18.421 Y35.944 F30000
SET_VELOCITY_LIMIT ACCEL=5000
G1 F11856
G1 X-20.289 Y35.944 E1.28408
G1 X-20.289 Y-2.766 E1.28408
G1 X18.421 Y-2.766 E1.28408
G1 X18.421 Y35.904 E1.28275
G1 X18.856 Y36.379 F30000
;TYPE:Outer wall
;WIDTH:0.42
G1 F11856
G1 X-20.724 Y36.379 E1.21618
G1 X-20.724 Y-3.201 E1.21618
G1 X18.856 Y-3.201 E1.21618
G1 X18.856 Y36.339 E1.21495
SET_VELOCITY_LIMIT ACCEL=10000
G1 E-.8 F2100
;WIPE_START
G1 F12000
G1 X16.856 Y36.341
;WIPE_END
G1 X9.235 Y35.924 Z7.2 F30000
G1 X-9.103 Y34.919 Z7.2
G1 Z6.8
G1 E.8 F2100
;TYPE:Sparse infill
;WIDTH:0.45
G1 F11856
G1 X-7.474 Y34.919 E.05401
G1 X-19.264 Y23.13 E.55307
G1 X-19.264 Y18.985 E.1375
G1 X-3.329 Y34.919 E.74752
G1 X.816 Y34.919 E.1375
G1 X-19.264 Y14.84 E.94197
G1 X-19.264 Y10.695 E.1375
G1 X4.961 Y34.919 E1.13642
G1 X9.106 Y34.919 E.1375
G1 X-19.264 Y6.55 E1.33087
G1 X-19.264 Y2.405 E.1375
G1 X13.251 Y34.919 E1.52533
G1 X17.396 Y34.919 E.1375
G1 X-19.264 Y-1.74 E1.71978
G1 X-15.119 Y-1.74 E.1375
G1 X17.396 Y30.774 E1.52533
G1 X17.396 Y26.629 E.1375
G1 X-10.974 Y-1.74 E1.33087
G1 X-6.829 Y-1.74 E.1375
G1 X17.396 Y22.484 E1.13642
G1 X17.396 Y18.339 E.1375
G1 X-2.684 Y-1.74 E.94197
G1 X1.461 Y-1.74 E.1375
G1 X17.396 Y14.194 E.74752
G1 X17.396 Y10.049 E.1375
G1 X5.606 Y-1.74 E.55307
M73 P36 R11
G1 X9.751 Y-1.74 E.1375
G1 X17.396 Y5.904 E.35862
G1 X17.396 Y1.759 E.1375
G1 X13.896 Y-1.74 E.16417
G1 X15.525 Y-1.74 E.05401
G1 X-19.264 Y25.646 F30000
G1 F11856
G1 X-19.264 Y27.275 E.05401
G1 X-11.619 Y34.919 E.35862
G1 X-15.764 Y34.919 E.1375
G1 X-19.264 Y31.42 E.16417
G1 X-19.264 Y33.048 E.05401
;LAYER_CHANGE
;Z:7
;HEIGHT:0.2
;BEFORE_LAYER_CHANGE
;7
G1 E-.8 F2100
;WIPE_START
G1 F16200
G1 X-19.264 Y31.42
G1 X-19.001 Y31.683
;WIPE_END
;AFTER_LAYER_CHANGE
;7
;_SET_FAN_SPEED_CHANGING_LAYER
G1 F30000
G1 X-18.4509 Y31.8744 Z7.03077
G1 X-18.0531 Y32.2999 Z7.06154
G1 X-17.8985 Y32.8615 Z7.09231
G1 X-18.0226 Y33.4306 Z7.12308
G1 X-18.397 Y33.8768 Z7.15385
G1 X-18.9359 Y34.0979 Z7.18462
G1 X-19.5158 Y34.0433 Z7.21538
G1 X-20.0039 Y33.7255 Z7.24615
G1 X-20.2884 Y33.2172 Z7.27692
G1 X-20.304 Y32.6349 Z7.30769
G1 X-20.0473 Y32.1121 Z7.33846
G1 X-19.5771 Y31.7684 Z7.36923
G1 X-19.0009 Y31.6826 Z7.4
G1 X17.607 Y35.13 Z7.4
G1 Z7
G1 E.8 F2100
SET_VELOCITY_LIMIT ACCEL=5000
;TYPE:Inner wall
G1 F11856
G1 X-19.475 Y35.13 E1.23007
G1 X-19.475 Y-1.951 E1.23007
M73 P37 R11
G1 X17.607 Y-1.951 E1.23007
G1 X17.607 Y35.09 E1.22874
SET_VELOCITY_LIMIT ACCEL=10000
G1 X18.014 Y35.537 F30000
SET_VELOCITY_LIMIT ACCEL=5000
G1 F11856
G1 X-19.882 Y35.537 E1.25707
G1 X-19.882 Y-2.358 E1.25707
G1 X18.014 Y-2.358 E1.25707
G1 X18.014 Y35.497 E1.25575
SET_VELOCITY_LIMIT ACCEL=10000
G1 X18.421 Y35.944 F30000
SET_VELOCITY_LIMIT ACCEL=5000
G1 F11856
G1 X-20.289 Y35.944 E1.28408
G1 X-20.289 Y-2.766 E1.28408
G1 X18.421 Y-2.766 E1.28408
G1 X18.421 Y35.904 E1.28275
G1 X18.856 Y36.379 F30000
;TYPE:Outer wall
;WIDTH:0.42
G1 F11856
G1 X-20.724 Y36.379 E1.21618
G1 X-20.724 Y-3.201 E1.21618
G1 X18.856 Y-3.201 E1.21618
G1 X18.856 Y36.339 E1.21495
SET_VELOCITY_LIMIT ACCEL=10000
G1 E-.8 F2100
;WIPE_START
G1 F12000
G1 X16.856 Y36.341
;WIPE_END
G1 X9.235 Y35.924 Z7.4 F30000
G1 X-9.103 Y34.919 Z7.4
G1 Z7
G1 E.8 F2100
;TYPE:Sparse infill
;WIDTH:0.45
G1 F11856
G1 X-7.474 Y34.919 E.05401
G1 X-19.264 Y23.13 E.55307
G1 X-19.264 Y18.985 E.1375
G1 X-3.329 Y34.919 E.74752
G1 X.816 Y34.919 E.1375
G1 X-19.264 Y14.84 E.94197
G1 X-19.264 Y10.695 E.1375
G1 X4.961 Y34.919 E1.13642
G1 X9.106 Y34.919 E.1375
G1 X-19.264 Y6.55 E1.33087
G1 X-19.264 Y2.405 E.1375
G1 X13.251 Y34.919 E1.52533
G1 X17.396 Y34.919 E.1375
G1 X-19.264 Y-1.74 E1.71978
G1 X-15.119 Y-1.74 E.1375
G1 X17.396 Y30.774 E1.52533
G1 X17.396 Y26.629 E.1375
G1 X-10.974 Y-1.74 E1.33087
G1 X-6.829 Y-1.74 E.1375
G1 X17.396 Y22.484 E1.13642
G1 X17.396 Y18.339 E.1375
G1 X-2.684 Y-1.74 E.94197
G1 X1.461 Y-1.74 E.1375
G1 X17.396 Y14.194 E.74752
G1 X17.396 Y10.049 E.1375
G1 X5.606 Y-1.74 E.55307
G1 X9.751 Y-1.74 E.1375
G1 X17.396 Y5.904 E.35862
G1 X17.396 Y1.759 E.1375
G1 X13.896 Y-1.74 E.16417
G1 X15.525 Y-1.74 E.05401
G1 X-19.264 Y25.646 F30000
G1 F11856
G1 X-19.264 Y27.275 E.05401
G1 X-11.619 Y34.919 E.35862
G1 X-15.764 Y34.919 E.1375
G1 X-19.264 Y31.42 E.16417
G1 X-19.264 Y33.048 E.05401
;LAYER_CHANGE
;Z:7.2
;HEIGHT:0.2
;BEFORE_LAYER_CHANGE
;7.2
G1 E-.8 F2100
;WIPE_START
G1 F16200
G1 X-19.264 Y31.42
G1 X-19.001 Y31.683
;WIPE_END
;AFTER_LAYER_CHANGE
;7.2
;_SET_FAN_SPEED_CHANGING_LAYER
G1 F30000
G1 X-18.4509 Y31.8744 Z7.23077
G1 X-18.0531 Y32.2999 Z7.26154
G1 X-17.8985 Y32.8615 Z7.29231
G1 X-18.0226 Y33.4306 Z7.32308
G1 X-18.397 Y33.8768 Z7.35385
G1 X-18.9359 Y34.0979 Z7.38462
G1 X-19.5158 Y34.0433 Z7.41538
G1 X-20.0039 Y33.7255 Z7.44615
G1 X-20.2884 Y33.2172 Z7.47692
G1 X-20.304 Y32.6349 Z7.50769
G1 X-20.0473 Y32.1121 Z7.53846
G1 X-19.5771 Y31.7684 Z7.56923
G1 X-19.0009 Y31.6826 Z7.6
G1 X17.607 Y35.13 Z7.6
G1 Z7.2
G1 E.8 F2100
SET_VELOCITY_LIMIT ACCEL=5000
;TYPE:Inner wall
G1 F11856
G1 X-19.475 Y35.13 E1.23007
G1 X-19.475 Y-1.951 E1.23007
G1 X17.607 Y-1.951 E1.23007
G1 X17.607 Y35.09 E1.22874
SET_VELOCITY_LIMIT ACCEL=10000
G1 X18.014 Y35.537 F30000
SET_VELOCITY_LIMIT ACCEL=5000
G1 F11856
G1 X-19.882 Y35.537 E1.25707
G1 X-19.882 Y-2.358 E1.25707
G1 X18.014 Y-2.358 E1.25707
G1 X18.014 Y35.497 E1.25575
SET_VELOCITY_LIMIT ACCEL=10000
G1 X18.421 Y35.944 F30000
SET_VELOCITY_LIMIT ACCEL=5000
G1 F11856
G1 X-20.289 Y35.944 E1.28408
G1 X-20.289 Y-2.766 E1.28408
G1 X18.421 Y-2.766 E1.28408
G1 X18.421 Y35.904 E1.28275
G1 X18.856 Y36.379 F30000
;TYPE:Outer wall
;WIDTH:0.42
G1 F11856
G1 X-20.724 Y36.379 E1.21618
G1 X-20.724 Y-3.201 E1.21618
G1 X18.856 Y-3.201 E1.21618
G1 X18.856 Y36.339 E1.21495
SET_VELOCITY_LIMIT ACCEL=10000
G1 E-.8 F2100
M73 P38 R11
;WIPE_START
G1 F12000
G1 X16.856 Y36.341
;WIPE_END
G1 X9.235 Y35.924 Z7.6 F30000
G1 X-9.103 Y34.919 Z7.6
G1 Z7.2
G1 E.8 F2100
;TYPE:Sparse infill
;WIDTH:0.45
G1 F11856
G1 X-7.474 Y34.919 E.05401
G1 X-19.264 Y23.13 E.55307
G1 X-19.264 Y18.985 E.1375
G1 X-3.329 Y34.919 E.74752
G1 X.816 Y34.919 E.1375
G1 X-19.264 Y14.84 E.94197
G1 X-19.264 Y10.695 E.1375
G1 X4.961 Y34.919 E1.13642
G1 X9.106 Y34.919 E.1375
G1 X-19.264 Y6.55 E1.33087
G1 X-19.264 Y2.405 E.1375
G1 X13.251 Y34.919 E1.52533
G1 X17.396 Y34.919 E.1375
G1 X-19.264 Y-1.74 E1.71978
G1 X-15.119 Y-1.74 E.1375
G1 X17.396 Y30.774 E1.52533
G1 X17.396 Y26.629 E.1375
G1 X-10.974 Y-1.74 E1.33087
G1 X-6.829 Y-1.74 E.1375
G1 X17.396 Y22.484 E1.13642
G1 X17.396 Y18.339 E.1375
G1 X-2.684 Y-1.74 E.94197
G1 X1.461 Y-1.74 E.1375
G1 X17.396 Y14.194 E.74752
G1 X17.396 Y10.049 E.1375
G1 X5.606 Y-1.74 E.55307
G1 X9.751 Y-1.74 E.1375
G1 X17.396 Y5.904 E.35862
G1 X17.396 Y1.759 E.1375
G1 X13.896 Y-1.74 E.16417
G1 X15.525 Y-1.74 E.05401
G1 X-19.264 Y25.646 F30000
G1 F11856
G1 X-19.264 Y27.275 E.05401
G1 X-11.619 Y34.919 E.35862
G1 X-15.764 Y34.919 E.1375
G1 X-19.264 Y31.42 E.16417
G1 X-19.264 Y33.048 E.05401
;LAYER_CHANGE
;Z:7.4
;HEIGHT:0.2
;BEFORE_LAYER_CHANGE
;7.4
G1 E-.8 F2100
;WIPE_START
G1 F16200
G1 X-19.264 Y31.42
G1 X-19.001 Y31.683
;WIPE_END
;AFTER_LAYER_CHANGE
;7.4
;_SET_FAN_SPEED_CHANGING_LAYER
G1 F30000
G1 X-18.4509 Y31.8744 Z7.43077
G1 X-18.0531 Y32.2999 Z7.46154
G1 X-17.8985 Y32.8615 Z7.49231
G1 X-18.0226 Y33.4306 Z7.52308
G1 X-18.397 Y33.8768 Z7.55385
G1 X-18.9359 Y34.0979 Z7.58462
G1 X-19.5158 Y34.0433 Z7.61538
G1 X-20.0039 Y33.7255 Z7.64615
G1 X-20.2884 Y33.2172 Z7.67692
G1 X-20.304 Y32.6349 Z7.70769
G1 X-20.0473 Y32.1121 Z7.73846
G1 X-19.5771 Y31.7684 Z7.76923
G1 X-19.0009 Y31.6826 Z7.8
G1 X17.607 Y35.13 Z7.8
G1 Z7.4
G1 E.8 F2100
SET_VELOCITY_LIMIT ACCEL=5000
;TYPE:Inner wall
G1 F11856
G1 X-19.475 Y35.13 E1.23007
G1 X-19.475 Y-1.951 E1.23007
G1 X17.607 Y-1.951 E1.23007
G1 X17.607 Y35.09 E1.22874
SET_VELOCITY_LIMIT ACCEL=10000
G1 X18.014 Y35.537 F30000
SET_VELOCITY_LIMIT ACCEL=5000
G1 F11856
G1 X-19.882 Y35.537 E1.25707
G1 X-19.882 Y-2.358 E1.25707
G1 X18.014 Y-2.358 E1.25707
G1 X18.014 Y35.497 E1.25575
SET_VELOCITY_LIMIT ACCEL=10000
G1 X18.421 Y35.944 F30000
SET_VELOCITY_LIMIT ACCEL=5000
G1 F11856
G1 X-20.289 Y35.944 E1.28408
G1 X-20.289 Y-2.766 E1.28408
G1 X18.421 Y-2.766 E1.28408
G1 X18.421 Y35.904 E1.28275
G1 X18.856 Y36.379 F30000
;TYPE:Outer wall
;WIDTH:0.42
G1 F11856
G1 X-20.724 Y36.379 E1.21618
G1 X-20.724 Y-3.201 E1.21618
G1 X18.856 Y-3.201 E1.21618
G1 X18.856 Y36.339 E1.21495
SET_VELOCITY_LIMIT ACCEL=10000
G1 E-.8 F2100
;WIPE_START
G1 F12000
G1 X16.856 Y36.341
;WIPE_END
G1 X9.235 Y35.924 Z7.8 F30000
G1 X-9.103 Y34.919 Z7.8
G1 Z7.4
G1 E.8 F2100
;TYPE:Sparse infill
;WIDTH:0.45
G1 F11856
G1 X-7.474 Y34.919 E.05401
G1 X-19.264 Y23.13 E.55307
G1 X-19.264 Y18.985 E.1375
G1 X-3.329 Y34.919 E.74752
G1 X.816 Y34.919 E.1375
G1 X-19.264 Y14.84 E.94197
G1 X-19.264 Y10.695 E.1375
G1 X4.961 Y34.919 E1.13642
G1 X9.106 Y34.919 E.1375
G1 X-19.264 Y6.55 E1.33087
G1 X-19.264 Y2.405 E.1375
G1 X13.251 Y34.919 E1.52533
G1 X17.396 Y34.919 E.1375
G1 X-19.264 Y-1.74 E1.71978
G1 X-15.119 Y-1.74 E.1375
G1 X17.396 Y30.774 E1.52533
G1 X17.396 Y26.629 E.1375
G1 X-10.974 Y-1.74 E1.33087
G1 X-6.829 Y-1.74 E.1375
G1 X17.396 Y22.484 E1.13642
G1 X17.396 Y18.339 E.1375
G1 X-2.684 Y-1.74 E.94197
G1 X1.461 Y-1.74 E.1375
G1 X17.396 Y14.194 E.74752
G1 X17.396 Y10.049 E.1375
G1 X5.606 Y-1.74 E.55307
G1 X9.751 Y-1.74 E.1375
G1 X17.396 Y5.904 E.35862
G1 X17.396 Y1.759 E.1375
G1 X13.896 Y-1.74 E.16417
G1 X15.525 Y-1.74 E.05401
G1 X-19.264 Y25.646 F30000
M73 P39 R11
G1 F11856
G1 X-19.264 Y27.275 E.05401
G1 X-11.619 Y34.919 E.35862
G1 X-15.764 Y34.919 E.1375
G1 X-19.264 Y31.42 E.16417
G1 X-19.264 Y33.048 E.05401
;LAYER_CHANGE
;Z:7.6
;HEIGHT:0.2
;BEFORE_LAYER_CHANGE
;7.6
G1 E-.8 F2100
;WIPE_START
G1 F16200
G1 X-19.264 Y31.42
G1 X-19.001 Y31.683
;WIPE_END
;AFTER_LAYER_CHANGE
;7.6
;_SET_FAN_SPEED_CHANGING_LAYER
G1 F30000
G1 X-18.4509 Y31.8744 Z7.63077
G1 X-18.0531 Y32.2999 Z7.66154
G1 X-17.8985 Y32.8615 Z7.69231
G1 X-18.0226 Y33.4306 Z7.72308
G1 X-18.397 Y33.8768 Z7.75385
G1 X-18.9359 Y34.0979 Z7.78462
G1 X-19.5158 Y34.0433 Z7.81538
G1 X-20.0039 Y33.7255 Z7.84615
G1 X-20.2884 Y33.2172 Z7.87692
G1 X-20.304 Y32.6349 Z7.90769
G1 X-20.0473 Y32.1121 Z7.93846
G1 X-19.5771 Y31.7684 Z7.96923
G1 X-19.0009 Y31.6826 Z8
G1 X17.607 Y35.13 Z8
G1 Z7.6
G1 E.8 F2100
SET_VELOCITY_LIMIT ACCEL=5000
;TYPE:Inner wall
G1 F11856
G1 X-19.475 Y35.13 E1.23007
G1 X-19.475 Y-1.951 E1.23007
G1 X17.607 Y-1.951 E1.23007
G1 X17.607 Y35.09 E1.22874
SET_VELOCITY_LIMIT ACCEL=10000
G1 X18.014 Y35.537 F30000
SET_VELOCITY_LIMIT ACCEL=5000
G1 F11856
G1 X-19.882 Y35.537 E1.25707
G1 X-19.882 Y-2.358 E1.25707
G1 X18.014 Y-2.358 E1.25707
G1 X18.014 Y35.497 E1.25575
SET_VELOCITY_LIMIT ACCEL=10000
G1 X18.421 Y35.944 F30000
SET_VELOCITY_LIMIT ACCEL=5000
G1 F11856
G1 X-20.289 Y35.944 E1.28408
G1 X-20.289 Y-2.766 E1.28408
G1 X18.421 Y-2.766 E1.28408
G1 X18.421 Y35.904 E1.28275
G1 X18.856 Y36.379 F30000
;TYPE:Outer wall
;WIDTH:0.42
G1 F11856
G1 X-20.724 Y36.379 E1.21618
G1 X-20.724 Y-3.201 E1.21618
G1 X18.856 Y-3.201 E1.21618
G1 X18.856 Y36.339 E1.21495
SET_VELOCITY_LIMIT ACCEL=10000
G1 E-.8 F2100
;WIPE_START
G1 F12000
G1 X16.856 Y36.341
;WIPE_END
G1 X9.235 Y35.924 Z8 F30000
G1 X-9.103 Y34.919 Z8
G1 Z7.6
G1 E.8 F2100
;TYPE:Sparse infill
;WIDTH:0.45
G1 F11856
G1 X-7.474 Y34.919 E.05401
G1 X-19.264 Y23.13 E.55307
G1 X-19.264 Y18.985 E.1375
G1 X-3.329 Y34.919 E.74752
G1 X.816 Y34.919 E.1375
G1 X-19.264 Y14.84 E.94197
G1 X-19.264 Y10.695 E.1375
G1 X4.961 Y34.919 E1.13642
G1 X9.106 Y34.919 E.1375
G1 X-19.264 Y6.55 E1.33087
G1 X-19.264 Y2.405 E.1375
G1 X13.251 Y34.919 E1.52533
G1 X17.396 Y34.919 E.1375
G1 X-19.264 Y-1.74 E1.71978
G1 X-15.119 Y-1.74 E.1375
G1 X17.396 Y30.774 E1.52533
G1 X17.396 Y26.629 E.1375
G1 X-10.974 Y-1.74 E1.33087
G1 X-6.829 Y-1.74 E.1375
G1 X17.396 Y22.484 E1.13642
G1 X17.396 Y18.339 E.1375
G1 X-2.684 Y-1.74 E.94197
G1 X1.461 Y-1.74 E.1375
G1 X17.396 Y14.194 E.74752
G1 X17.396 Y10.049 E.1375
G1 X5.606 Y-1.74 E.55307
G1 X9.751 Y-1.74 E.1375
G1 X17.396 Y5.904 E.35862
G1 X17.396 Y1.759 E.1375
G1 X13.896 Y-1.74 E.16417
G1 X15.525 Y-1.74 E.05401
G1 X-19.264 Y25.646 F30000
G1 F11856
G1 X-19.264 Y27.275 E.05401
G1 X-11.619 Y34.919 E.35862
G1 X-15.764 Y34.919 E.1375
G1 X-19.264 Y31.42 E.16417
G1 X-19.264 Y33.048 E.05401
;LAYER_CHANGE
;Z:7.8
;HEIGHT:0.2
;BEFORE_LAYER_CHANGE
;7.8
G1 E-.8 F2100
;WIPE_START
G1 F16200
G1 X-19.264 Y31.42
G1 X-19.001 Y31.683
;WIPE_END
;AFTER_LAYER_CHANGE
;7.8
;_SET_FAN_SPEED_CHANGING_LAYER
G1 F30000
G1 X-18.4509 Y31.8744 Z7.83077
G1 X-18.0531 Y32.2999 Z7.86154
G1 X-17.8985 Y32.8615 Z7.89231
G1 X-18.0226 Y33.4306 Z7.92308
G1 X-18.397 Y33.8768 Z7.95385
G1 X-18.9359 Y34.0979 Z7.98462
G1 X-19.5158 Y34.0433 Z8.01538
G1 X-20.0039 Y33.7255 Z8.04615
G1 X-20.2884 Y33.2172 Z8.07692
G1 X-20.304 Y32.6349 Z8.10769
G1 X-20.0473 Y32.1121 Z8.13846
G1 X-19.5771 Y31.7684 Z8.16923
G1 X-19.0009 Y31.6826 Z8.2
G1 X17.607 Y35.13 Z8.2
G1 Z7.8
G1 E.8 F2100
SET_VELOCITY_LIMIT ACCEL=5000
;TYPE:Inner wall
G1 F11791
G1 X-19.475 Y35.13 E1.23007
G1 X-19.475 Y-1.951 E1.23007
G1 X17.607 Y-1.951 E1.23007
G1 X17.607 Y35.09 E1.22874
SET_VELOCITY_LIMIT ACCEL=10000
G1 X18.014 Y35.537 F30000
SET_VELOCITY_LIMIT ACCEL=5000
G1 F11791
G1 X-19.882 Y35.537 E1.25707
G1 X-19.882 Y-2.358 E1.25707
G1 X18.014 Y-2.358 E1.25707
G1 X18.014 Y35.497 E1.25575
SET_VELOCITY_LIMIT ACCEL=10000
G1 X18.421 Y35.944 F30000
SET_VELOCITY_LIMIT ACCEL=5000
G1 F11791
G1 X-20.289 Y35.944 E1.28408
G1 X-20.289 Y-2.766 E1.28408
G1 X18.421 Y-2.766 E1.28408
G1 X18.421 Y35.904 E1.28275
G1 X18.856 Y36.379 F30000
M73 P40 R11
;TYPE:Outer wall
;WIDTH:0.42
G1 F11791
G1 X-20.724 Y36.379 E1.21618
G1 X-20.724 Y-3.201 E1.21618
G1 X18.856 Y-3.201 E1.21618
G1 X18.856 Y36.339 E1.21495
SET_VELOCITY_LIMIT ACCEL=10000
G1 E-.8 F2100
;WIPE_START
G1 F12000
G1 X16.856 Y36.341
;WIPE_END
G1 X17.396 Y33.412 Z8.2 F30000
G1 Z7.8
G1 E.8 F2100
;TYPE:Sparse infill
;WIDTH:0.45
G1 F11791
G1 X17.396 Y34.919 E.05
G1 X17.275 Y34.919 E.00401
G1 X16.682 Y34.488 E.0243
G1 X16.4 Y34.206 E.01325
G1 X14.892 Y32.133 E.08501
G1 X14.61 Y31.851 E.01325
G1 X12.537 Y30.343 E.08501
G1 X12.255 Y30.061 E.01325
G1 X10.747 Y27.988 E.08501
G1 X10.465 Y27.706 E.01325
G1 X8.392 Y26.198 E.08501
G1 X8.11 Y25.916 E.01325
G1 X6.602 Y23.843 E.08501
G1 X6.32 Y23.561 E.01325
G1 X4.247 Y22.053 E.08501
G1 X3.965 Y21.771 E.01325
G1 X2.457 Y19.698 E.08501
G1 X2.175 Y19.416 E.01325
G1 X.102 Y17.908 E.08501
G1 X-.18 Y17.626 E.01325
G1 X-1.688 Y15.553 E.08501
G1 X-1.97 Y15.271 E.01325
G1 X-4.043 Y13.763 E.08501
G1 X-4.325 Y13.481 E.01325
G1 X-5.833 Y11.408 E.08501
G1 X-6.115 Y11.126 E.01325
G1 X-8.188 Y9.618 E.08501
G1 X-8.47 Y9.336 E.01325
G1 X-9.978 Y7.263 E.08501
G1 X-10.26 Y6.981 E.01325
G1 X-12.333 Y5.473 E.08501
G1 X-12.615 Y5.191 E.01325
G1 X-14.123 Y3.118 E.08501
G1 X-14.405 Y2.836 E.01325
G1 X-16.478 Y1.328 E.08501
G1 X-16.76 Y1.046 E.01325
G1 X-18.268 Y-1.027 E.08501
G1 X-18.55 Y-1.309 E.01325
G1 X-19.143 Y-1.74 E.0243
G1 X-14.998 Y-1.74 E.1375
G1 X-14.405 Y-1.309 E.0243
G1 X-14.123 Y-1.027 E.01325
G1 X-12.615 Y1.046 E.08501
G1 X-12.333 Y1.328 E.01325
G1 X-10.26 Y2.836 E.08501
G1 X-9.978 Y3.118 E.01325
G1 X-8.47 Y5.191 E.08501
G1 X-8.188 Y5.473 E.01325
G1 X-6.115 Y6.981 E.08501
G1 X-5.833 Y7.263 E.01325
G1 X-4.325 Y9.336 E.08501
G1 X-4.043 Y9.618 E.01325
G1 X-1.97 Y11.126 E.08501
G1 X-1.688 Y11.408 E.01325
G1 X-.18 Y13.481 E.08501
G1 X.102 Y13.763 E.01325
G1 X2.175 Y15.271 E.08501
G1 X2.457 Y15.553 E.01325
G1 X3.965 Y17.626 E.08501
G1 X4.247 Y17.908 E.01325
G1 X6.32 Y19.416 E.08501
G1 X6.602 Y19.698 E.01325
G1 X8.11 Y21.771 E.08501
G1 X8.392 Y22.053 E.01325
G1 X10.465 Y23.561 E.08501
G1 X10.747 Y23.843 E.01325
G1 X12.255 Y25.916 E.08501
G1 X12.537 Y26.198 E.01325
G1 X14.61 Y27.706 E.08501
G1 X14.892 Y27.988 E.01325
G1 X16.4 Y30.061 E.08501
G1 X16.682 Y30.343 E.01325
G1 X17.396 Y30.862 E.02927
G1 X17.396 Y26.717 E.1375
G1 X16.682 Y26.198 E.02927
G1 X16.4 Y25.916 E.01325
G1 X14.892 Y23.843 E.08501
G1 X14.61 Y23.561 E.01325
G1 X12.537 Y22.053 E.08501
G1 X12.255 Y21.771 E.01325
G1 X10.747 Y19.698 E.08501
G1 X10.465 Y19.416 E.01325
G1 X8.392 Y17.908 E.08501
G1 X8.11 Y17.626 E.01325
G1 X6.602 Y15.553 E.08501
G1 X6.32 Y15.271 E.01325
G1 X4.247 Y13.763 E.08501
G1 X3.965 Y13.481 E.01325
G1 X2.457 Y11.408 E.08501
G1 X2.175 Y11.126 E.01325
G1 X.102 Y9.618 E.08501
G1 X-.18 Y9.336 E.01325
G1 X-1.688 Y7.263 E.08501
G1 X-1.97 Y6.981 E.01325
G1 X-4.043 Y5.473 E.08501
G1 X-4.325 Y5.191 E.01325
G1 X-5.833 Y3.118 E.08501
G1 X-6.115 Y2.836 E.01325
G1 X-8.188 Y1.328 E.08501
G1 X-8.47 Y1.046 E.01325
G1 X-9.978 Y-1.027 E.08501
G1 X-10.26 Y-1.309 E.01325
G1 X-10.853 Y-1.74 E.0243
G1 X-6.708 Y-1.74 E.1375
G1 X-6.115 Y-1.309 E.0243
G1 X-5.833 Y-1.027 E.01325
G1 X-4.325 Y1.046 E.08501
G1 X-4.043 Y1.328 E.01325
G1 X-1.97 Y2.836 E.08501
G1 X-1.688 Y3.118 E.01325
G1 X-.18 Y5.191 E.08501
G1 X.102 Y5.473 E.01325
G1 X2.175 Y6.981 E.08501
G1 X2.457 Y7.263 E.01325
G1 X3.965 Y9.336 E.08501
G1 X4.247 Y9.618 E.01325
G1 X6.32 Y11.126 E.08501
G1 X6.602 Y11.408 E.01325
G1 X8.11 Y13.481 E.08501
G1 X8.392 Y13.763 E.01325
G1 X10.465 Y15.271 E.08501
G1 X10.747 Y15.553 E.01325
G1 X12.255 Y17.626 E.08501
G1 X12.537 Y17.908 E.01325
G1 X14.61 Y19.416 E.08501
G1 X14.892 Y19.698 E.01325
G1 X16.4 Y21.771 E.08501
G1 X16.682 Y22.053 E.01325
G1 X17.396 Y22.572 E.02927
G1 X17.396 Y18.427 E.1375
G1 X16.682 Y17.908 E.02927
G1 X16.4 Y17.626 E.01325
G1 X14.892 Y15.553 E.08501
G1 X14.61 Y15.271 E.01325
G1 X12.537 Y13.763 E.08501
G1 X12.255 Y13.481 E.01325
G1 X10.747 Y11.408 E.08501
G1 X10.465 Y11.126 E.01325
G1 X8.392 Y9.618 E.08501
G1 X8.11 Y9.336 E.01325
G1 X6.602 Y7.263 E.08501
G1 X6.32 Y6.981 E.01325
G1 X4.247 Y5.473 E.08501
G1 X3.965 Y5.191 E.01325
G1 X2.457 Y3.118 E.08501
G1 X2.175 Y2.836 E.01325
G1 X.102 Y1.328 E.08501
G1 X-.18 Y1.046 E.01325
G1 X-1.688 Y-1.027 E.08501
G1 X-1.97 Y-1.309 E.01325
G1 X-2.563 Y-1.74 E.0243
G1 X1.582 Y-1.74 E.1375
G1 X2.175 Y-1.309 E.0243
G1 X2.457 Y-1.027 E.01325
G1 X3.965 Y1.046 E.08501
G1 X4.247 Y1.328 E.01325
G1 X6.32 Y2.836 E.08501
G1 X6.602 Y3.118 E.01325
G1 X8.11 Y5.191 E.08501
G1 X8.392 Y5.473 E.01325
G1 X10.465 Y6.981 E.08501
G1 X10.747 Y7.263 E.01325
G1 X12.255 Y9.336 E.08501
G1 X12.537 Y9.618 E.01325
G1 X14.61 Y11.126 E.08501
G1 X14.892 Y11.408 E.01325
G1 X16.4 Y13.481 E.08501
G1 X16.682 Y13.763 E.01325
G1 X17.396 Y14.282 E.02927
G1 X17.396 Y15.91 E.05401
G1 X17.396 Y.219 F30000
G1 F11791
G1 X17.396 Y1.847 E.05401
G1 X16.682 Y1.328 E.02927
G1 X16.4 Y1.046 E.01325
G1 X14.892 Y-1.027 E.08501
G1 X14.61 Y-1.309 E.01325
G1 X14.017 Y-1.74 E.0243
G1 X9.872 Y-1.74 E.1375
G1 X10.465 Y-1.309 E.0243
G1 X10.747 Y-1.027 E.01325
G1 X12.255 Y1.046 E.08501
G1 X12.537 Y1.328 E.01325
G1 X14.61 Y2.836 E.08501
G1 X14.892 Y3.118 E.01325
G1 X16.4 Y5.191 E.08501
G1 X16.682 Y5.473 E.01325
G1 X17.396 Y5.992 E.02927
G1 X17.396 Y10.137 E.1375
G1 X16.682 Y9.618 E.02927
G1 X16.4 Y9.336 E.01325
G1 X14.892 Y7.263 E.08501
G1 X14.61 Y6.981 E.01325
G1 X12.537 Y5.473 E.08501
G1 X12.255 Y5.191 E.01325
G1 X10.747 Y3.118 E.08501
G1 X10.465 Y2.836 E.01325
G1 X8.392 Y1.328 E.08501
G1 X8.11 Y1.046 E.01325
G1 X6.602 Y-1.027 E.08501
G1 X6.32 Y-1.309 E.01325
G1 X5.727 Y-1.74 E.0243
G1 X7.356 Y-1.74 E.05401
G1 X-19.264 Y.688 F30000
G1 F11791
G1 X-19.264 Y2.317 E.05401
G1 X-18.55 Y2.836 E.02927
G1 X-18.268 Y3.118 E.01325
G1 X-16.76 Y5.191 E.08501
G1 X-16.478 Y5.473 E.01325
G1 X-14.405 Y6.981 E.08501
G1 X-14.123 Y7.263 E.01325
G1 X-12.615 Y9.336 E.08501
G1 X-12.333 Y9.618 E.01325
G1 X-10.26 Y11.126 E.08501
G1 X-9.978 Y11.408 E.01325
G1 X-8.47 Y13.481 E.08501
G1 X-8.188 Y13.763 E.01325
G1 X-6.115 Y15.271 E.08501
G1 X-5.833 Y15.553 E.01325
G1 X-4.325 Y17.626 E.08501
G1 X-4.043 Y17.908 E.01325
G1 X-1.97 Y19.416 E.08501
G1 X-1.688 Y19.698 E.01325
G1 X-.18 Y21.771 E.08501
G1 X.102 Y22.053 E.01325
G1 X2.175 Y23.561 E.08501
G1 X2.457 Y23.843 E.01325
G1 X3.965 Y25.916 E.08501
G1 X4.247 Y26.198 E.01325
G1 X6.32 Y27.706 E.08501
G1 X6.602 Y27.988 E.01325
G1 X8.11 Y30.061 E.08501
G1 X8.392 Y30.343 E.01325
G1 X10.465 Y31.851 E.08501
G1 X10.747 Y32.133 E.01325
G1 X12.255 Y34.206 E.08501
G1 X12.537 Y34.488 E.01325
G1 X13.13 Y34.919 E.0243
G1 X8.985 Y34.919 E.1375
G1 X8.392 Y34.488 E.0243
G1 X8.11 Y34.206 E.01325
G1 X6.602 Y32.133 E.08501
G1 X6.32 Y31.851 E.01325
G1 X4.247 Y30.343 E.08501
G1 X3.965 Y30.061 E.01325
G1 X2.457 Y27.988 E.08501
G1 X2.175 Y27.706 E.01325
G1 X.102 Y26.198 E.08501
G1 X-.18 Y25.916 E.01325
G1 X-1.688 Y23.843 E.08501
G1 X-1.97 Y23.561 E.01325
G1 X-4.043 Y22.053 E.08501
G1 X-4.325 Y21.771 E.01325
G1 X-5.833 Y19.698 E.08501
G1 X-6.115 Y19.416 E.01325
G1 X-8.188 Y17.908 E.08501
G1 X-8.47 Y17.626 E.01325
G1 X-9.978 Y15.553 E.08501
G1 X-10.26 Y15.271 E.01325
G1 X-12.333 Y13.763 E.08501
G1 X-12.615 Y13.481 E.01325
G1 X-14.123 Y11.408 E.08501
G1 X-14.405 Y11.126 E.01325
G1 X-16.478 Y9.618 E.08501
G1 X-16.76 Y9.336 E.01325
G1 X-18.268 Y7.263 E.08501
G1 X-18.55 Y6.981 E.01325
G1 X-19.264 Y6.462 E.02927
G1 X-19.264 Y10.607 E.1375
G1 X-18.55 Y11.126 E.02927
G1 X-18.268 Y11.408 E.01325
G1 X-16.76 Y13.481 E.08501
G1 X-16.478 Y13.763 E.01325
G1 X-14.405 Y15.271 E.08501
G1 X-14.123 Y15.553 E.01325
G1 X-12.615 Y17.626 E.08501
G1 X-12.333 Y17.908 E.01325
G1 X-10.26 Y19.416 E.08501
G1 X-9.978 Y19.698 E.01325
G1 X-8.47 Y21.771 E.08501
G1 X-8.188 Y22.053 E.01325
G1 X-6.115 Y23.561 E.08501
G1 X-5.833 Y23.843 E.01325
G1 X-4.325 Y25.916 E.08501
G1 X-4.043 Y26.198 E.01325
G1 X-1.97 Y27.706 E.08501
G1 X-1.688 Y27.988 E.01325
G1 X-.18 Y30.061 E.08501
G1 X.102 Y30.343 E.01325
G1 X2.175 Y31.851 E.08501
G1 X2.457 Y32.133 E.01325
G1 X3.965 Y34.206 E.08501
G1 X4.247 Y34.488 E.01325
G1 X4.84 Y34.919 E.0243
G1 X.695 Y34.919 E.1375
G1 X.102 Y34.488 E.0243
G1 X-.18 Y34.206 E.01325
G1 X-1.688 Y32.133 E.08501
G1 X-1.97 Y31.851 E.01325
G1 X-4.043 Y30.343 E.08501
G1 X-4.325 Y30.061 E.01325
G1 X-5.833 Y27.988 E.08501
G1 X-6.115 Y27.706 E.01325
G1 X-8.188 Y26.198 E.08501
G1 X-8.47 Y25.916 E.01325
G1 X-9.978 Y23.843 E.08501
G1 X-10.26 Y23.561 E.01325
G1 X-12.333 Y22.053 E.08501
G1 X-12.615 Y21.771 E.01325
G1 X-14.123 Y19.698 E.08501
G1 X-14.405 Y19.416 E.01325
G1 X-16.478 Y17.908 E.08501
G1 X-16.76 Y17.626 E.01325
G1 X-18.268 Y15.553 E.08501
G1 X-18.55 Y15.271 E.01325
G1 X-19.264 Y14.752 E.02927
G1 X-19.264 Y18.897 E.1375
G1 X-18.55 Y19.416 E.02927
G1 X-18.268 Y19.698 E.01325
G1 X-16.76 Y21.771 E.08501
G1 X-16.478 Y22.053 E.01325
G1 X-14.405 Y23.561 E.08501
G1 X-14.123 Y23.843 E.01325
G1 X-12.615 Y25.916 E.08501
G1 X-12.333 Y26.198 E.01325
G1 X-10.26 Y27.706 E.08501
G1 X-9.978 Y27.988 E.01325
G1 X-8.47 Y30.061 E.08501
G1 X-8.188 Y30.343 E.01325
G1 X-6.115 Y31.851 E.08501
G1 X-5.833 Y32.133 E.01325
G1 X-4.325 Y34.206 E.08501
G1 X-4.043 Y34.488 E.01325
G1 X-3.45 Y34.919 E.0243
G1 X-7.595 Y34.919 E.1375
G1 X-8.188 Y34.488 E.0243
G1 X-8.47 Y34.206 E.01325
G1 X-9.978 Y32.133 E.08501
G1 X-10.26 Y31.851 E.01325
G1 X-12.333 Y30.343 E.08501
G1 X-12.615 Y30.061 E.01325
G1 X-14.123 Y27.988 E.08501
G1 X-14.405 Y27.706 E.01325
G1 X-16.478 Y26.198 E.08501
G1 X-16.76 Y25.916 E.01325
G1 X-18.268 Y23.843 E.08501
G1 X-18.55 Y23.561 E.01325
G1 X-19.264 Y23.042 E.02927
G1 X-19.264 Y27.187 E.1375
G1 X-18.55 Y27.706 E.02927
G1 X-18.268 Y27.988 E.01325
G1 X-16.76 Y30.061 E.08501
G1 X-16.478 Y30.343 E.01325
G1 X-14.405 Y31.851 E.08501
G1 X-14.123 Y32.133 E.01325
G1 X-12.615 Y34.206 E.08501
G1 X-12.333 Y34.488 E.01325
G1 X-11.74 Y34.919 E.0243
G1 X-15.885 Y34.919 E.1375
G1 X-16.478 Y34.488 E.0243
G1 X-16.76 Y34.206 E.01325
G1 X-18.268 Y32.133 E.08501
G1 X-18.55 Y31.851 E.01325
G1 X-19.264 Y31.332 E.02927
G1 X-19.264 Y32.96 E.05401
;LAYER_CHANGE
;Z:8
;HEIGHT:0.2
;BEFORE_LAYER_CHANGE
;8
G1 E-.8 F2100
;WIPE_START
G1 F16200
G1 X-19.264 Y31.332
G1 X-18.963 Y31.55
;WIPE_END
;AFTER_LAYER_CHANGE
;8
;_SET_FAN_SPEED_CHANGING_LAYER
G1 F30000
G1 X-18.4139 Y31.7443 Z8.03077
G1 X-18.0176 Y32.1712 Z8.06154
G1 X-17.8651 Y32.7334 Z8.09231
G1 X-17.9913 Y33.302 Z8.12308
G1 X-18.3673 Y33.7468 Z8.15385
G1 X-18.907 Y33.966 Z8.18462
G1 X-19.4867 Y33.9093 Z8.21538
G1 X-19.9736 Y33.5896 Z8.24615
G1 X-20.2562 Y33.0803 Z8.27692
G1 X-20.2698 Y32.498 Z8.30769
G1 X-20.0112 Y31.976 Z8.33846
G1 X-19.5396 Y31.6341 Z8.36923
G1 X-18.9632 Y31.5505 Z8.4
G1 X17.607 Y35.13 Z8.4
G1 Z8
G1 E.8 F2100
SET_VELOCITY_LIMIT ACCEL=5000
;TYPE:Inner wall
G1 F12032
G1 X-19.475 Y35.13 E1.23007
G1 X-19.475 Y-1.951 E1.23007
G1 X17.607 Y-1.951 E1.23007
G1 X17.607 Y35.09 E1.22874
SET_VELOCITY_LIMIT ACCEL=10000
G1 X18.014 Y35.537 F30000
SET_VELOCITY_LIMIT ACCEL=5000
G1 F12032
G1 X-19.882 Y35.537 E1.25707
G1 X-19.882 Y-2.358 E1.25707
G1 X18.014 Y-2.358 E1.25707
G1 X18.014 Y35.497 E1.25575
SET_VELOCITY_LIMIT ACCEL=10000
G1 X18.421 Y35.944 F30000
SET_VELOCITY_LIMIT ACCEL=5000
G1 F12032
G1 X-20.289 Y35.944 E1.28408
G1 X-20.289 Y-2.766 E1.28408
G1 X18.421 Y-2.766 E1.28408
G1 X18.421 Y35.904 E1.28275
G1 X18.856 Y36.379 F30000
;TYPE:Outer wall
;WIDTH:0.42
G1 F12000
G1 X-20.724 Y36.379 E1.21618
G1 X-20.724 Y-3.201 E1.21618
G1 X18.856 Y-3.201 E1.21618
G1 X18.856 Y36.339 E1.21495
SET_VELOCITY_LIMIT ACCEL=10000
G1 E-.8 F2100
;WIPE_START
G1 F12000
G1 X16.856 Y36.341
;WIPE_END
G1 X9.247 Y35.746 Z8.4 F30000
G1 X-1.325 Y34.919 Z8.4
G1 Z8
G1 E.8 F2100
;TYPE:Sparse infill
;WIDTH:0.45
G1 F12032
G1 X.303 Y34.919 E.05401
G1 X.102 Y34.842 E.00713
M73 P41 R11
G1 X-.534 Y34.206 E.02984
G1 X-1.334 Y32.133 E.0737
G1 X-1.97 Y31.497 E.02984
G1 X-4.043 Y30.697 E.0737
G1 X-4.679 Y30.061 E.02984
G1 X-5.479 Y27.988 E.0737
G1 X-6.115 Y27.352 E.02984
G1 X-8.188 Y26.552 E.0737
G1 X-8.824 Y25.916 E.02984
G1 X-9.624 Y23.843 E.0737
G1 X-10.26 Y23.207 E.02984
G1 X-12.333 Y22.407 E.0737
G1 X-12.969 Y21.771 E.02984
G1 X-13.769 Y19.698 E.0737
G1 X-14.405 Y19.062 E.02984
G1 X-16.478 Y18.262 E.0737
G1 X-17.114 Y17.626 E.02984
G1 X-17.914 Y15.553 E.0737
G1 X-18.55 Y14.917 E.02984
G1 X-19.264 Y14.642 E.02537
G1 X-19.264 Y18.787 E.1375
G1 X-18.55 Y19.062 E.02537
G1 X-17.914 Y19.698 E.02984
G1 X-17.114 Y21.771 E.0737
G1 X-16.478 Y22.407 E.02984
G1 X-14.405 Y23.207 E.0737
G1 X-13.769 Y23.843 E.02984
G1 X-12.969 Y25.916 E.0737
G1 X-12.333 Y26.552 E.02984
G1 X-10.26 Y27.352 E.0737
G1 X-9.624 Y27.988 E.02984
G1 X-8.824 Y30.061 E.0737
G1 X-8.188 Y30.697 E.02984
G1 X-6.115 Y31.497 E.0737
G1 X-5.479 Y32.133 E.02984
G1 X-4.679 Y34.206 E.0737
G1 X-4.043 Y34.842 E.02984
G1 X-3.842 Y34.919 E.00713
G1 X-7.987 Y34.919 E.1375
G1 X-8.188 Y34.842 E.00713
G1 X-8.824 Y34.206 E.02984
G1 X-9.624 Y32.133 E.0737
G1 X-10.26 Y31.497 E.02984
G1 X-12.333 Y30.697 E.0737
G1 X-12.969 Y30.061 E.02984
G1 X-13.769 Y27.988 E.0737
G1 X-14.405 Y27.352 E.02984
G1 X-16.478 Y26.552 E.0737
G1 X-17.114 Y25.916 E.02984
G1 X-17.914 Y23.843 E.0737
G1 X-18.55 Y23.207 E.02984
G1 X-19.264 Y22.932 E.02537
G1 X-19.264 Y27.077 E.1375
G1 X-18.55 Y27.352 E.02537
G1 X-17.914 Y27.988 E.02984
G1 X-17.114 Y30.061 E.0737
G1 X-16.478 Y30.697 E.02984
G1 X-14.405 Y31.497 E.0737
G1 X-13.769 Y32.133 E.02984
G1 X-12.969 Y34.206 E.0737
G1 X-12.333 Y34.842 E.02984
G1 X-12.132 Y34.919 E.00713
G1 X-16.277 Y34.919 E.1375
G1 X-16.478 Y34.842 E.00713
G1 X-17.114 Y34.206 E.02984
G1 X-17.914 Y32.133 E.0737
G1 X-18.55 Y31.497 E.02984
G1 X-19.264 Y31.222 E.02537
G1 X-19.264 Y32.85 E.05401
G1 X-19.264 Y8.868 F30000
G1 F12032
G1 X-19.264 Y10.497 E.05401
G1 X-18.55 Y10.772 E.02537
G1 X-17.914 Y11.408 E.02984
G1 X-17.114 Y13.481 E.0737
G1 X-16.478 Y14.117 E.02984
G1 X-14.405 Y14.917 E.0737
G1 X-13.769 Y15.553 E.02984
G1 X-12.969 Y17.626 E.0737
G1 X-12.333 Y18.262 E.02984
G1 X-10.26 Y19.062 E.0737
G1 X-9.624 Y19.698 E.02984
G1 X-8.824 Y21.771 E.0737
G1 X-8.188 Y22.407 E.02984
G1 X-6.115 Y23.207 E.0737
G1 X-5.479 Y23.843 E.02984
G1 X-4.679 Y25.916 E.0737
G1 X-4.043 Y26.552 E.02984
G1 X-1.97 Y27.352 E.0737
G1 X-1.334 Y27.988 E.02984
G1 X-.534 Y30.061 E.0737
G1 X.102 Y30.697 E.02984
G1 X2.175 Y31.497 E.0737
G1 X2.811 Y32.133 E.02984
G1 X3.611 Y34.206 E.0737
G1 X4.247 Y34.842 E.02984
G1 X4.448 Y34.919 E.00713
G1 X8.593 Y34.919 E.1375
G1 X8.392 Y34.842 E.00713
G1 X7.756 Y34.206 E.02984
G1 X6.956 Y32.133 E.0737
G1 X6.32 Y31.497 E.02984
G1 X4.247 Y30.697 E.0737
G1 X3.611 Y30.061 E.02984
G1 X2.811 Y27.988 E.0737
G1 X2.175 Y27.352 E.02984
G1 X.102 Y26.552 E.0737
G1 X-.534 Y25.916 E.02984
G1 X-1.334 Y23.843 E.0737
G1 X-1.97 Y23.207 E.02984
G1 X-4.043 Y22.407 E.0737
G1 X-4.679 Y21.771 E.02984
G1 X-5.479 Y19.698 E.0737
G1 X-6.115 Y19.062 E.02984
G1 X-8.188 Y18.262 E.0737
G1 X-8.824 Y17.626 E.02984
G1 X-9.624 Y15.553 E.0737
G1 X-10.26 Y14.917 E.02984
G1 X-12.333 Y14.117 E.0737
G1 X-12.969 Y13.481 E.02984
G1 X-13.769 Y11.408 E.0737
G1 X-14.405 Y10.772 E.02984
G1 X-16.478 Y9.972 E.0737
G1 X-17.114 Y9.336 E.02984
G1 X-17.914 Y7.263 E.0737
G1 X-18.55 Y6.627 E.02984
G1 X-19.264 Y6.352 E.02537
G1 X-19.264 Y2.207 E.1375
G1 X-18.55 Y2.482 E.02537
G1 X-17.914 Y3.118 E.02984
G1 X-17.114 Y5.191 E.0737
G1 X-16.478 Y5.827 E.02984
G1 X-14.405 Y6.627 E.0737
G1 X-13.769 Y7.263 E.02984
G1 X-12.969 Y9.336 E.0737
G1 X-12.333 Y9.972 E.02984
G1 X-10.26 Y10.772 E.0737
G1 X-9.624 Y11.408 E.02984
G1 X-8.824 Y13.481 E.0737
G1 X-8.188 Y14.117 E.02984
G1 X-6.115 Y14.917 E.0737
G1 X-5.479 Y15.553 E.02984
G1 X-4.679 Y17.626 E.0737
G1 X-4.043 Y18.262 E.02984
G1 X-1.97 Y19.062 E.0737
G1 X-1.334 Y19.698 E.02984
G1 X-.534 Y21.771 E.0737
G1 X.102 Y22.407 E.02984
G1 X2.175 Y23.207 E.0737
G1 X2.811 Y23.843 E.02984
G1 X3.611 Y25.916 E.0737
G1 X4.247 Y26.552 E.02984
G1 X6.32 Y27.352 E.0737
G1 X6.956 Y27.988 E.02984
G1 X7.756 Y30.061 E.0737
G1 X8.392 Y30.697 E.02984
G1 X10.465 Y31.497 E.0737
G1 X11.101 Y32.133 E.02984
G1 X11.901 Y34.206 E.0737
G1 X12.537 Y34.842 E.02984
G1 X12.738 Y34.919 E.00713
G1 X16.883 Y34.919 E.1375
G1 X16.682 Y34.842 E.00713
G1 X16.046 Y34.206 E.02984
G1 X15.246 Y32.133 E.0737
G1 X14.61 Y31.497 E.02984
G1 X12.537 Y30.697 E.0737
G1 X11.901 Y30.061 E.02984
G1 X11.101 Y27.988 E.0737
G1 X10.465 Y27.352 E.02984
G1 X8.392 Y26.552 E.0737
G1 X7.756 Y25.916 E.02984
G1 X6.956 Y23.843 E.0737
G1 X6.32 Y23.207 E.02984
G1 X4.247 Y22.407 E.0737
G1 X3.611 Y21.771 E.02984
G1 X2.811 Y19.698 E.0737
G1 X2.175 Y19.062 E.02984
G1 X.102 Y18.262 E.0737
G1 X-.534 Y17.626 E.02984
G1 X-1.334 Y15.553 E.0737
G1 X-1.97 Y14.917 E.02984
G1 X-4.043 Y14.117 E.0737
G1 X-4.679 Y13.481 E.02984
G1 X-5.479 Y11.408 E.0737
G1 X-6.115 Y10.772 E.02984
G1 X-8.188 Y9.972 E.0737
G1 X-8.824 Y9.336 E.02984
G1 X-9.624 Y7.263 E.0737
G1 X-10.26 Y6.627 E.02984
G1 X-12.333 Y5.827 E.0737
G1 X-12.969 Y5.191 E.02984
G1 X-13.769 Y3.118 E.0737
G1 X-14.405 Y2.482 E.02984
G1 X-16.478 Y1.682 E.0737
G1 X-17.114 Y1.046 E.02984
G1 X-17.914 Y-1.027 E.0737
G1 X-18.55 Y-1.663 E.02984
G1 X-18.751 Y-1.74 E.00713
G1 X-14.606 Y-1.74 E.1375
G1 X-14.405 Y-1.663 E.00713
G1 X-13.769 Y-1.027 E.02984
G1 X-12.969 Y1.046 E.0737
G1 X-12.333 Y1.682 E.02984
G1 X-10.26 Y2.482 E.0737
G1 X-9.624 Y3.118 E.02984
G1 X-8.824 Y5.191 E.0737
G1 X-8.188 Y5.827 E.02984
G1 X-6.115 Y6.627 E.0737
G1 X-5.479 Y7.263 E.02984
G1 X-4.679 Y9.336 E.0737
G1 X-4.043 Y9.972 E.02984
G1 X-1.97 Y10.772 E.0737
G1 X-1.334 Y11.408 E.02984
G1 X-.534 Y13.481 E.0737
G1 X.102 Y14.117 E.02984
G1 X2.175 Y14.917 E.0737
G1 X2.811 Y15.553 E.02984
G1 X3.611 Y17.626 E.0737
G1 X4.247 Y18.262 E.02984
G1 X6.32 Y19.062 E.0737
G1 X6.956 Y19.698 E.02984
G1 X7.756 Y21.771 E.0737
G1 X8.392 Y22.407 E.02984
G1 X10.465 Y23.207 E.0737
G1 X11.101 Y23.843 E.02984
G1 X11.901 Y25.916 E.0737
G1 X12.537 Y26.552 E.02984
G1 X14.61 Y27.352 E.0737
G1 X15.246 Y27.988 E.02984
G1 X16.046 Y30.061 E.0737
G1 X16.682 Y30.697 E.02984
G1 X17.396 Y30.972 E.02537
G1 X17.396 Y26.827 E.1375
G1 X16.682 Y26.552 E.02537
G1 X16.046 Y25.916 E.02984
G1 X15.246 Y23.843 E.0737
G1 X14.61 Y23.207 E.02984
G1 X12.537 Y22.407 E.0737
G1 X11.901 Y21.771 E.02984
G1 X11.101 Y19.698 E.0737
G1 X10.465 Y19.062 E.02984
G1 X8.392 Y18.262 E.0737
G1 X7.756 Y17.626 E.02984
G1 X6.956 Y15.553 E.0737
G1 X6.32 Y14.917 E.02984
G1 X4.247 Y14.117 E.0737
G1 X3.611 Y13.481 E.02984
G1 X2.811 Y11.408 E.0737
G1 X2.175 Y10.772 E.02984
G1 X.102 Y9.972 E.0737
G1 X-.534 Y9.336 E.02984
G1 X-1.334 Y7.263 E.0737
G1 X-1.97 Y6.627 E.02984
G1 X-4.043 Y5.827 E.0737
G1 X-4.679 Y5.191 E.02984
G1 X-5.479 Y3.118 E.0737
G1 X-6.115 Y2.482 E.02984
G1 X-8.188 Y1.682 E.0737
G1 X-8.824 Y1.046 E.02984
G1 X-9.624 Y-1.027 E.0737
G1 X-10.26 Y-1.663 E.02984
G1 X-10.461 Y-1.74 E.00713
G1 X-6.316 Y-1.74 E.1375
G1 X-6.115 Y-1.663 E.00713
G1 X-5.479 Y-1.027 E.02984
G1 X-4.679 Y1.046 E.0737
G1 X-4.043 Y1.682 E.02984
G1 X-1.97 Y2.482 E.0737
G1 X-1.334 Y3.118 E.02984
G1 X-.534 Y5.191 E.0737
G1 X.102 Y5.827 E.02984
G1 X2.175 Y6.627 E.0737
G1 X2.811 Y7.263 E.02984
G1 X3.611 Y9.336 E.0737
G1 X4.247 Y9.972 E.02984
G1 X6.32 Y10.772 E.0737
G1 X6.956 Y11.408 E.02984
G1 X7.756 Y13.481 E.0737
G1 X8.392 Y14.117 E.02984
G1 X10.465 Y14.917 E.0737
G1 X11.101 Y15.553 E.02984
G1 X11.901 Y17.626 E.0737
G1 X12.537 Y18.262 E.02984
G1 X14.61 Y19.062 E.0737
G1 X15.246 Y19.698 E.02984
G1 X16.046 Y21.771 E.0737
G1 X16.682 Y22.407 E.02984
G1 X17.396 Y22.682 E.02537
G1 X17.396 Y18.537 E.1375
G1 X16.682 Y18.262 E.02537
G1 X16.046 Y17.626 E.02984
G1 X15.246 Y15.553 E.0737
G1 X14.61 Y14.917 E.02984
G1 X12.537 Y14.117 E.0737
G1 X11.901 Y13.481 E.02984
G1 X11.101 Y11.408 E.0737
G1 X10.465 Y10.772 E.02984
G1 X8.392 Y9.972 E.0737
G1 X7.756 Y9.336 E.02984
G1 X6.956 Y7.263 E.0737
G1 X6.32 Y6.627 E.02984
G1 X4.247 Y5.827 E.0737
G1 X3.611 Y5.191 E.02984
G1 X2.811 Y3.118 E.0737
G1 X2.175 Y2.482 E.02984
G1 X.102 Y1.682 E.0737
G1 X-.534 Y1.046 E.02984
G1 X-1.334 Y-1.027 E.0737
G1 X-1.97 Y-1.663 E.02984
G1 X-2.171 Y-1.74 E.00713
G1 X1.974 Y-1.74 E.1375
G1 X2.175 Y-1.663 E.00713
G1 X2.811 Y-1.027 E.02984
G1 X3.611 Y1.046 E.0737
G1 X4.247 Y1.682 E.02984
G1 X6.32 Y2.482 E.0737
G1 X6.956 Y3.118 E.02984
G1 X7.756 Y5.191 E.0737
G1 X8.392 Y5.827 E.02984
G1 X10.465 Y6.627 E.0737
G1 X11.101 Y7.263 E.02984
G1 X11.901 Y9.336 E.0737
G1 X12.537 Y9.972 E.02984
G1 X14.61 Y10.772 E.0737
G1 X15.246 Y11.408 E.02984
G1 X16.046 Y13.481 E.0737
G1 X16.682 Y14.117 E.02984
G1 X17.396 Y14.392 E.02537
G1 X17.396 Y10.247 E.1375
G1 X16.682 Y9.972 E.02537
G1 X16.046 Y9.336 E.02984
G1 X15.246 Y7.263 E.0737
G1 X14.61 Y6.627 E.02984
G1 X12.537 Y5.827 E.0737
G1 X11.901 Y5.191 E.02984
G1 X11.101 Y3.118 E.0737
G1 X10.465 Y2.482 E.02984
G1 X8.392 Y1.682 E.0737
G1 X7.756 Y1.046 E.02984
G1 X6.956 Y-1.027 E.0737
G1 X6.32 Y-1.663 E.02984
G1 X6.119 Y-1.74 E.00713
G1 X7.748 Y-1.74 E.05401
G1 X17.396 Y.329 F30000
G1 F12032
G1 X17.396 Y1.957 E.05401
G1 X16.682 Y1.682 E.02537
G1 X16.046 Y1.046 E.02984
G1 X15.246 Y-1.027 E.0737
G1 X14.61 Y-1.663 E.02984
G1 X14.409 Y-1.74 E.00713
G1 X10.264 Y-1.74 E.1375
G1 X10.465 Y-1.663 E.00713
G1 X11.101 Y-1.027 E.02984
G1 X11.901 Y1.046 E.0737
G1 X12.537 Y1.682 E.02984
G1 X14.61 Y2.482 E.0737
G1 X15.246 Y3.118 E.02984
G1 X16.046 Y5.191 E.0737
G1 X16.682 Y5.827 E.02984
G1 X17.396 Y6.102 E.02537
G1 X17.396 Y7.731 E.05401
;LAYER_CHANGE
;Z:8.2
;HEIGHT:0.2
;BEFORE_LAYER_CHANGE
;8.2
G1 E-.8 F2100
;WIPE_START
G1 F16200
G1 X17.396 Y6.102
G1 X17.049 Y5.968
;WIPE_END
;AFTER_LAYER_CHANGE
;8.2
;_SET_FAN_SPEED_CHANGING_LAYER
G1 F30000
G1 X16.9206 Y6.53643 Z8.23077
G1 X16.5427 Y6.97973 Z8.26154
G1 X16.0022 Y7.19665 Z8.29231
G1 X15.4227 Y7.13751 Z8.32308
G1 X14.9371 Y6.81586 Z8.35385
G1 X14.6566 Y6.30537 Z8.38462
G1 X14.6454 Y5.723 Z8.41538
G1 X14.9062 Y5.20216 Z8.44615
G1 X15.3792 Y4.86217 Z8.47692
G1 X15.956 Y4.78091 Z8.50769
G1 X16.5044 Y4.97701 Z8.53846
G1 X16.899 Y5.40553 Z8.56923
G1 X17.0491 Y5.96832 Z8.6
G1 X17.607 Y35.13 Z8.6
G1 Z8.2
G1 E.8 F2100
SET_VELOCITY_LIMIT ACCEL=5000
;TYPE:Inner wall
G1 F12565
G1 X-19.475 Y35.13 E1.23007
G1 X-19.475 Y-1.951 E1.23007
G1 X17.607 Y-1.951 E1.23007
G1 X17.607 Y35.09 E1.22874
SET_VELOCITY_LIMIT ACCEL=10000
G1 X18.014 Y35.537 F30000
SET_VELOCITY_LIMIT ACCEL=5000
G1 F12565
G1 X-19.882 Y35.537 E1.25707
G1 X-19.882 Y-2.358 E1.25707
G1 X18.014 Y-2.358 E1.25707
G1 X18.014 Y35.497 E1.25575
SET_VELOCITY_LIMIT ACCEL=10000
G1 X18.421 Y35.944 F30000
SET_VELOCITY_LIMIT ACCEL=5000
G1 F12565
G1 X-20.289 Y35.944 E1.28408
G1 X-20.289 Y-2.766 E1.28408
G1 X18.421 Y-2.766 E1.28408
G1 X18.421 Y35.904 E1.28275
G1 X18.856 Y36.379 F30000
;TYPE:Outer wall
;WIDTH:0.42
G1 F12000
G1 X-20.724 Y36.379 E1.21618
G1 X-20.724 Y-3.201 E1.21618
G1 X18.856 Y-3.201 E1.21618
G1 X18.856 Y36.339 E1.21495
SET_VELOCITY_LIMIT ACCEL=10000
G1 E-.8 F2100
M73 P42 R11
;WIPE_START
G1 F12000
G1 X16.856 Y36.341
;WIPE_END
G1 X9.234 Y35.939 Z8.6 F30000
G1 X-10.092 Y34.919 Z8.6
G1 Z8.2
G1 E.8 F2100
;TYPE:Sparse infill
;WIDTH:0.45
G1 F12565
G1 X-8.464 Y34.919 E.05401
G1 X-9.177 Y34.206 E.03347
G1 X-9.271 Y32.133 E.06882
G1 X-10.26 Y31.144 E.04642
G1 X-12.333 Y31.05 E.06882
G1 X-13.322 Y30.061 E.04642
G1 X-13.416 Y27.988 E.06882
G1 X-14.405 Y26.999 E.04642
G1 X-16.478 Y26.905 E.06882
G1 X-17.467 Y25.916 E.04642
G1 X-17.561 Y23.843 E.06882
G1 X-18.55 Y22.854 E.04642
G1 X-19.264 Y22.822 E.02369
G1 X-19.264 Y26.967 E.1375
G1 X-18.55 Y26.999 E.02369
G1 X-17.561 Y27.988 E.04642
G1 X-17.467 Y30.061 E.06882
G1 X-16.478 Y31.05 E.04642
G1 X-14.405 Y31.144 E.06882
G1 X-13.416 Y32.133 E.04642
G1 X-13.322 Y34.206 E.06882
G1 X-12.609 Y34.919 E.03347
G1 X-16.754 Y34.919 E.1375
G1 X-17.467 Y34.206 E.03347
G1 X-17.561 Y32.133 E.06882
G1 X-18.55 Y31.144 E.04642
G1 X-19.264 Y31.112 E.02369
G1 X-19.264 Y32.74 E.05401
G1 X-19.264 Y17.048 F30000
G1 F12565
G1 X-19.264 Y18.677 E.05401
G1 X-18.55 Y18.709 E.02369
G1 X-17.561 Y19.698 E.04642
G1 X-17.467 Y21.771 E.06882
G1 X-16.478 Y22.76 E.04642
G1 X-14.405 Y22.854 E.06882
G1 X-13.416 Y23.843 E.04642
G1 X-13.322 Y25.916 E.06882
G1 X-12.333 Y26.905 E.04642
G1 X-10.26 Y26.999 E.06882
G1 X-9.271 Y27.988 E.04642
G1 X-9.177 Y30.061 E.06882
G1 X-8.188 Y31.05 E.04642
G1 X-6.115 Y31.144 E.06882
G1 X-5.126 Y32.133 E.04642
G1 X-5.032 Y34.206 E.06882
G1 X-4.319 Y34.919 E.03347
G1 X-.174 Y34.919 E.1375
G1 X-.887 Y34.206 E.03347
G1 X-.981 Y32.133 E.06882
G1 X-1.97 Y31.144 E.04642
G1 X-4.043 Y31.05 E.06882
G1 X-5.032 Y30.061 E.04642
G1 X-5.126 Y27.988 E.06882
G1 X-6.115 Y26.999 E.04642
G1 X-8.188 Y26.905 E.06882
G1 X-9.177 Y25.916 E.04642
G1 X-9.271 Y23.843 E.06882
G1 X-10.26 Y22.854 E.04642
G1 X-12.333 Y22.76 E.06882
G1 X-13.322 Y21.771 E.04642
M73 P42 R10
G1 X-13.416 Y19.698 E.06882
G1 X-14.405 Y18.709 E.04642
G1 X-16.478 Y18.615 E.06882
G1 X-17.467 Y17.626 E.04642
G1 X-17.561 Y15.553 E.06882
G1 X-18.55 Y14.564 E.04642
G1 X-19.264 Y14.531 E.02369
G1 X-19.264 Y10.386 E.1375
G1 X-18.55 Y10.419 E.02369
G1 X-17.561 Y11.408 E.04642
G1 X-17.467 Y13.481 E.06882
G1 X-16.478 Y14.47 E.04642
G1 X-14.405 Y14.564 E.06882
G1 X-13.416 Y15.553 E.04642
G1 X-13.322 Y17.626 E.06882
G1 X-12.333 Y18.615 E.04642
G1 X-10.26 Y18.709 E.06882
G1 X-9.271 Y19.698 E.04642
G1 X-9.177 Y21.771 E.06882
G1 X-8.188 Y22.76 E.04642
G1 X-6.115 Y22.854 E.06882
G1 X-5.126 Y23.843 E.04642
G1 X-5.032 Y25.916 E.06882
G1 X-4.043 Y26.905 E.04642
G1 X-1.97 Y26.999 E.06882
G1 X-.981 Y27.988 E.04642
G1 X-.887 Y30.061 E.06882
G1 X.102 Y31.05 E.04642
G1 X2.175 Y31.144 E.06882
G1 X3.164 Y32.133 E.04642
G1 X3.258 Y34.206 E.06882
G1 X3.971 Y34.919 E.03347
G1 X8.116 Y34.919 E.1375
G1 X7.403 Y34.206 E.03347
G1 X7.309 Y32.133 E.06882
G1 X6.32 Y31.144 E.04642
G1 X4.247 Y31.05 E.06882
G1 X3.258 Y30.061 E.04642
G1 X3.164 Y27.988 E.06882
G1 X2.175 Y26.999 E.04642
G1 X.102 Y26.905 E.06882
G1 X-.887 Y25.916 E.04642
G1 X-.981 Y23.843 E.06882
G1 X-1.97 Y22.854 E.04642
G1 X-4.043 Y22.76 E.06882
G1 X-5.032 Y21.771 E.04642
G1 X-5.126 Y19.698 E.06882
G1 X-6.115 Y18.709 E.04642
G1 X-8.188 Y18.615 E.06882
G1 X-9.177 Y17.626 E.04642
G1 X-9.271 Y15.553 E.06882
G1 X-10.26 Y14.564 E.04642
G1 X-12.333 Y14.47 E.06882
G1 X-13.322 Y13.481 E.04642
G1 X-13.416 Y11.408 E.06882
G1 X-14.405 Y10.419 E.04642
G1 X-16.478 Y10.325 E.06882
G1 X-17.467 Y9.336 E.04642
G1 X-17.561 Y7.263 E.06882
G1 X-18.55 Y6.274 E.04642
G1 X-19.264 Y6.241 E.02369
G1 X-19.264 Y2.096 E.1375
G1 X-18.55 Y2.129 E.02369
G1 X-17.561 Y3.118 E.04642
G1 X-17.467 Y5.191 E.06882
G1 X-16.478 Y6.18 E.04642
G1 X-14.405 Y6.274 E.06882
G1 X-13.416 Y7.263 E.04642
G1 X-13.322 Y9.336 E.06882
G1 X-12.333 Y10.325 E.04642
G1 X-10.26 Y10.419 E.06882
G1 X-9.271 Y11.408 E.04642
G1 X-9.177 Y13.481 E.06882
G1 X-8.188 Y14.47 E.04642
G1 X-6.115 Y14.564 E.06882
G1 X-5.126 Y15.553 E.04642
G1 X-5.032 Y17.626 E.06882
G1 X-4.043 Y18.615 E.04642
G1 X-1.97 Y18.709 E.06882
G1 X-.981 Y19.698 E.04642
G1 X-.887 Y21.771 E.06882
G1 X.102 Y22.76 E.04642
G1 X2.175 Y22.854 E.06882
G1 X3.164 Y23.843 E.04642
G1 X3.258 Y25.916 E.06882
G1 X4.247 Y26.905 E.04642
G1 X6.32 Y26.999 E.06882
G1 X7.309 Y27.988 E.04642
G1 X7.403 Y30.061 E.06882
G1 X8.392 Y31.05 E.04642
G1 X10.465 Y31.144 E.06882
G1 X11.454 Y32.133 E.04642
G1 X11.548 Y34.206 E.06882
G1 X12.261 Y34.919 E.03347
G1 X16.406 Y34.919 E.1375
G1 X15.693 Y34.206 E.03347
G1 X15.599 Y32.133 E.06882
G1 X14.61 Y31.144 E.04642
G1 X12.537 Y31.05 E.06882
G1 X11.548 Y30.061 E.04642
G1 X11.454 Y27.988 E.06882
G1 X10.465 Y26.999 E.04642
G1 X8.392 Y26.905 E.06882
G1 X7.403 Y25.916 E.04642
G1 X7.309 Y23.843 E.06882
G1 X6.32 Y22.854 E.04642
G1 X4.247 Y22.76 E.06882
G1 X3.258 Y21.771 E.04642
G1 X3.164 Y19.698 E.06882
G1 X2.175 Y18.709 E.04642
G1 X.102 Y18.615 E.06882
G1 X-.887 Y17.626 E.04642
G1 X-.981 Y15.553 E.06882
G1 X-1.97 Y14.564 E.04642
G1 X-4.043 Y14.47 E.06882
G1 X-5.032 Y13.481 E.04642
G1 X-5.126 Y11.408 E.06882
G1 X-6.115 Y10.419 E.04642
G1 X-8.188 Y10.325 E.06882
G1 X-9.177 Y9.336 E.04642
G1 X-9.271 Y7.263 E.06882
G1 X-10.26 Y6.274 E.04642
G1 X-12.333 Y6.18 E.06882
G1 X-13.322 Y5.191 E.04642
G1 X-13.416 Y3.118 E.06882
G1 X-14.405 Y2.129 E.04642
G1 X-16.478 Y2.035 E.06882
G1 X-17.467 Y1.046 E.04642
G1 X-17.561 Y-1.027 E.06882
G1 X-18.274 Y-1.74 E.03347
G1 X-14.129 Y-1.74 E.1375
G1 X-13.416 Y-1.027 E.03347
G1 X-13.322 Y1.046 E.06882
G1 X-12.333 Y2.035 E.04642
G1 X-10.26 Y2.129 E.06882
G1 X-9.271 Y3.118 E.04642
G1 X-9.177 Y5.191 E.06882
G1 X-8.188 Y6.18 E.04642
G1 X-6.115 Y6.274 E.06882
G1 X-5.126 Y7.263 E.04642
G1 X-5.032 Y9.336 E.06882
G1 X-4.043 Y10.325 E.04642
G1 X-1.97 Y10.419 E.06882
G1 X-.981 Y11.408 E.04642
G1 X-.887 Y13.481 E.06882
G1 X.102 Y14.47 E.04642
G1 X2.175 Y14.564 E.06882
G1 X3.164 Y15.553 E.04642
G1 X3.258 Y17.626 E.06882
G1 X4.247 Y18.615 E.04642
G1 X6.32 Y18.709 E.06882
G1 X7.309 Y19.698 E.04642
G1 X7.403 Y21.771 E.06882
G1 X8.392 Y22.76 E.04642
G1 X10.465 Y22.854 E.06882
G1 X11.454 Y23.843 E.04642
G1 X11.548 Y25.916 E.06882
G1 X12.537 Y26.905 E.04642
G1 X14.61 Y26.999 E.06882
G1 X15.599 Y27.988 E.04642
G1 X15.693 Y30.061 E.06882
G1 X16.682 Y31.05 E.04642
G1 X17.396 Y31.082 E.02369
G1 X17.396 Y26.937 E.1375
G1 X16.682 Y26.905 E.02369
G1 X15.693 Y25.916 E.04642
G1 X15.599 Y23.843 E.06882
G1 X14.61 Y22.854 E.04642
G1 X12.537 Y22.76 E.06882
G1 X11.548 Y21.771 E.04642
G1 X11.454 Y19.698 E.06882
G1 X10.465 Y18.709 E.04642
G1 X8.392 Y18.615 E.06882
G1 X7.403 Y17.626 E.04642
G1 X7.309 Y15.553 E.06882
G1 X6.32 Y14.564 E.04642
G1 X4.247 Y14.47 E.06882
G1 X3.258 Y13.481 E.04642
G1 X3.164 Y11.408 E.06882
G1 X2.175 Y10.419 E.04642
G1 X.102 Y10.325 E.06882
G1 X-.887 Y9.336 E.04642
G1 X-.981 Y7.263 E.06882
G1 X-1.97 Y6.274 E.04642
G1 X-4.043 Y6.18 E.06882
G1 X-5.032 Y5.191 E.04642
G1 X-5.126 Y3.118 E.06882
G1 X-6.115 Y2.129 E.04642
G1 X-8.188 Y2.035 E.06882
G1 X-9.177 Y1.046 E.04642
G1 X-9.271 Y-1.027 E.06882
G1 X-9.984 Y-1.74 E.03347
G1 X-5.839 Y-1.74 E.1375
G1 X-5.126 Y-1.027 E.03347
G1 X-5.032 Y1.046 E.06882
G1 X-4.043 Y2.035 E.04642
G1 X-1.97 Y2.129 E.06882
G1 X-.981 Y3.118 E.04642
G1 X-.887 Y5.191 E.06882
G1 X.102 Y6.18 E.04642
G1 X2.175 Y6.274 E.06882
G1 X3.164 Y7.263 E.04642
G1 X3.258 Y9.336 E.06882
G1 X4.247 Y10.325 E.04642
G1 X6.32 Y10.419 E.06882
G1 X7.309 Y11.408 E.04642
G1 X7.403 Y13.481 E.06882
G1 X8.392 Y14.47 E.04642
G1 X10.465 Y14.564 E.06882
G1 X11.454 Y15.553 E.04642
G1 X11.548 Y17.626 E.06882
G1 X12.537 Y18.615 E.04642
G1 X14.61 Y18.709 E.06882
G1 X15.599 Y19.698 E.04642
G1 X15.693 Y21.771 E.06882
G1 X16.682 Y22.76 E.04642
G1 X17.396 Y22.792 E.02369
G1 X17.396 Y18.647 E.1375
G1 X16.682 Y18.615 E.02369
G1 X15.693 Y17.626 E.04642
G1 X15.599 Y15.553 E.06882
G1 X14.61 Y14.564 E.04642
G1 X12.537 Y14.47 E.06882
G1 X11.548 Y13.481 E.04642
G1 X11.454 Y11.408 E.06882
G1 X10.465 Y10.419 E.04642
G1 X8.392 Y10.325 E.06882
G1 X7.403 Y9.336 E.04642
G1 X7.309 Y7.263 E.06882
G1 X6.32 Y6.274 E.04642
G1 X4.247 Y6.18 E.06882
G1 X3.258 Y5.191 E.04642
G1 X3.164 Y3.118 E.06882
G1 X2.175 Y2.129 E.04642
G1 X.102 Y2.035 E.06882
G1 X-.887 Y1.046 E.04642
G1 X-.981 Y-1.027 E.06882
G1 X-1.694 Y-1.74 E.03347
G1 X2.451 Y-1.74 E.1375
G1 X3.164 Y-1.027 E.03347
G1 X3.258 Y1.046 E.06882
G1 X4.247 Y2.035 E.04642
G1 X6.32 Y2.129 E.06882
G1 X7.309 Y3.118 E.04642
G1 X7.403 Y5.191 E.06882
G1 X8.392 Y6.18 E.04642
G1 X10.465 Y6.274 E.06882
G1 X11.454 Y7.263 E.04642
G1 X11.548 Y9.336 E.06882
G1 X12.537 Y10.325 E.04642
G1 X14.61 Y10.419 E.06882
G1 X15.599 Y11.408 E.04642
G1 X15.693 Y13.481 E.06882
G1 X16.682 Y14.47 E.04642
G1 X17.396 Y14.502 E.02369
G1 X17.396 Y10.357 E.1375
G1 X16.682 Y10.325 E.02369
G1 X15.693 Y9.336 E.04642
G1 X15.599 Y7.263 E.06882
G1 X14.61 Y6.274 E.04642
G1 X12.537 Y6.18 E.06882
G1 X11.548 Y5.191 E.04642
G1 X11.454 Y3.118 E.06882
G1 X10.465 Y2.129 E.04642
G1 X8.392 Y2.035 E.06882
G1 X7.403 Y1.046 E.04642
G1 X7.309 Y-1.027 E.06882
G1 X6.596 Y-1.74 E.03347
G1 X10.741 Y-1.74 E.1375
G1 X11.454 Y-1.027 E.03347
G1 X11.548 Y1.046 E.06882
G1 X12.537 Y2.035 E.04642
G1 X14.61 Y2.129 E.06882
G1 X15.599 Y3.118 E.04642
G1 X15.693 Y5.191 E.06882
G1 X16.682 Y6.18 E.04642
G1 X17.396 Y6.212 E.02369
G1 X17.396 Y2.067 E.1375
G1 X16.682 Y2.035 E.02369
G1 X15.693 Y1.046 E.04642
G1 X15.599 Y-1.027 E.06882
G1 X14.886 Y-1.74 E.03347
G1 X16.514 Y-1.74 E.05401
;LAYER_CHANGE
;Z:8.4
;HEIGHT:0.2
;BEFORE_LAYER_CHANGE
;8.4
G1 E-.8 F2100
;WIPE_START
G1 F16200
G1 X14.886 Y-1.74
G1 X15.149 Y-1.478
;WIPE_END
;AFTER_LAYER_CHANGE
;8.4
;_SET_FAN_SPEED_CHANGING_LAYER
G1 F30000
G1 X15.0476 Y-0.903906 Z8.43077
G1 X14.6914 Y-0.443018 Z8.46154
G1 X14.1619 Y-0.200445 Z8.49231
G1 X13.5802 Y-0.231758 Z8.52308
G1 X13.0798 Y-0.529784 Z8.55385
G1 X12.7751 Y-1.02625 Z8.58462
G1 X12.7361 Y-1.60742 Z8.61538
G1 X12.9716 Y-2.14015 Z8.64615
G1 X13.4278 Y-2.50241 Z8.67692
G1 X14 Y-2.6112 Z8.70769
G1 X14.5572 Y-2.4416 Z8.73846
G1 X14.9718 Y-2.03247 Z8.76923
G1 X15.1488 Y-1.47753 Z8.8
G1 X17.607 Y35.13 Z8.8
G1 Z8.4
G1 E.8 F2100
SET_VELOCITY_LIMIT ACCEL=5000
;TYPE:Inner wall
G1 F12999
G1 X-19.475 Y35.13 E1.23007
G1 X-19.475 Y-1.951 E1.23007
G1 X17.607 Y-1.951 E1.23007
G1 X17.607 Y35.09 E1.22874
SET_VELOCITY_LIMIT ACCEL=10000
G1 X18.014 Y35.537 F30000
SET_VELOCITY_LIMIT ACCEL=5000
G1 F12999
G1 X-19.882 Y35.537 E1.25707
G1 X-19.882 Y-2.358 E1.25707
G1 X18.014 Y-2.358 E1.25707
G1 X18.014 Y35.497 E1.25575
SET_VELOCITY_LIMIT ACCEL=10000
G1 X18.421 Y35.944 F30000
SET_VELOCITY_LIMIT ACCEL=5000
G1 F12999
G1 X-20.289 Y35.944 E1.28408
G1 X-20.289 Y-2.766 E1.28408
G1 X18.421 Y-2.766 E1.28408
G1 X18.421 Y35.904 E1.28275
G1 X18.856 Y36.379 F30000
M73 P43 R10
;TYPE:Outer wall
;WIDTH:0.42
G1 F12000
G1 X-20.724 Y36.379 E1.21618
G1 X-20.724 Y-3.201 E1.21618
G1 X18.856 Y-3.201 E1.21618
G1 X18.856 Y36.339 E1.21495
SET_VELOCITY_LIMIT ACCEL=10000
G1 E-.8 F2100
;WIPE_START
G1 F12000
G1 X16.856 Y36.341
;WIPE_END
G1 X17.396 Y32.692 Z8.8 F30000
G1 Z8.4
G1 E.8 F2100
;TYPE:Sparse infill
;WIDTH:0.45
G1 F12999
G1 X17.396 Y31.063 E.05401
G1 X16.682 Y30.989 E.02379
G1 X15.539 Y32.133 E.05366
G1 X15.754 Y34.206 E.06912
G1 X15.04 Y34.919 E.03347
G1 X10.895 Y34.919 E.1375
G1 X11.609 Y34.206 E.03347
G1 X11.393 Y32.133 E.06912
G1 X12.537 Y30.989 E.05366
G1 X14.61 Y31.205 E.06912
G1 X15.754 Y30.061 E.05366
G1 X15.539 Y27.988 E.06912
G1 X16.682 Y26.844 E.05366
G1 X17.396 Y26.918 E.02379
G1 X17.396 Y22.773 E.1375
G1 X16.682 Y22.699 E.02379
G1 X15.539 Y23.843 E.05366
G1 X15.754 Y25.916 E.06912
G1 X14.61 Y27.06 E.05366
G1 X12.537 Y26.844 E.06912
G1 X11.393 Y27.988 E.05366
G1 X11.609 Y30.061 E.06912
G1 X10.465 Y31.205 E.05366
G1 X8.392 Y30.989 E.06912
G1 X7.248 Y32.133 E.05366
G1 X7.464 Y34.206 E.06912
G1 X6.75 Y34.919 E.03347
G1 X2.605 Y34.919 E.1375
G1 X3.319 Y34.206 E.03347
G1 X3.103 Y32.133 E.06912
G1 X4.247 Y30.989 E.05366
G1 X6.32 Y31.205 E.06912
G1 X7.464 Y30.061 E.05366
G1 X7.248 Y27.988 E.06912
G1 X8.392 Y26.844 E.05366
G1 X10.465 Y27.06 E.06912
G1 X11.609 Y25.916 E.05366
G1 X11.393 Y23.843 E.06912
G1 X12.537 Y22.699 E.05366
G1 X14.61 Y22.915 E.06912
G1 X15.754 Y21.771 E.05366
G1 X15.539 Y19.698 E.06912
G1 X16.682 Y18.554 E.05366
G1 X17.396 Y18.628 E.02379
G1 X17.396 Y14.483 E.1375
G1 X16.682 Y14.409 E.02379
G1 X15.539 Y15.553 E.05366
G1 X15.754 Y17.626 E.06912
G1 X14.61 Y18.77 E.05366
G1 X12.537 Y18.554 E.06912
G1 X11.393 Y19.698 E.05366
G1 X11.609 Y21.771 E.06912
G1 X10.465 Y22.915 E.05366
G1 X8.392 Y22.699 E.06912
G1 X7.248 Y23.843 E.05366
G1 X7.464 Y25.916 E.06912
G1 X6.32 Y27.06 E.05366
G1 X4.247 Y26.844 E.06912
G1 X3.103 Y27.988 E.05366
G1 X3.319 Y30.061 E.06912
G1 X2.175 Y31.205 E.05366
G1 X.102 Y30.989 E.06912
G1 X-1.042 Y32.133 E.05366
G1 X-.826 Y34.206 E.06912
G1 X-1.54 Y34.919 E.03347
G1 X-5.685 Y34.919 E.1375
G1 X-4.971 Y34.206 E.03347
G1 X-5.187 Y32.133 E.06912
G1 X-4.043 Y30.989 E.05366
G1 X-1.97 Y31.205 E.06912
G1 X-.826 Y30.061 E.05366
G1 X-1.042 Y27.988 E.06912
G1 X.102 Y26.844 E.05366
G1 X2.175 Y27.06 E.06912
G1 X3.319 Y25.916 E.05366
G1 X3.103 Y23.843 E.06912
G1 X4.247 Y22.699 E.05366
G1 X6.32 Y22.915 E.06912
G1 X7.464 Y21.771 E.05366
G1 X7.248 Y19.698 E.06912
G1 X8.392 Y18.554 E.05366
G1 X10.465 Y18.77 E.06912
G1 X11.609 Y17.626 E.05366
G1 X11.393 Y15.553 E.06912
G1 X12.537 Y14.409 E.05366
G1 X14.61 Y14.625 E.06912
G1 X15.754 Y13.481 E.05366
G1 X15.539 Y11.408 E.06912
G1 X16.682 Y10.264 E.05366
G1 X17.396 Y10.338 E.02379
G1 X17.396 Y6.193 E.1375
G1 X16.682 Y6.119 E.02379
G1 X15.539 Y7.263 E.05366
G1 X15.754 Y9.336 E.06912
G1 X14.61 Y10.48 E.05366
G1 X12.537 Y10.264 E.06912
G1 X11.393 Y11.408 E.05366
G1 X11.609 Y13.481 E.06912
G1 X10.465 Y14.625 E.05366
G1 X8.392 Y14.409 E.06912
G1 X7.248 Y15.553 E.05366
G1 X7.464 Y17.626 E.06912
G1 X6.32 Y18.77 E.05366
G1 X4.247 Y18.554 E.06912
G1 X3.103 Y19.698 E.05366
G1 X3.319 Y21.771 E.06912
G1 X2.175 Y22.915 E.05366
G1 X.102 Y22.699 E.06912
G1 X-1.042 Y23.843 E.05366
G1 X-.826 Y25.916 E.06912
G1 X-1.97 Y27.06 E.05366
G1 X-4.043 Y26.844 E.06912
G1 X-5.187 Y27.988 E.05366
G1 X-4.971 Y30.061 E.06912
G1 X-6.115 Y31.205 E.05366
G1 X-8.188 Y30.989 E.06912
G1 X-9.332 Y32.133 E.05366
G1 X-9.116 Y34.206 E.06912
G1 X-9.83 Y34.919 E.03347
G1 X-13.975 Y34.919 E.1375
G1 X-13.261 Y34.206 E.03347
G1 X-13.477 Y32.133 E.06912
G1 X-12.333 Y30.989 E.05366
G1 X-10.26 Y31.205 E.06912
G1 X-9.116 Y30.061 E.05366
G1 X-9.332 Y27.988 E.06912
G1 X-8.188 Y26.844 E.05366
G1 X-6.115 Y27.06 E.06912
G1 X-4.971 Y25.916 E.05366
G1 X-5.187 Y23.843 E.06912
G1 X-4.043 Y22.699 E.05366
G1 X-1.97 Y22.915 E.06912
G1 X-.826 Y21.771 E.05366
G1 X-1.042 Y19.698 E.06912
G1 X.102 Y18.554 E.05366
G1 X2.175 Y18.77 E.06912
G1 X3.319 Y17.626 E.05366
G1 X3.103 Y15.553 E.06912
G1 X4.247 Y14.409 E.05366
G1 X6.32 Y14.625 E.06912
G1 X7.464 Y13.481 E.05366
G1 X7.248 Y11.408 E.06912
G1 X8.392 Y10.264 E.05366
G1 X10.465 Y10.48 E.06912
G1 X11.609 Y9.336 E.05366
G1 X11.393 Y7.263 E.06912
G1 X12.537 Y6.119 E.05366
G1 X14.61 Y6.335 E.06912
G1 X15.754 Y5.191 E.05366
G1 X15.539 Y3.118 E.06912
G1 X16.682 Y1.974 E.05366
G1 X17.396 Y2.048 E.02379
G1 X17.396 Y.42 E.05401
G1 X-19.264 Y4.632 F30000
G1 F12999
G1 X-19.264 Y6.26 E.05401
G1 X-18.55 Y6.335 E.02379
G1 X-17.406 Y5.191 E.05366
G1 X-17.622 Y3.118 E.06912
G1 X-16.478 Y1.974 E.05366
G1 X-14.405 Y2.19 E.06912
G1 X-13.261 Y1.046 E.05366
G1 X-13.477 Y-1.027 E.06912
G1 X-12.763 Y-1.74 E.03347
G1 X-16.908 Y-1.74 E.1375
G1 X-17.622 Y-1.027 E.03347
G1 X-17.406 Y1.046 E.06912
G1 X-18.55 Y2.19 E.05366
G1 X-19.264 Y2.115 E.02379
G1 X-19.264 Y.487 E.05401
G1 X-6.99 Y-1.74 F30000
G1 F12999
G1 X-8.618 Y-1.74 E.05401
G1 X-9.332 Y-1.027 E.03347
G1 X-9.116 Y1.046 E.06912
G1 X-10.26 Y2.19 E.05366
G1 X-12.333 Y1.974 E.06912
G1 X-13.477 Y3.118 E.05366
G1 X-13.261 Y5.191 E.06912
G1 X-14.405 Y6.335 E.05366
G1 X-16.478 Y6.119 E.06912
G1 X-17.622 Y7.263 E.05366
G1 X-17.406 Y9.336 E.06912
G1 X-18.55 Y10.48 E.05366
G1 X-19.264 Y10.405 E.02379
G1 X-19.264 Y14.55 E.1375
G1 X-18.55 Y14.625 E.02379
G1 X-17.406 Y13.481 E.05366
G1 X-17.622 Y11.408 E.06912
G1 X-16.478 Y10.264 E.05366
G1 X-14.405 Y10.48 E.06912
G1 X-13.261 Y9.336 E.05366
G1 X-13.477 Y7.263 E.06912
G1 X-12.333 Y6.119 E.05366
G1 X-10.26 Y6.335 E.06912
G1 X-9.116 Y5.191 E.05366
G1 X-9.332 Y3.118 E.06912
G1 X-8.188 Y1.974 E.05366
G1 X-6.115 Y2.19 E.06912
G1 X-4.971 Y1.046 E.05366
G1 X-5.187 Y-1.027 E.06912
G1 X-4.473 Y-1.74 E.03347
G1 X-.328 Y-1.74 E.1375
G1 X-1.042 Y-1.027 E.03347
G1 X-.826 Y1.046 E.06912
G1 X-1.97 Y2.19 E.05366
G1 X-4.043 Y1.974 E.06912
G1 X-5.187 Y3.118 E.05366
G1 X-4.971 Y5.191 E.06912
G1 X-6.115 Y6.335 E.05366
G1 X-8.188 Y6.119 E.06912
G1 X-9.332 Y7.263 E.05366
G1 X-9.116 Y9.336 E.06912
G1 X-10.26 Y10.48 E.05366
G1 X-12.333 Y10.264 E.06912
G1 X-13.477 Y11.408 E.05366
G1 X-13.261 Y13.481 E.06912
G1 X-14.405 Y14.625 E.05366
G1 X-16.478 Y14.409 E.06912
G1 X-17.622 Y15.553 E.05366
G1 X-17.406 Y17.626 E.06912
G1 X-18.55 Y18.77 E.05366
G1 X-19.264 Y18.695 E.02379
G1 X-19.264 Y22.841 E.1375
G1 X-18.55 Y22.915 E.02379
G1 X-17.406 Y21.771 E.05366
G1 X-17.622 Y19.698 E.06912
G1 X-16.478 Y18.554 E.05366
G1 X-14.405 Y18.77 E.06912
G1 X-13.261 Y17.626 E.05366
G1 X-13.477 Y15.553 E.06912
G1 X-12.333 Y14.409 E.05366
G1 X-10.26 Y14.625 E.06912
G1 X-9.116 Y13.481 E.05366
G1 X-9.332 Y11.408 E.06912
G1 X-8.188 Y10.264 E.05366
G1 X-6.115 Y10.48 E.06912
G1 X-4.971 Y9.336 E.05366
G1 X-5.187 Y7.263 E.06912
G1 X-4.043 Y6.119 E.05366
G1 X-1.97 Y6.335 E.06912
G1 X-.826 Y5.191 E.05366
G1 X-1.042 Y3.118 E.06912
G1 X.102 Y1.974 E.05366
G1 X2.175 Y2.19 E.06912
G1 X3.319 Y1.046 E.05366
G1 X3.103 Y-1.027 E.06912
G1 X3.817 Y-1.74 E.03347
G1 X7.962 Y-1.74 E.1375
G1 X7.248 Y-1.027 E.03347
G1 X7.464 Y1.046 E.06912
G1 X6.32 Y2.19 E.05366
G1 X4.247 Y1.974 E.06912
G1 X3.103 Y3.118 E.05366
G1 X3.319 Y5.191 E.06912
G1 X2.175 Y6.335 E.05366
G1 X.102 Y6.119 E.06912
G1 X-1.042 Y7.263 E.05366
G1 X-.826 Y9.336 E.06912
G1 X-1.97 Y10.48 E.05366
G1 X-4.043 Y10.264 E.06912
G1 X-5.187 Y11.408 E.05366
G1 X-4.971 Y13.481 E.06912
G1 X-6.115 Y14.625 E.05366
G1 X-8.188 Y14.409 E.06912
G1 X-9.332 Y15.553 E.05366
G1 X-9.116 Y17.626 E.06912
G1 X-10.26 Y18.77 E.05366
G1 X-12.333 Y18.554 E.06912
G1 X-13.477 Y19.698 E.05366
G1 X-13.261 Y21.771 E.06912
G1 X-14.405 Y22.915 E.05366
G1 X-16.478 Y22.699 E.06912
G1 X-17.622 Y23.843 E.05366
G1 X-17.406 Y25.916 E.06912
G1 X-18.55 Y27.06 E.05366
G1 X-19.264 Y26.986 E.02379
G1 X-19.264 Y31.131 E.1375
G1 X-18.55 Y31.205 E.02379
G1 X-17.406 Y30.061 E.05366
G1 X-17.622 Y27.988 E.06912
G1 X-16.478 Y26.844 E.05366
G1 X-14.405 Y27.06 E.06912
G1 X-13.261 Y25.916 E.05366
G1 X-13.477 Y23.843 E.06912
G1 X-12.333 Y22.699 E.05366
G1 X-10.26 Y22.915 E.06912
G1 X-9.116 Y21.771 E.05366
G1 X-9.332 Y19.698 E.06912
G1 X-8.188 Y18.554 E.05366
G1 X-6.115 Y18.77 E.06912
G1 X-4.971 Y17.626 E.05366
G1 X-5.187 Y15.553 E.06912
G1 X-4.043 Y14.409 E.05366
G1 X-1.97 Y14.625 E.06912
G1 X-.826 Y13.481 E.05366
G1 X-1.042 Y11.408 E.06912
G1 X.102 Y10.264 E.05366
G1 X2.175 Y10.48 E.06912
G1 X3.319 Y9.336 E.05366
G1 X3.103 Y7.263 E.06912
G1 X4.247 Y6.119 E.05366
G1 X6.32 Y6.335 E.06912
G1 X7.464 Y5.191 E.05366
G1 X7.248 Y3.118 E.06912
G1 X8.392 Y1.974 E.05366
G1 X10.465 Y2.19 E.06912
G1 X11.609 Y1.046 E.05366
G1 X11.393 Y-1.027 E.06912
G1 X12.107 Y-1.74 E.03347
G1 X16.252 Y-1.74 E.1375
G1 X15.539 Y-1.027 E.03347
G1 X15.754 Y1.046 E.06912
G1 X14.61 Y2.19 E.05366
G1 X12.537 Y1.974 E.06912
G1 X11.393 Y3.118 E.05366
G1 X11.609 Y5.191 E.06912
G1 X10.465 Y6.335 E.05366
G1 X8.392 Y6.119 E.06912
G1 X7.248 Y7.263 E.05366
G1 X7.464 Y9.336 E.06912
G1 X6.32 Y10.48 E.05366
G1 X4.247 Y10.264 E.06912
G1 X3.103 Y11.408 E.05366
G1 X3.319 Y13.481 E.06912
G1 X2.175 Y14.625 E.05366
G1 X.102 Y14.409 E.06912
G1 X-1.042 Y15.553 E.05366
G1 X-.826 Y17.626 E.06912
G1 X-1.97 Y18.77 E.05366
G1 X-4.043 Y18.554 E.06912
G1 X-5.187 Y19.698 E.05366
G1 X-4.971 Y21.771 E.06912
G1 X-6.115 Y22.915 E.05366
G1 X-8.188 Y22.699 E.06912
G1 X-9.332 Y23.843 E.05366
G1 X-9.116 Y25.916 E.06912
G1 X-10.26 Y27.06 E.05366
G1 X-12.333 Y26.844 E.06912
G1 X-13.477 Y27.988 E.05366
G1 X-13.261 Y30.061 E.06912
G1 X-14.405 Y31.205 E.05366
G1 X-16.478 Y30.989 E.06912
G1 X-17.622 Y32.133 E.05366
G1 X-17.406 Y34.206 E.06912
G1 X-18.12 Y34.919 E.03347
G1 X-19.264 Y34.919 E.03794
G1 X-19.264 Y34.435 E.01607
;LAYER_CHANGE
;Z:8.6
;HEIGHT:0.200001
;BEFORE_LAYER_CHANGE
;8.6
G1 E-.8 F2100
;WIPE_START
G1 F16200
G1 X-19.264 Y34.919
G1 X-18.12 Y34.919
G1 X-17.857 Y34.656
;WIPE_END
;AFTER_LAYER_CHANGE
;8.6
;_SET_FAN_SPEED_CHANGING_LAYER
G1 F30000
G1 X-17.2934 Y34.8034 Z8.63077
G1 X-16.8626 Y35.1954 Z8.66154
G1 X-16.6634 Y35.7428 Z8.69231
G1 X-16.7413 Y36.32 Z8.72308
G1 X-17.0785 Y36.7949 Z8.75385
G1 X-17.5979 Y37.0587 Z8.78462
G1 X-18.1803 Y37.0509 Z8.81538
G1 X-18.6924 Y36.7733 Z8.84615
G1 X-19.0168 Y36.2896 Z8.87692
G1 X-19.0793 Y35.7105 Z8.90769
G1 X-18.8655 Y35.1687 Z8.93846
G1 X-18.4244 Y34.7883 Z8.96923
G1 X-17.857 Y34.6564 Z9
G1 X17.607 Y35.13 Z9
G1 Z8.6
G1 E.8 F2100
SET_VELOCITY_LIMIT ACCEL=5000
;TYPE:Inner wall
G1 F12314
G1 X-19.475 Y35.13 E1.23007
G1 X-19.475 Y-1.951 E1.23007
G1 X17.607 Y-1.951 E1.23007
G1 X17.607 Y35.09 E1.22874
SET_VELOCITY_LIMIT ACCEL=10000
G1 X18.014 Y35.537 F30000
SET_VELOCITY_LIMIT ACCEL=5000
G1 F12314
G1 X-19.882 Y35.537 E1.25707
G1 X-19.882 Y-2.358 E1.25707
M73 P44 R10
G1 X18.014 Y-2.358 E1.25707
G1 X18.014 Y35.497 E1.25575
SET_VELOCITY_LIMIT ACCEL=10000
G1 X18.421 Y35.944 F30000
SET_VELOCITY_LIMIT ACCEL=5000
G1 F12314
G1 X-20.289 Y35.944 E1.28408
G1 X-20.289 Y-2.766 E1.28408
G1 X18.421 Y-2.766 E1.28408
G1 X18.421 Y35.904 E1.28275
G1 X18.856 Y36.379 F30000
;TYPE:Outer wall
;WIDTH:0.42
G1 F12000
G1 X-20.724 Y36.379 E1.21618
G1 X-20.724 Y-3.201 E1.21618
G1 X18.856 Y-3.201 E1.21618
G1 X18.856 Y36.339 E1.21495
SET_VELOCITY_LIMIT ACCEL=10000
G1 E-.8 F2100
;WIPE_START
G1 F12000
G1 X16.856 Y36.341
;WIPE_END
G1 X17.396 Y32.802 Z9 F30000
G1 Z8.6
G1 E.8 F2100
;TYPE:Sparse infill
;WIDTH:0.45
G1 F12314
G1 X17.396 Y31.174 E.05401
G1 X16.682 Y31.343 E.02432
G1 X15.892 Y32.133 E.03708
G1 X15.4 Y34.206 E.07066
G1 X14.687 Y34.919 E.03347
G1 X10.542 Y34.919 E.1375
G1 X11.255 Y34.206 E.03347
G1 X11.747 Y32.133 E.07066
G1 X12.537 Y31.343 E.03708
G1 X14.61 Y30.851 E.07066
G1 X15.4 Y30.061 E.03708
G1 X15.892 Y27.988 E.07066
G1 X16.682 Y27.198 E.03708
G1 X17.396 Y27.029 E.02432
G1 X17.396 Y28.657 E.05401
G1 X17.396 Y16.222 F30000
G1 F12314
G1 X17.396 Y14.594 E.05401
G1 X16.682 Y14.763 E.02432
G1 X15.892 Y15.553 E.03708
G1 X15.4 Y17.626 E.07066
G1 X14.61 Y18.416 E.03708
G1 X12.537 Y18.908 E.07066
G1 X11.747 Y19.698 E.03708
G1 X11.255 Y21.771 E.07066
G1 X10.465 Y22.561 E.03708
G1 X8.392 Y23.053 E.07066
G1 X7.602 Y23.843 E.03708
G1 X7.11 Y25.916 E.07066
G1 X6.32 Y26.706 E.03708
G1 X4.247 Y27.198 E.07066
G1 X3.457 Y27.988 E.03708
G1 X2.965 Y30.061 E.07066
G1 X2.175 Y30.851 E.03708
G1 X.102 Y31.343 E.07066
G1 X-.688 Y32.133 E.03708
G1 X-1.18 Y34.206 E.07066
G1 X-1.893 Y34.919 E.03347
G1 X-6.038 Y34.919 E.1375
G1 X-5.325 Y34.206 E.03347
G1 X-4.833 Y32.133 E.07066
G1 X-4.043 Y31.343 E.03708
G1 X-1.97 Y30.851 E.07066
G1 X-1.18 Y30.061 E.03708
G1 X-.688 Y27.988 E.07066
G1 X.102 Y27.198 E.03708
G1 X2.175 Y26.706 E.07066
G1 X2.965 Y25.916 E.03708
G1 X3.457 Y23.843 E.07066
G1 X4.247 Y23.053 E.03708
G1 X6.32 Y22.561 E.07066
G1 X7.11 Y21.771 E.03708
G1 X7.602 Y19.698 E.07066
G1 X8.392 Y18.908 E.03708
G1 X10.465 Y18.416 E.07066
G1 X11.255 Y17.626 E.03708
G1 X11.747 Y15.553 E.07066
G1 X12.537 Y14.763 E.03708
G1 X14.61 Y14.271 E.07066
G1 X15.4 Y13.481 E.03708
G1 X15.892 Y11.408 E.07066
G1 X16.682 Y10.618 E.03708
G1 X17.396 Y10.449 E.02432
G1 X17.396 Y6.304 E.1375
G1 X16.682 Y6.473 E.02432
G1 X15.892 Y7.263 E.03708
G1 X15.4 Y9.336 E.07066
G1 X14.61 Y10.126 E.03708
G1 X12.537 Y10.618 E.07066
G1 X11.747 Y11.408 E.03708
G1 X11.255 Y13.481 E.07066
G1 X10.465 Y14.271 E.03708
G1 X8.392 Y14.763 E.07066
G1 X7.602 Y15.553 E.03708
G1 X7.11 Y17.626 E.07066
G1 X6.32 Y18.416 E.03708
G1 X4.247 Y18.908 E.07066
G1 X3.457 Y19.698 E.03708
G1 X2.965 Y21.771 E.07066
G1 X2.175 Y22.561 E.03708
G1 X.102 Y23.053 E.07066
G1 X-.688 Y23.843 E.03708
G1 X-1.18 Y25.916 E.07066
G1 X-1.97 Y26.706 E.03708
G1 X-4.043 Y27.198 E.07066
G1 X-4.833 Y27.988 E.03708
G1 X-5.325 Y30.061 E.07066
G1 X-6.115 Y30.851 E.03708
G1 X-8.188 Y31.343 E.07066
G1 X-8.978 Y32.133 E.03708
G1 X-9.47 Y34.206 E.07066
G1 X-10.183 Y34.919 E.03347
G1 X-14.328 Y34.919 E.1375
G1 X-13.615 Y34.206 E.03347
G1 X-13.123 Y32.133 E.07066
G1 X-12.333 Y31.343 E.03708
G1 X-10.26 Y30.851 E.07066
G1 X-9.47 Y30.061 E.03708
G1 X-8.978 Y27.988 E.07066
G1 X-8.188 Y27.198 E.03708
G1 X-6.115 Y26.706 E.07066
G1 X-5.325 Y25.916 E.03708
G1 X-4.833 Y23.843 E.07066
G1 X-4.043 Y23.053 E.03708
G1 X-1.97 Y22.561 E.07066
G1 X-1.18 Y21.771 E.03708
G1 X-.688 Y19.698 E.07066
G1 X.102 Y18.908 E.03708
G1 X2.175 Y18.416 E.07066
G1 X2.965 Y17.626 E.03708
G1 X3.457 Y15.553 E.07066
G1 X4.247 Y14.763 E.03708
G1 X6.32 Y14.271 E.07066
G1 X7.11 Y13.481 E.03708
G1 X7.602 Y11.408 E.07066
G1 X8.392 Y10.618 E.03708
G1 X10.465 Y10.126 E.07066
G1 X11.255 Y9.336 E.03708
G1 X11.747 Y7.263 E.07066
G1 X12.537 Y6.473 E.03708
G1 X14.61 Y5.981 E.07066
G1 X15.4 Y5.191 E.03708
G1 X15.892 Y3.118 E.07066
G1 X16.682 Y2.328 E.03708
G1 X17.396 Y2.158 E.02432
G1 X17.396 Y.53 E.05401
G1 X-1.603 Y-1.74 F30000
G1 F12314
G1 X.025 Y-1.74 E.05401
G1 X-.688 Y-1.027 E.03347
G1 X-1.18 Y1.046 E.07066
G1 X-1.97 Y1.836 E.03708
G1 X-4.043 Y2.328 E.07066
G1 X-4.833 Y3.118 E.03708
G1 X-5.325 Y5.191 E.07066
G1 X-6.115 Y5.981 E.03708
G1 X-8.188 Y6.473 E.07066
G1 X-8.978 Y7.263 E.03708
G1 X-9.47 Y9.336 E.07066
G1 X-10.26 Y10.126 E.03708
G1 X-12.333 Y10.618 E.07066
G1 X-13.123 Y11.408 E.03708
G1 X-13.615 Y13.481 E.07066
G1 X-14.405 Y14.271 E.03708
G1 X-16.478 Y14.763 E.07066
G1 X-17.268 Y15.553 E.03708
G1 X-17.76 Y17.626 E.07066
G1 X-18.55 Y18.416 E.03708
G1 X-19.264 Y18.585 E.02432
G1 X-19.264 Y14.44 E.1375
G1 X-18.55 Y14.271 E.02432
G1 X-17.76 Y13.481 E.03708
G1 X-17.268 Y11.408 E.07066
G1 X-16.478 Y10.618 E.03708
G1 X-14.405 Y10.126 E.07066
G1 X-13.615 Y9.336 E.03708
G1 X-13.123 Y7.263 E.07066
G1 X-12.333 Y6.473 E.03708
G1 X-10.26 Y5.981 E.07066
G1 X-9.47 Y5.191 E.03708
G1 X-8.978 Y3.118 E.07066
G1 X-8.188 Y2.328 E.03708
G1 X-6.115 Y1.836 E.07066
G1 X-5.325 Y1.046 E.03708
G1 X-4.833 Y-1.027 E.07066
G1 X-4.12 Y-1.74 E.03347
G1 X-8.265 Y-1.74 E.1375
G1 X-8.978 Y-1.027 E.03347
G1 X-9.47 Y1.046 E.07066
G1 X-10.26 Y1.836 E.03708
G1 X-12.333 Y2.328 E.07066
G1 X-13.123 Y3.118 E.03708
G1 X-13.615 Y5.191 E.07066
G1 X-14.405 Y5.981 E.03708
G1 X-16.478 Y6.473 E.07066
G1 X-17.268 Y7.263 E.03708
G1 X-17.76 Y9.336 E.07066
G1 X-18.55 Y10.126 E.03708
G1 X-19.264 Y10.295 E.02432
G1 X-19.264 Y6.15 E.1375
G1 X-18.55 Y5.981 E.02432
G1 X-17.76 Y5.191 E.03708
G1 X-17.268 Y3.118 E.07066
G1 X-16.478 Y2.328 E.03708
G1 X-14.405 Y1.836 E.07066
G1 X-13.615 Y1.046 E.03708
G1 X-13.123 Y-1.027 E.07066
G1 X-12.41 Y-1.74 E.03347
G1 X-16.555 Y-1.74 E.1375
G1 X-17.268 Y-1.027 E.03347
G1 X-17.76 Y1.046 E.07066
G1 X-18.55 Y1.836 E.03708
G1 X-19.264 Y2.005 E.02432
G1 X-19.264 Y.377 E.05401
G1 X-19.264 Y21.102 F30000
G1 F12314
G1 X-19.264 Y22.73 E.05401
G1 X-18.55 Y22.561 E.02432
G1 X-17.76 Y21.771 E.03708
G1 X-17.268 Y19.698 E.07066
G1 X-16.478 Y18.908 E.03708
G1 X-14.405 Y18.416 E.07066
G1 X-13.615 Y17.626 E.03708
G1 X-13.123 Y15.553 E.07066
G1 X-12.333 Y14.763 E.03708
G1 X-10.26 Y14.271 E.07066
G1 X-9.47 Y13.481 E.03708
G1 X-8.978 Y11.408 E.07066
G1 X-8.188 Y10.618 E.03708
G1 X-6.115 Y10.126 E.07066
G1 X-5.325 Y9.336 E.03708
G1 X-4.833 Y7.263 E.07066
G1 X-4.043 Y6.473 E.03708
G1 X-1.97 Y5.981 E.07066
G1 X-1.18 Y5.191 E.03708
G1 X-.688 Y3.118 E.07066
G1 X.102 Y2.328 E.03708
G1 X2.175 Y1.836 E.07066
G1 X2.965 Y1.046 E.03708
G1 X3.457 Y-1.027 E.07066
G1 X4.17 Y-1.74 E.03347
G1 X8.315 Y-1.74 E.1375
G1 X7.602 Y-1.027 E.03347
G1 X7.11 Y1.046 E.07066
G1 X6.32 Y1.836 E.03708
G1 X4.247 Y2.328 E.07066
G1 X3.457 Y3.118 E.03708
G1 X2.965 Y5.191 E.07066
G1 X2.175 Y5.981 E.03708
G1 X.102 Y6.473 E.07066
G1 X-.688 Y7.263 E.03708
G1 X-1.18 Y9.336 E.07066
G1 X-1.97 Y10.126 E.03708
G1 X-4.043 Y10.618 E.07066
G1 X-4.833 Y11.408 E.03708
G1 X-5.325 Y13.481 E.07066
G1 X-6.115 Y14.271 E.03708
G1 X-8.188 Y14.763 E.07066
G1 X-8.978 Y15.553 E.03708
G1 X-9.47 Y17.626 E.07066
G1 X-10.26 Y18.416 E.03708
G1 X-12.333 Y18.908 E.07066
G1 X-13.123 Y19.698 E.03708
G1 X-13.615 Y21.771 E.07066
G1 X-14.405 Y22.561 E.03708
G1 X-16.478 Y23.053 E.07066
G1 X-17.268 Y23.843 E.03708
G1 X-17.76 Y25.916 E.07066
G1 X-18.55 Y26.706 E.03708
G1 X-19.264 Y26.875 E.02432
G1 X-19.264 Y31.02 E.1375
G1 X-18.55 Y30.851 E.02432
G1 X-17.76 Y30.061 E.03708
G1 X-17.268 Y27.988 E.07066
G1 X-16.478 Y27.198 E.03708
G1 X-14.405 Y26.706 E.07066
G1 X-13.615 Y25.916 E.03708
G1 X-13.123 Y23.843 E.07066
G1 X-12.333 Y23.053 E.03708
G1 X-10.26 Y22.561 E.07066
G1 X-9.47 Y21.771 E.03708
G1 X-8.978 Y19.698 E.07066
G1 X-8.188 Y18.908 E.03708
G1 X-6.115 Y18.416 E.07066
G1 X-5.325 Y17.626 E.03708
G1 X-4.833 Y15.553 E.07066
G1 X-4.043 Y14.763 E.03708
G1 X-1.97 Y14.271 E.07066
G1 X-1.18 Y13.481 E.03708
G1 X-.688 Y11.408 E.07066
G1 X.102 Y10.618 E.03708
G1 X2.175 Y10.126 E.07066
G1 X2.965 Y9.336 E.03708
G1 X3.457 Y7.263 E.07066
G1 X4.247 Y6.473 E.03708
G1 X6.32 Y5.981 E.07066
G1 X7.11 Y5.191 E.03708
G1 X7.602 Y3.118 E.07066
G1 X8.392 Y2.328 E.03708
G1 X10.465 Y1.836 E.07066
G1 X11.255 Y1.046 E.03708
G1 X11.747 Y-1.027 E.07066
G1 X12.46 Y-1.74 E.03347
G1 X16.606 Y-1.74 E.1375
G1 X15.892 Y-1.027 E.03347
G1 X15.4 Y1.046 E.07066
G1 X14.61 Y1.836 E.03708
G1 X12.537 Y2.328 E.07066
G1 X11.747 Y3.118 E.03708
G1 X11.255 Y5.191 E.07066
G1 X10.465 Y5.981 E.03708
G1 X8.392 Y6.473 E.07066
G1 X7.602 Y7.263 E.03708
G1 X7.11 Y9.336 E.07066
G1 X6.32 Y10.126 E.03708
G1 X4.247 Y10.618 E.07066
G1 X3.457 Y11.408 E.03708
G1 X2.965 Y13.481 E.07066
G1 X2.175 Y14.271 E.03708
G1 X.102 Y14.763 E.07066
G1 X-.688 Y15.553 E.03708
G1 X-1.18 Y17.626 E.07066
G1 X-1.97 Y18.416 E.03708
G1 X-4.043 Y18.908 E.07066
G1 X-4.833 Y19.698 E.03708
G1 X-5.325 Y21.771 E.07066
G1 X-6.115 Y22.561 E.03708
G1 X-8.188 Y23.053 E.07066
G1 X-8.978 Y23.843 E.03708
G1 X-9.47 Y25.916 E.07066
G1 X-10.26 Y26.706 E.03708
G1 X-12.333 Y27.198 E.07066
G1 X-13.123 Y27.988 E.03708
G1 X-13.615 Y30.061 E.07066
G1 X-14.405 Y30.851 E.03708
G1 X-16.478 Y31.343 E.07066
G1 X-17.268 Y32.133 E.03708
G1 X-17.76 Y34.206 E.07066
G1 X-18.473 Y34.919 E.03347
G1 X-19.264 Y34.919 E.02622
G1 X-19.264 Y34.081 E.0278
G1 X.623 Y34.919 F30000
G1 F12314
G1 X2.252 Y34.919 E.05401
G1 X2.965 Y34.206 E.03347
G1 X3.457 Y32.133 E.07066
G1 X4.247 Y31.343 E.03708
G1 X6.32 Y30.851 E.07066
G1 X7.11 Y30.061 E.03708
G1 X7.602 Y27.988 E.07066
G1 X8.392 Y27.198 E.03708
G1 X10.465 Y26.706 E.07066
G1 X11.255 Y25.916 E.03708
G1 X11.747 Y23.843 E.07066
G1 X12.537 Y23.053 E.03708
G1 X14.61 Y22.561 E.07066
G1 X15.4 Y21.771 E.03708
G1 X15.892 Y19.698 E.07066
G1 X16.682 Y18.908 E.03708
G1 X17.396 Y18.739 E.02432
G1 X17.396 Y22.884 E.1375
G1 X16.682 Y23.053 E.02432
G1 X15.892 Y23.843 E.03708
G1 X15.4 Y25.916 E.07066
G1 X14.61 Y26.706 E.03708
G1 X12.537 Y27.198 E.07066
G1 X11.747 Y27.988 E.03708
G1 X11.255 Y30.061 E.07066
G1 X10.465 Y30.851 E.03708
G1 X8.392 Y31.343 E.07066
G1 X7.602 Y32.133 E.03708
G1 X7.11 Y34.206 E.07066
G1 X6.397 Y34.919 E.03347
G1 X4.768 Y34.919 E.05401
;LAYER_CHANGE
;Z:8.8
;HEIGHT:0.2
;BEFORE_LAYER_CHANGE
;8.8
G1 E-.8 F2100
;WIPE_START
G1 F16200
G1 X6.397 Y34.919
G1 X6.66 Y34.656
;WIPE_END
;AFTER_LAYER_CHANGE
;8.8
;_SET_FAN_SPEED_CHANGING_LAYER
G1 F30000
G1 X7.21852 Y34.8202 Z8.83077
G1 X7.6374 Y35.2249 Z8.86154
G1 X7.8202 Y35.778 Z8.89231
G1 X7.72505 Y36.3526 Z8.92308
G1 X7.37375 Y36.8172 Z8.95385
G1 X6.84677 Y37.0654 Z8.98462
G1 X6.26483 Y37.0402 Z9.01538
G1 X5.76126 Y36.7474 Z9.04615
G1 X5.45142 Y36.2542 Z9.07692
G1 X5.40628 Y35.6735 Z9.10769
G1 X5.63619 Y35.1383 Z9.13846
G1 X6.08847 Y34.7712 Z9.16923
G1 X6.65952 Y34.6564 Z9.2
G1 X17.607 Y35.13 Z9.2
G1 Z8.8
G1 E.8 F2100
SET_VELOCITY_LIMIT ACCEL=5000
;TYPE:Inner wall
G1 F11835
G1 X-19.475 Y35.13 E1.23007
G1 X-19.475 Y-1.951 E1.23007
G1 X17.607 Y-1.951 E1.23007
M73 P45 R10
G1 X17.607 Y35.09 E1.22874
SET_VELOCITY_LIMIT ACCEL=10000
G1 X18.014 Y35.537 F30000
SET_VELOCITY_LIMIT ACCEL=5000
G1 F11835
G1 X-19.882 Y35.537 E1.25707
G1 X-19.882 Y-2.358 E1.25707
G1 X18.014 Y-2.358 E1.25707
G1 X18.014 Y35.497 E1.25575
SET_VELOCITY_LIMIT ACCEL=10000
G1 X18.421 Y35.944 F30000
SET_VELOCITY_LIMIT ACCEL=5000
G1 F11835
G1 X-20.289 Y35.944 E1.28408
G1 X-20.289 Y-2.766 E1.28408
G1 X18.421 Y-2.766 E1.28408
G1 X18.421 Y35.904 E1.28275
G1 X18.856 Y36.379 F30000
;TYPE:Outer wall
;WIDTH:0.42
G1 F11835
G1 X-20.724 Y36.379 E1.21618
G1 X-20.724 Y-3.201 E1.21618
G1 X18.856 Y-3.201 E1.21618
G1 X18.856 Y36.339 E1.21495
SET_VELOCITY_LIMIT ACCEL=10000
G1 E-.8 F2100
;WIPE_START
G1 F12000
G1 X16.856 Y36.341
;WIPE_END
G1 X17.396 Y32.912 Z9.2 F30000
G1 Z8.8
G1 E.8 F2100
;TYPE:Sparse infill
;WIDTH:0.45
G1 F11835
G1 X17.396 Y31.284 E.05401
G1 X16.682 Y31.696 E.02734
G1 X16.246 Y32.133 E.02049
G1 X15.047 Y34.206 E.07942
G1 X14.61 Y34.643 E.02049
G1 X14.132 Y34.919 E.01833
G1 X9.987 Y34.919 E.1375
G1 X10.465 Y34.643 E.01833
G1 X10.902 Y34.206 E.02049
G1 X12.101 Y32.133 E.07942
G1 X12.537 Y31.696 E.02049
G1 X14.61 Y30.498 E.07942
G1 X15.047 Y30.061 E.02049
G1 X16.246 Y27.988 E.07942
G1 X16.682 Y27.551 E.02049
G1 X17.396 Y27.139 E.02734
G1 X17.396 Y28.767 E.05401
G1 X7.47 Y34.919 F30000
G1 F11835
G1 X5.842 Y34.919 E.05401
G1 X6.32 Y34.643 E.01833
G1 X6.757 Y34.206 E.02049
G1 X7.956 Y32.133 E.07942
G1 X8.392 Y31.696 E.02049
G1 X10.465 Y30.498 E.07942
G1 X10.902 Y30.061 E.02049
G1 X12.101 Y27.988 E.07942
G1 X12.537 Y27.551 E.02049
G1 X14.61 Y26.353 E.07942
G1 X15.047 Y25.916 E.02049
G1 X16.246 Y23.843 E.07942
G1 X16.682 Y23.406 E.02049
G1 X17.396 Y22.994 E.02734
G1 X17.396 Y18.849 E.1375
G1 X16.682 Y19.261 E.02734
G1 X16.246 Y19.698 E.02049
G1 X15.047 Y21.771 E.07942
G1 X14.61 Y22.208 E.02049
G1 X12.537 Y23.406 E.07942
G1 X12.101 Y23.843 E.02049
G1 X10.902 Y25.916 E.07942
G1 X10.465 Y26.353 E.02049
G1 X8.392 Y27.551 E.07942
G1 X7.956 Y27.988 E.02049
G1 X6.757 Y30.061 E.07942
G1 X6.32 Y30.498 E.02049
G1 X4.247 Y31.696 E.07942
G1 X3.811 Y32.133 E.02049
G1 X2.612 Y34.206 E.07942
G1 X2.175 Y34.643 E.02049
G1 X1.697 Y34.919 E.01833
G1 X-2.448 Y34.919 E.1375
G1 X-1.97 Y34.643 E.01833
G1 X-1.533 Y34.206 E.02049
G1 X-.334 Y32.133 E.07942
G1 X.102 Y31.696 E.02049
G1 X2.175 Y30.498 E.07942
G1 X2.612 Y30.061 E.02049
G1 X3.811 Y27.988 E.07942
G1 X4.247 Y27.551 E.02049
G1 X6.32 Y26.353 E.07942
G1 X6.757 Y25.916 E.02049
G1 X7.956 Y23.843 E.07942
G1 X8.392 Y23.406 E.02049
G1 X10.465 Y22.208 E.07942
G1 X10.902 Y21.771 E.02049
G1 X12.101 Y19.698 E.07942
G1 X12.537 Y19.261 E.02049
G1 X14.61 Y18.062 E.07942
G1 X15.047 Y17.626 E.02049
G1 X16.246 Y15.553 E.07942
G1 X16.682 Y15.116 E.02049
G1 X17.396 Y14.704 E.02734
G1 X17.396 Y10.559 E.1375
G1 X16.682 Y10.971 E.02734
G1 X16.246 Y11.408 E.02049
G1 X15.047 Y13.481 E.07942
G1 X14.61 Y13.917 E.02049
G1 X12.537 Y15.116 E.07942
G1 X12.101 Y15.553 E.02049
G1 X10.902 Y17.626 E.07942
G1 X10.465 Y18.062 E.02049
G1 X8.392 Y19.261 E.07942
G1 X7.956 Y19.698 E.02049
G1 X6.757 Y21.771 E.07942
G1 X6.32 Y22.208 E.02049
G1 X4.247 Y23.406 E.07942
G1 X3.811 Y23.843 E.02049
G1 X2.612 Y25.916 E.07942
G1 X2.175 Y26.353 E.02049
G1 X.102 Y27.551 E.07942
G1 X-.334 Y27.988 E.02049
G1 X-1.533 Y30.061 E.07942
G1 X-1.97 Y30.498 E.02049
G1 X-4.043 Y31.696 E.07942
G1 X-4.479 Y32.133 E.02049
G1 X-5.678 Y34.206 E.07942
G1 X-6.115 Y34.643 E.02049
G1 X-6.594 Y34.919 E.01833
G1 X-10.739 Y34.919 E.1375
G1 X-10.26 Y34.643 E.01833
G1 X-9.823 Y34.206 E.02049
G1 X-8.625 Y32.133 E.07942
G1 X-8.188 Y31.696 E.02049
G1 X-6.115 Y30.498 E.07942
G1 X-5.678 Y30.061 E.02049
G1 X-4.479 Y27.988 E.07942
G1 X-4.043 Y27.551 E.02049
G1 X-1.97 Y26.353 E.07942
G1 X-1.533 Y25.916 E.02049
G1 X-.334 Y23.843 E.07942
G1 X.102 Y23.406 E.02049
G1 X2.175 Y22.208 E.07942
G1 X2.612 Y21.771 E.02049
G1 X3.811 Y19.698 E.07942
G1 X4.247 Y19.261 E.02049
G1 X6.32 Y18.062 E.07942
G1 X6.757 Y17.626 E.02049
G1 X7.956 Y15.553 E.07942
G1 X8.392 Y15.116 E.02049
G1 X10.465 Y13.917 E.07942
G1 X10.902 Y13.481 E.02049
G1 X12.101 Y11.408 E.07942
G1 X12.537 Y10.971 E.02049
G1 X14.61 Y9.772 E.07942
G1 X15.047 Y9.336 E.02049
G1 X16.246 Y7.263 E.07942
G1 X16.682 Y6.826 E.02049
G1 X17.396 Y6.414 E.02734
G1 X17.396 Y2.269 E.1375
G1 X16.682 Y2.681 E.02734
G1 X16.246 Y3.118 E.02049
G1 X15.047 Y5.191 E.07942
G1 X14.61 Y5.627 E.02049
G1 X12.537 Y6.826 E.07942
G1 X12.101 Y7.263 E.02049
G1 X10.902 Y9.336 E.07942
G1 X10.465 Y9.772 E.02049
G1 X8.392 Y10.971 E.07942
G1 X7.956 Y11.408 E.02049
G1 X6.757 Y13.481 E.07942
G1 X6.32 Y13.917 E.02049
G1 X4.247 Y15.116 E.07942
G1 X3.811 Y15.553 E.02049
G1 X2.612 Y17.626 E.07942
G1 X2.175 Y18.062 E.02049
G1 X.102 Y19.261 E.07942
G1 X-.334 Y19.698 E.02049
G1 X-1.533 Y21.771 E.07942
G1 X-1.97 Y22.208 E.02049
G1 X-4.043 Y23.406 E.07942
G1 X-4.479 Y23.843 E.02049
G1 X-5.678 Y25.916 E.07942
G1 X-6.115 Y26.353 E.02049
G1 X-8.188 Y27.551 E.07942
G1 X-8.625 Y27.988 E.02049
G1 X-9.823 Y30.061 E.07942
G1 X-10.26 Y30.498 E.02049
G1 X-12.333 Y31.696 E.07942
G1 X-12.77 Y32.133 E.02049
G1 X-13.968 Y34.206 E.07942
G1 X-14.405 Y34.643 E.02049
G1 X-14.884 Y34.919 E.01833
G1 X-19.029 Y34.919 E.1375
G1 X-18.55 Y34.643 E.01833
G1 X-18.113 Y34.206 E.02049
G1 X-16.915 Y32.133 E.07942
G1 X-16.478 Y31.696 E.02049
G1 X-14.405 Y30.498 E.07942
G1 X-13.968 Y30.061 E.02049
G1 X-12.77 Y27.988 E.07942
G1 X-12.333 Y27.551 E.02049
G1 X-10.26 Y26.353 E.07942
G1 X-9.823 Y25.916 E.02049
G1 X-8.625 Y23.843 E.07942
G1 X-8.188 Y23.406 E.02049
G1 X-6.115 Y22.208 E.07942
G1 X-5.678 Y21.771 E.02049
G1 X-4.479 Y19.698 E.07942
G1 X-4.043 Y19.261 E.02049
G1 X-1.97 Y18.062 E.07942
G1 X-1.533 Y17.626 E.02049
G1 X-.334 Y15.553 E.07942
G1 X.102 Y15.116 E.02049
G1 X2.175 Y13.917 E.07942
G1 X2.612 Y13.481 E.02049
G1 X3.811 Y11.408 E.07942
G1 X4.247 Y10.971 E.02049
G1 X6.32 Y9.772 E.07942
G1 X6.757 Y9.336 E.02049
G1 X7.956 Y7.263 E.07942
G1 X8.392 Y6.826 E.02049
G1 X10.465 Y5.627 E.07942
G1 X10.902 Y5.191 E.02049
G1 X12.101 Y3.118 E.07942
G1 X12.537 Y2.681 E.02049
G1 X14.61 Y1.482 E.07942
G1 X15.047 Y1.046 E.02049
G1 X16.246 Y-1.027 E.07942
G1 X16.682 Y-1.464 E.02049
G1 X17.161 Y-1.74 E.01833
G1 X13.016 Y-1.74 E.1375
G1 X12.537 Y-1.464 E.01833
G1 X12.101 Y-1.027 E.02049
G1 X10.902 Y1.046 E.07942
G1 X10.465 Y1.482 E.02049
G1 X8.392 Y2.681 E.07942
G1 X7.956 Y3.118 E.02049
G1 X6.757 Y5.191 E.07942
G1 X6.32 Y5.627 E.02049
G1 X4.247 Y6.826 E.07942
G1 X3.811 Y7.263 E.02049
G1 X2.612 Y9.336 E.07942
G1 X2.175 Y9.772 E.02049
G1 X.102 Y10.971 E.07942
G1 X-.334 Y11.408 E.02049
G1 X-1.533 Y13.481 E.07942
G1 X-1.97 Y13.917 E.02049
G1 X-4.043 Y15.116 E.07942
G1 X-4.479 Y15.553 E.02049
G1 X-5.678 Y17.626 E.07942
G1 X-6.115 Y18.062 E.02049
G1 X-8.188 Y19.261 E.07942
G1 X-8.625 Y19.698 E.02049
G1 X-9.823 Y21.771 E.07942
G1 X-10.26 Y22.208 E.02049
G1 X-12.333 Y23.406 E.07942
G1 X-12.77 Y23.843 E.02049
G1 X-13.968 Y25.916 E.07942
G1 X-14.405 Y26.353 E.02049
G1 X-16.478 Y27.551 E.07942
G1 X-16.915 Y27.988 E.02049
G1 X-18.113 Y30.061 E.07942
G1 X-18.55 Y30.498 E.02049
G1 X-19.264 Y30.91 E.02734
G1 X-19.264 Y26.765 E.1375
G1 X-18.55 Y26.353 E.02734
G1 X-18.113 Y25.916 E.02049
G1 X-16.915 Y23.843 E.07942
G1 X-16.478 Y23.406 E.02049
G1 X-14.405 Y22.208 E.07942
G1 X-13.968 Y21.771 E.02049
G1 X-12.77 Y19.698 E.07942
G1 X-12.333 Y19.261 E.02049
G1 X-10.26 Y18.062 E.07942
G1 X-9.823 Y17.626 E.02049
G1 X-8.625 Y15.553 E.07942
G1 X-8.188 Y15.116 E.02049
G1 X-6.115 Y13.917 E.07942
G1 X-5.678 Y13.481 E.02049
G1 X-4.479 Y11.408 E.07942
G1 X-4.043 Y10.971 E.02049
G1 X-1.97 Y9.772 E.07942
G1 X-1.533 Y9.336 E.02049
G1 X-.334 Y7.263 E.07942
G1 X.102 Y6.826 E.02049
G1 X2.175 Y5.627 E.07942
G1 X2.612 Y5.191 E.02049
G1 X3.811 Y3.118 E.07942
G1 X4.247 Y2.681 E.02049
G1 X6.32 Y1.482 E.07942
G1 X6.757 Y1.046 E.02049
G1 X7.956 Y-1.027 E.07942
G1 X8.392 Y-1.464 E.02049
G1 X8.871 Y-1.74 E.01833
G1 X4.726 Y-1.74 E.1375
G1 X4.247 Y-1.464 E.01833
G1 X3.811 Y-1.027 E.02049
G1 X2.612 Y1.046 E.07942
G1 X2.175 Y1.482 E.02049
G1 X.102 Y2.681 E.07942
G1 X-.334 Y3.118 E.02049
G1 X-1.533 Y5.191 E.07942
G1 X-1.97 Y5.627 E.02049
G1 X-4.043 Y6.826 E.07942
G1 X-4.479 Y7.263 E.02049
G1 X-5.678 Y9.336 E.07942
G1 X-6.115 Y9.772 E.02049
G1 X-8.188 Y10.971 E.07942
G1 X-8.625 Y11.408 E.02049
G1 X-9.823 Y13.481 E.07942
G1 X-10.26 Y13.917 E.02049
G1 X-12.333 Y15.116 E.07942
G1 X-12.77 Y15.553 E.02049
G1 X-13.968 Y17.626 E.07942
G1 X-14.405 Y18.062 E.02049
G1 X-16.478 Y19.261 E.07942
G1 X-16.915 Y19.698 E.02049
G1 X-18.113 Y21.771 E.07942
G1 X-18.55 Y22.208 E.02049
G1 X-19.264 Y22.62 E.02734
G1 X-19.264 Y24.249 E.05401
G1 X-19.264 Y.267 F30000
G1 F11835
G1 X-19.264 Y1.895 E.05401
G1 X-18.55 Y1.482 E.02734
G1 X-18.113 Y1.046 E.02049
G1 X-16.915 Y-1.027 E.07942
G1 X-16.478 Y-1.464 E.02049
G1 X-16 Y-1.74 E.01833
G1 X-11.854 Y-1.74 E.1375
G1 X-12.333 Y-1.464 E.01833
G1 X-12.77 Y-1.027 E.02049
G1 X-13.968 Y1.046 E.07942
G1 X-14.405 Y1.482 E.02049
G1 X-16.478 Y2.681 E.07942
G1 X-16.915 Y3.118 E.02049
G1 X-18.113 Y5.191 E.07942
G1 X-18.55 Y5.627 E.02049
G1 X-19.264 Y6.04 E.02734
G1 X-19.264 Y10.185 E.1375
G1 X-18.55 Y9.772 E.02734
G1 X-18.113 Y9.336 E.02049
G1 X-16.915 Y7.263 E.07942
G1 X-16.478 Y6.826 E.02049
G1 X-14.405 Y5.627 E.07942
G1 X-13.968 Y5.191 E.02049
G1 X-12.77 Y3.118 E.07942
G1 X-12.333 Y2.681 E.02049
G1 X-10.26 Y1.482 E.07942
G1 X-9.823 Y1.046 E.02049
G1 X-8.625 Y-1.027 E.07942
G1 X-8.188 Y-1.464 E.02049
G1 X-7.709 Y-1.74 E.01833
G1 X-3.564 Y-1.74 E.1375
G1 X-4.043 Y-1.464 E.01833
G1 X-4.479 Y-1.027 E.02049
G1 X-5.678 Y1.046 E.07942
G1 X-6.115 Y1.482 E.02049
G1 X-8.188 Y2.681 E.07942
G1 X-8.625 Y3.118 E.02049
G1 X-9.823 Y5.191 E.07942
G1 X-10.26 Y5.627 E.02049
G1 X-12.333 Y6.826 E.07942
G1 X-12.77 Y7.263 E.02049
G1 X-13.968 Y9.336 E.07942
G1 X-14.405 Y9.772 E.02049
G1 X-16.478 Y10.971 E.07942
G1 X-16.915 Y11.408 E.02049
G1 X-18.113 Y13.481 E.07942
G1 X-18.55 Y13.917 E.02049
G1 X-19.264 Y14.33 E.02734
G1 X-19.264 Y18.475 E.1375
G1 X-18.55 Y18.062 E.02734
G1 X-18.113 Y17.626 E.02049
G1 X-16.915 Y15.553 E.07942
G1 X-16.478 Y15.116 E.02049
G1 X-14.405 Y13.917 E.07942
G1 X-13.968 Y13.481 E.02049
G1 X-12.77 Y11.408 E.07942
G1 X-12.333 Y10.971 E.02049
G1 X-10.26 Y9.772 E.07942
G1 X-9.823 Y9.336 E.02049
G1 X-8.625 Y7.263 E.07942
G1 X-8.188 Y6.826 E.02049
G1 X-6.115 Y5.627 E.07942
G1 X-5.678 Y5.191 E.02049
G1 X-4.479 Y3.118 E.07942
G1 X-4.043 Y2.681 E.02049
G1 X-1.97 Y1.482 E.07942
G1 X-1.533 Y1.046 E.02049
G1 X-.334 Y-1.027 E.07942
G1 X.102 Y-1.464 E.02049
G1 X.581 Y-1.74 E.01833
G1 X2.209 Y-1.74 E.05401
;LAYER_CHANGE
;Z:9
;HEIGHT:0.2
;BEFORE_LAYER_CHANGE
;9
G1 E-.8 F2100
;WIPE_START
G1 F16200
G1 X.581 Y-1.74
G1 X.259 Y-1.554
;WIPE_END
;AFTER_LAYER_CHANGE
;9
;_SET_FAN_SPEED_CHANGING_LAYER
G1 F30000
G1 X0.374616 Y-0.983369 Z9.03077
G1 X0.211826 Y-0.424102 Z9.06154
G1 X-0.192221 Y-0.00454799 Z9.09231
G1 X-0.744964 Y0.179178 Z9.12308
G1 X-1.31978 Y0.0849875 Z9.15385
G1 X-1.78497 Y-0.265542 Z9.18462
G1 X-2.03399 Y-0.792109 Z9.21538
G1 X-2.00977 Y-1.37408 Z9.24615
G1 X-1.71787 Y-1.87814 Z9.27692
G1 X-1.22515 Y-2.18881 Z9.30769
G1 X-0.644504 Y-2.23492 Z9.33846
G1 X-0.108937 Y-2.0059 Z9.36923
G1 X0.258855 Y-1.55423 Z9.4
G1 X17.607 Y35.13 Z9.4
G1 Z9
G1 E.8 F2100
SET_VELOCITY_LIMIT ACCEL=5000
;TYPE:Inner wall
G1 F13032
G1 X-19.475 Y35.13 E1.23007
G1 X-19.475 Y-1.951 E1.23007
G1 X17.607 Y-1.951 E1.23007
G1 X17.607 Y35.09 E1.22874
SET_VELOCITY_LIMIT ACCEL=10000
G1 X18.014 Y35.537 F30000
M73 P46 R10
SET_VELOCITY_LIMIT ACCEL=5000
G1 F13032
G1 X-19.882 Y35.537 E1.25707
G1 X-19.882 Y-2.358 E1.25707
G1 X18.014 Y-2.358 E1.25707
G1 X18.014 Y35.497 E1.25575
SET_VELOCITY_LIMIT ACCEL=10000
G1 X18.421 Y35.944 F30000
SET_VELOCITY_LIMIT ACCEL=5000
G1 F13032
G1 X-20.289 Y35.944 E1.28408
G1 X-20.289 Y-2.766 E1.28408
G1 X18.421 Y-2.766 E1.28408
G1 X18.421 Y35.904 E1.28275
G1 X18.856 Y36.379 F30000
;TYPE:Outer wall
;WIDTH:0.42
G1 F12000
G1 X-20.724 Y36.379 E1.21618
G1 X-20.724 Y-3.201 E1.21618
G1 X18.856 Y-3.201 E1.21618
G1 X18.856 Y36.339 E1.21495
SET_VELOCITY_LIMIT ACCEL=10000
G1 E-.8 F2100
;WIPE_START
G1 F12000
G1 X16.856 Y36.341
;WIPE_END
G1 X17.019 Y33.425 Z9.4 F30000
G1 Z9
G1 E.8 F2100
;TYPE:Sparse infill
;WIDTH:0.45
G1 F13032
G1 X17.019 Y31.797 E.05401
G1 X14.274 Y34.542 E.12879
G1 X10.128 Y34.542 E.1375
G1 X17.019 Y27.652 E.32324
G1 X17.019 Y23.507 E.1375
G1 X5.983 Y34.542 E.51769
G1 X1.838 Y34.542 E.1375
G1 X17.019 Y19.362 E.71214
G1 X17.019 Y15.217 E.1375
G1 X-2.307 Y34.542 E.90659
G1 X-6.452 Y34.542 E.1375
G1 X17.019 Y11.072 E1.10104
G1 X17.019 Y6.927 E.1375
G1 X-10.597 Y34.542 E1.2955
G1 X-14.742 Y34.542 E.1375
G1 X17.019 Y2.782 E1.48995
G1 X17.019 Y-1.363 E.1375
G1 X-18.887 Y34.542 E1.6844
G1 X-18.887 Y30.397 E.1375
G1 X12.874 Y-1.363 E1.48995
G1 X8.729 Y-1.363 E.1375
G1 X-18.887 Y26.252 E1.29549
G1 X-18.887 Y22.107 E.1375
G1 X4.584 Y-1.363 E1.10104
G1 X.439 Y-1.363 E.1375
G1 X-18.887 Y17.962 E.90659
G1 X-18.887 Y13.817 E.1375
G1 X-3.706 Y-1.363 E.71214
G1 X-7.851 Y-1.363 E.1375
G1 X-18.887 Y9.672 E.51769
G1 X-18.887 Y5.527 E.1375
G1 X-11.996 Y-1.363 E.32324
G1 X-16.141 Y-1.363 E.1375
G1 X-18.887 Y1.382 E.12879
G1 X-18.887 Y-.246 E.05401
G1 X-19.09 Y-1.657 F30000
SET_VELOCITY_LIMIT ACCEL=7000
;TYPE:Internal solid infill
;WIDTH:0.38292
G1 F13032
G1 X-19.181 Y-1.639 E.00256
G1 X-19.181 Y34.746 E1.00805
G1 X-19.162 Y34.836 E.00256
G1 X17.222 Y34.836 E1.00805
G1 X17.313 Y34.817 E.00256
G1 X17.313 Y-1.567 E1.00805
G1 X17.294 Y-1.657 E.00256
G1 X-19.05 Y-1.657 E1.00694
;LAYER_CHANGE
;Z:9.2
;HEIGHT:0.2
;BEFORE_LAYER_CHANGE
;9.2
G1 E-.8 F2100
;WIPE_START
G1 F15000
G1 X-17.05 Y-1.657
;WIPE_END
;AFTER_LAYER_CHANGE
;9.2
;_SET_FAN_SPEED_CHANGING_LAYER
SET_VELOCITY_LIMIT ACCEL=10000
G1 F30000
G1 X-16.7638 Y-1.15009 Z9.23077
G1 X-16.746 Y-0.567884 Z9.26154
G1 X-17.0008 Y-0.0440843 Z9.29231
G1 X-17.4698 Y0.301314 Z9.32308
G1 X-18.0456 Y0.389184 Z9.35385
G1 X-18.5963 Y0.199396 Z9.38462
G1 X-18.9957 Y-0.224572 Z9.41538
G1 X-19.1524 Y-0.785593 Z9.44615
G1 X-19.0304 Y-1.35515 Z9.47692
G1 X-18.6576 Y-1.80275 Z9.50769
G1 X-18.1196 Y-2.02587 Z9.53846
G1 X-17.5395 Y-1.97338 Z9.56923
G1 X-17.0502 Y-1.65732 Z9.6
G1 X17.607 Y35.13 Z9.6
G1 Z9.2
G1 E.8 F2100
SET_VELOCITY_LIMIT ACCEL=5000
;TYPE:Inner wall
;WIDTH:0.45
G1 F18000
G1 X-19.475 Y35.13 E1.23007
G1 X-19.475 Y-1.951 E1.23007
G1 X17.607 Y-1.951 E1.23007
G1 X17.607 Y35.09 E1.22874
SET_VELOCITY_LIMIT ACCEL=10000
G1 X18.014 Y35.537 F30000
SET_VELOCITY_LIMIT ACCEL=5000
G1 F18000
G1 X-19.882 Y35.537 E1.25707
G1 X-19.882 Y-2.358 E1.25707
G1 X18.014 Y-2.358 E1.25707
G1 X18.014 Y35.497 E1.25575
SET_VELOCITY_LIMIT ACCEL=10000
G1 X18.421 Y35.944 F30000
SET_VELOCITY_LIMIT ACCEL=5000
G1 F18000
G1 X-20.289 Y35.944 E1.28408
G1 X-20.289 Y-2.766 E1.28408
G1 X18.421 Y-2.766 E1.28408
G1 X18.421 Y35.904 E1.28275
G1 X18.856 Y36.379 F30000
;TYPE:Outer wall
;WIDTH:0.42
G1 F12000
G1 X-20.724 Y36.379 E1.21618
G1 X-20.724 Y-3.201 E1.21618
G1 X18.856 Y-3.201 E1.21618
G1 X18.856 Y36.339 E1.21495
SET_VELOCITY_LIMIT ACCEL=10000
G1 E-.8 F2100
;WIPE_START
G1 F12000
G1 X16.856 Y36.341
;WIPE_END
G1 X10.841 Y31.644 Z9.6 F30000
G1 X8.706 Y29.977 Z9.6
G1 Z9.2
G1 E.8 F2100
;TYPE:Sparse infill
;WIDTH:0.45
G1 F16200
G1 X7.555 Y28.826 E.05401
G1 X11.404 Y24.977 E.18055
G1 X10.977 Y24.55 E.02002
G1 X12.886 Y22.641 E.08956
G1 X11.24 Y20.995 E.0772
G1 X3.255 Y28.981 E.37461
G1 X2.828 Y28.554 E.02002
G1 X.919 Y30.463 E.08956
G1 X-.727 Y28.817 E.0772
G1 X11.395 Y16.696 E.56866
G1 X10.968 Y16.269 E.02002
G1 X12.877 Y14.36 E.08956
G1 X11.232 Y12.714 E.0772
G1 X-5.027 Y28.972 E.76272
G1 X-5.453 Y28.545 E.02002
G1 X-7.363 Y30.455 E.08956
G1 X-9.008 Y28.809 E.0772
G1 X11.387 Y8.414 E.95677
M73 P47 R10
G1 X12.538 Y9.565 E.05401
G1 X-14.322 Y6.949 F30000
G1 F16200
G1 X-13.17 Y8.101 E.05401
G1 X-9.322 Y4.252 E.18055
G1 X-8.895 Y4.679 E.02002
G1 X-6.986 Y2.77 E.08956
G1 X-5.34 Y4.415 E.0772
G1 X-13.325 Y12.401 E.37461
G1 X-12.898 Y12.827 E.02002
G1 X-14.808 Y14.737 E.08956
G1 X-13.162 Y16.382 E.0772
G1 X-1.04 Y4.26 E.56866
G1 X-.613 Y4.687 E.02002
G1 X1.296 Y2.778 E.08956
G1 X2.942 Y4.424 E.0772
G1 X-13.317 Y20.682 E.76272
G1 X-12.89 Y21.109 E.02002
G1 X-14.799 Y23.018 E.08956
G1 X-13.153 Y24.664 E.0772
G1 X7.242 Y4.269 E.95677
G1 X7.668 Y4.696 E.02002
G1 X9.578 Y2.786 E.08956
G1 X11.223 Y4.432 E.0772
G1 X-13.308 Y28.964 E1.15083
G1 X-12.157 Y30.115 E.05401
G1 X-19.016 Y35.1 F30000
SET_VELOCITY_LIMIT ACCEL=2500
;TYPE:Internal Bridge
;WIDTH:0.4
;HEIGHT:0.4
G1 F3000
G1 X-19.242 Y34.874 E.0164
G1 X-19.242 Y34.237 E.03258
G1 X-18.582 Y34.898 E.04782
G1 X-17.946 Y34.898 E.03258
G1 X-19.242 Y33.601 E.0939
G1 X-19.242 Y32.965 E.03258
G1 X-17.309 Y34.898 E.13998
G1 X-16.673 Y34.898 E.03258
G1 X-19.242 Y32.328 E.18606
G1 X-19.242 Y31.692 E.03258
G1 X-16.036 Y34.898 E.23214
G1 X-15.4 Y34.898 E.03258
G1 X-19.242 Y31.055 E.27822
G1 X-19.242 Y30.419 E.03258
G1 X-14.764 Y34.898 E.3243
G1 X-14.127 Y34.898 E.03258
G1 X-19.242 Y29.783 E.37038
G1 X-19.242 Y29.146 E.03258
G1 X-13.491 Y34.898 E.41646
G1 X-12.854 Y34.898 E.03258
G1 X-19.242 Y28.51 E.46254
G1 X-19.242 Y27.873 E.03258
G1 X-12.218 Y34.898 E.50862
G1 X-11.582 Y34.898 E.03258
G1 X-19.242 Y27.237 E.5547
G1 X-19.242 Y26.601 E.03258
G1 X-10.945 Y34.898 E.60078
G1 X-10.309 Y34.898 E.03258
G1 X-19.242 Y25.964 E.64686
G1 X-19.242 Y25.328 E.03258
G1 X-9.672 Y34.898 E.69294
G1 X-9.036 Y34.898 E.03258
G1 X-19.242 Y24.691 E.73902
G1 X-19.242 Y24.055 E.03258
G1 X-8.4 Y34.898 E.7851
G1 X-7.763 Y34.898 E.03258
M73 P47 R9
G1 X-19.242 Y23.419 E.83118
G1 X-19.242 Y22.782 E.03258
G1 X-15.133 Y26.891 E.29752
G1 X-14.815 Y26.573 E.02304
G1 X-19.242 Y22.146 E.32056
G1 X-19.242 Y21.51 E.03258
G1 X-14.497 Y26.255 E.3436
G1 X-14.179 Y25.937 E.02304
G1 X-19.242 Y20.873 E.36664
G1 X-19.242 Y20.237 E.03258
G1 X-13.861 Y25.618 E.38968
G1 X-13.542 Y25.3 E.02304
G1 X-19.242 Y19.6 E.41272
G1 X-19.242 Y18.964 E.03258
G1 X-15.297 Y22.91 E.2857
G1 X-14.978 Y22.591 E.02304
G1 X-19.242 Y18.328 E.30874
G1 X-19.242 Y17.691 E.03258
G1 X-14.66 Y22.273 E.33178
G1 X-14.342 Y21.955 E.02304
G1 X-19.242 Y17.055 E.35482
G1 X-19.242 Y16.418 E.03258
G1 X-14.024 Y21.637 E.37786
G1 X-13.706 Y21.319 E.02304
G1 X-19.242 Y15.782 E.4009
G1 X-19.242 Y15.146 E.03258
G1 X-15.46 Y18.928 E.27387
G1 X-15.142 Y18.61 E.02304
G1 X-19.242 Y14.509 E.29691
G1 X-19.242 Y13.873 E.03258
G1 X-14.824 Y18.291 E.31995
G1 X-14.505 Y17.973 E.02304
G1 X-19.242 Y13.236 E.34299
G1 X-19.242 Y12.6 E.03258
G1 X-14.187 Y17.655 E.36603
G1 X-13.869 Y17.337 E.02304
G1 X-19.242 Y11.964 E.38907
G1 X-19.242 Y11.327 E.03258
G1 X-13.551 Y17.019 E.41211
G1 X-13.341 Y16.809 E.01518
G1 X-15.414 Y14.737 E.15007
G1 X-15.305 Y14.628 E.00786
G1 X-19.242 Y10.691 E.28509
G1 X-19.242 Y10.054 E.03258
G1 X-14.987 Y14.31 E.30813
G1 X-14.669 Y13.992 E.02304
G1 X-19.242 Y9.418 E.33117
G1 X-19.242 Y8.782 E.03258
G1 X-14.35 Y13.673 E.35421
G1 X-14.032 Y13.355 E.02304
G1 X-19.242 Y8.145 E.37725
G1 X-19.242 Y7.509 E.03258
G1 X-13.714 Y13.037 E.40029
G1 X-13.504 Y12.827 E.01518
G1 X-15.577 Y10.755 E.15007
G1 X-15.468 Y10.646 E.00786
G1 X-19.242 Y6.872 E.27326
G1 X-19.242 Y6.236 E.03258
G1 X-15.15 Y10.328 E.2963
G1 X-14.832 Y10.01 E.02304
G1 X-19.242 Y5.6 E.31934
G1 X-19.242 Y4.963 E.03258
G1 X-14.514 Y9.692 E.34238
G1 X-14.196 Y9.374 E.02304
G1 X-19.242 Y4.327 E.36542
G1 X-19.242 Y3.69 E.03258
G1 X-13.877 Y9.055 E.38846
G1 X-13.559 Y8.737 E.02304
G1 X-19.242 Y3.054 E.4115
G1 X-19.242 Y2.418 E.03258
G1 X-15.314 Y6.346 E.28447
G1 X-14.995 Y6.028 E.02304
G1 X-19.242 Y1.781 E.30751
G1 X-19.242 Y1.145 E.03258
G1 X-14.677 Y5.71 E.33055
G1 X-14.359 Y5.392 E.02304
G1 X-19.242 Y.508 E.35359
G1 X-19.242 Y-.128 E.03258
M73 P48 R9
G1 X-14.041 Y5.074 E.37663
G1 X-13.723 Y4.755 E.02304
G1 X-19.242 Y-.764 E.39967
G1 X-19.242 Y-1.401 E.03258
G1 X-13.404 Y4.437 E.42271
G1 X-13.086 Y4.119 E.02304
G1 X-18.924 Y-1.719 E.42271
G1 X-18.288 Y-1.719 E.03258
G1 X-12.768 Y3.801 E.39967
G1 X-12.45 Y3.483 E.02304
G1 X-17.651 Y-1.719 E.37663
G1 X-17.015 Y-1.719 E.03258
G1 X-12.132 Y3.164 E.35359
G1 X-11.813 Y2.846 E.02304
G1 X-16.378 Y-1.719 E.33055
G1 X-15.742 Y-1.719 E.03258
G1 X-11.495 Y2.528 E.30751
G1 X-11.177 Y2.21 E.02304
G1 X-15.106 Y-1.719 E.28447
G1 X-14.469 Y-1.719 E.03258
G1 X-8.786 Y3.964 E.41149
G1 X-8.468 Y3.646 E.02304
G1 X-13.833 Y-1.719 E.38845
G1 X-13.196 Y-1.719 E.03258
G1 X-8.15 Y3.328 E.36541
G1 X-7.832 Y3.01 E.02304
G1 X-12.56 Y-1.719 E.34237
G1 X-11.924 Y-1.719 E.03258
G1 X-7.513 Y2.691 E.31933
G1 X-7.195 Y2.373 E.02304
G1 X-11.287 Y-1.719 E.29629
G1 X-10.651 Y-1.719 E.03258
G1 X-4.805 Y4.127 E.42332
G1 X-4.486 Y3.809 E.02304
G1 X-10.014 Y-1.719 E.40028
G1 X-9.378 Y-1.719 E.03258
G1 X-4.168 Y3.491 E.37724
G1 X-3.85 Y3.173 E.02304
G1 X-8.742 Y-1.719 E.3542
G1 X-8.105 Y-1.719 E.03258
G1 X-3.532 Y2.855 E.33116
G1 X-3.214 Y2.536 E.02304
G1 X-7.469 Y-1.719 E.30812
G1 X-6.832 Y-1.719 E.03258
G1 X-2.895 Y2.218 E.28508
G1 X-2.686 Y2.009 E.01518
G1 X-.613 Y4.081 E.15007
G1 X-.505 Y3.973 E.00786
G1 X-6.196 Y-1.719 E.41211
G1 X-5.56 Y-1.719 E.03258
G1 X-.186 Y3.654 E.38907
G1 X.132 Y3.336 E.02304
G1 X-4.923 Y-1.719 E.36603
G1 X-4.287 Y-1.719 E.03258
G1 X.45 Y3.018 E.34299
G1 X.768 Y2.7 E.02304
G1 X-3.651 Y-1.719 E.31995
G1 X-3.014 Y-1.719 E.03258
G1 X1.086 Y2.382 E.29691
G1 X1.296 Y2.172 E.01518
G1 X3.368 Y4.244 E.15007
G1 X3.477 Y4.136 E.00786
G1 X-2.378 Y-1.719 E.42393
G1 X-1.741 Y-1.719 E.03258
G1 X3.795 Y3.818 E.40089
G1 X4.113 Y3.5 E.02304
G1 X-1.105 Y-1.719 E.37785
G1 X-.469 Y-1.719 E.03258
G1 X4.432 Y3.181 E.35481
G1 X4.75 Y2.863 E.02304
G1 X.168 Y-1.719 E.33177
G1 X.804 Y-1.719 E.03258
G1 X5.068 Y2.545 E.30873
G1 X5.386 Y2.227 E.02304
G1 X1.441 Y-1.719 E.28569
G1 X2.077 Y-1.719 E.03258
G1 X7.777 Y3.981 E.41272
G1 X8.095 Y3.663 E.02304
G1 X2.713 Y-1.719 E.38968
G1 X3.35 Y-1.719 E.03258
G1 X8.413 Y3.345 E.36664
G1 X8.732 Y3.026 E.02304
G1 X3.986 Y-1.719 E.3436
G1 X4.623 Y-1.719 E.03258
G1 X9.193 Y2.851 E.33093
SET_VELOCITY_LIMIT ACCEL=10000
G1 X-11.379 Y30.646 F30000
SET_VELOCITY_LIMIT ACCEL=2500
G1 F3000
G1 X-7.127 Y34.898 E.30789
G1 X-6.49 Y34.898 E.03258
G1 X-10.918 Y30.471 E.32056
G1 X-10.599 Y30.152 E.02304
G1 X-5.854 Y34.898 E.3436
G1 X-5.218 Y34.898 E.03258
G1 X-10.281 Y29.834 E.36664
G1 X-9.963 Y29.516 E.02304
G1 X-4.581 Y34.898 E.38968
G1 X-3.945 Y34.898 E.03258
G1 X-9.645 Y29.198 E.41272
G1 X-9.435 Y28.988 E.01518
G1 X-7.363 Y31.061 E.15007
G1 X-7.254 Y30.952 E.00786
G1 X-3.308 Y34.898 E.2857
G1 X-2.672 Y34.898 E.03258
G1 X-6.936 Y30.634 E.30874
G1 X-6.618 Y30.316 E.02304
G1 X-2.036 Y34.898 E.33178
G1 X-1.399 Y34.898 E.03258
G1 X-6.299 Y29.998 E.35482
G1 X-5.981 Y29.679 E.02304
G1 X-.763 Y34.898 E.37786
G1 X-.126 Y34.898 E.03258
G1 X-5.663 Y29.361 E.4009
G1 X-5.453 Y29.152 E.01518
G1 X-3.381 Y31.224 E.15007
G1 X-3.272 Y31.115 E.00786
G1 X.51 Y34.898 E.27387
G1 X1.146 Y34.898 E.03258
G1 X-2.954 Y30.797 E.29691
G1 X-2.636 Y30.479 E.02304
G1 X1.783 Y34.898 E.31995
G1 X2.419 Y34.898 E.03258
G1 X-2.318 Y30.161 E.34299
G1 X-2 Y29.843 E.02304
G1 X3.056 Y34.898 E.36603
G1 X3.692 Y34.898 E.03258
G1 X-1.681 Y29.524 E.38907
G1 X-1.363 Y29.206 E.02304
G1 X4.328 Y34.898 E.41211
G1 X4.965 Y34.898 E.03258
G1 X1.028 Y30.961 E.28509
G1 X1.346 Y30.642 E.02304
G1 X5.601 Y34.898 E.30813
G1 X6.238 Y34.898 E.03258
M73 P49 R9
G1 X1.664 Y30.324 E.33117
G1 X1.982 Y30.006 E.02304
G1 X6.874 Y34.898 E.35421
G1 X7.51 Y34.898 E.03258
G1 X2.3 Y29.688 E.37725
G1 X2.619 Y29.37 E.02304
G1 X8.147 Y34.898 E.40029
G1 X8.783 Y34.898 E.03258
G1 X5.009 Y31.124 E.27326
G1 X5.327 Y30.806 E.02304
G1 X9.42 Y34.898 E.2963
G1 X10.056 Y34.898 E.03258
G1 X5.646 Y30.487 E.31934
G1 X5.964 Y30.169 E.02304
G1 X10.692 Y34.898 E.34238
G1 X11.329 Y34.898 E.03258
G1 X6.282 Y29.851 E.36542
G1 X6.6 Y29.533 E.02304
G1 X11.965 Y34.898 E.38846
G1 X12.602 Y34.898 E.03258
G1 X6.918 Y29.215 E.4115
G1 X7.128 Y29.005 E.01518
G1 X9.201 Y31.078 E.15007
G1 X9.309 Y30.969 E.00786
G1 X13.238 Y34.898 E.28447
G1 X13.874 Y34.898 E.03258
G1 X9.627 Y30.651 E.30751
G1 X9.946 Y30.333 E.02304
G1 X14.511 Y34.898 E.33055
G1 X15.147 Y34.898 E.03258
G1 X10.264 Y30.014 E.35359
G1 X10.582 Y29.696 E.02304
G1 X15.783 Y34.898 E.37663
G1 X16.42 Y34.898 E.03258
G1 X10.9 Y29.378 E.39967
G1 X11.218 Y29.06 E.02304
G1 X17.056 Y34.898 E.42271
G1 X17.374 Y34.898 E.01629
G1 X17.374 Y34.58 E.0163
G1 X11.537 Y28.742 E.42271
G1 X11.855 Y28.423 E.02304
G1 X17.374 Y33.943 E.39967
G1 X17.374 Y33.307 E.03258
G1 X12.173 Y28.105 E.37663
G1 X12.491 Y27.787 E.02304
G1 X17.374 Y32.67 E.35359
G1 X17.374 Y32.034 E.03258
G1 X12.809 Y27.469 E.33055
G1 X13.127 Y27.151 E.02304
G1 X17.374 Y31.398 E.30751
G1 X17.374 Y30.761 E.03258
G1 X13.446 Y26.832 E.28447
G1 X13.655 Y26.623 E.01518
G1 X11.583 Y24.55 E.15007
G1 X11.691 Y24.442 E.00786
G1 X17.374 Y30.125 E.41149
G1 X17.374 Y29.488 E.03258
G1 X12.01 Y24.124 E.38845
G1 X12.328 Y23.805 E.02304
G1 X17.374 Y28.852 E.36541
G1 X17.374 Y28.216 E.03258
G1 X12.646 Y23.487 E.34237
G1 X12.964 Y23.169 E.02304
G1 X17.374 Y27.579 E.31933
G1 X17.374 Y26.943 E.03258
G1 X13.282 Y22.851 E.29629
G1 X13.492 Y22.641 E.01518
G1 X11.419 Y20.569 E.15007
G1 X11.528 Y20.46 E.00786
G1 X17.374 Y26.306 E.42332
G1 X17.374 Y25.67 E.03258
G1 X11.846 Y20.142 E.40028
G1 X12.164 Y19.824 E.02304
G1 X17.374 Y25.034 E.37724
G1 X17.374 Y24.397 E.03258
G1 X12.483 Y19.505 E.3542
G1 X12.801 Y19.187 E.02304
G1 X17.374 Y23.761 E.33116
G1 X17.374 Y23.124 E.03258
G1 X13.119 Y18.869 E.30812
G1 X13.437 Y18.551 E.02304
G1 X17.374 Y22.488 E.28508
G1 X17.374 Y21.852 E.03258
G1 X11.683 Y16.16 E.41211
G1 X12.001 Y15.842 E.02304
G1 X17.374 Y21.215 E.38907
G1 X17.374 Y20.579 E.03258
G1 X12.319 Y15.524 E.36603
G1 X12.638 Y15.206 E.02304
G1 X17.374 Y19.942 E.34299
G1 X17.374 Y19.306 E.03258
G1 X12.956 Y14.887 E.31995
G1 X13.274 Y14.569 E.02304
G1 X17.374 Y18.67 E.29691
G1 X17.374 Y18.033 E.03258
G1 X11.52 Y12.178 E.42393
G1 X11.838 Y11.86 E.02304
G1 X17.374 Y17.397 E.40089
G1 X17.374 Y16.76 E.03258
G1 X12.156 Y11.542 E.37785
G1 X12.474 Y11.224 E.02304
G1 X17.374 Y16.124 E.35481
G1 X17.374 Y15.488 E.03258
G1 X12.792 Y10.906 E.33177
G1 X13.111 Y10.587 E.02304
G1 X17.374 Y14.851 E.30873
G1 X17.374 Y14.215 E.03258
G1 X13.429 Y10.269 E.28569
G1 X13.638 Y10.06 E.01518
G1 X11.566 Y7.987 E.15007
G1 X11.674 Y7.879 E.00786
G1 X17.374 Y13.578 E.41272
G1 X17.374 Y12.942 E.03258
G1 X11.993 Y7.56 E.38968
G1 X12.311 Y7.242 E.02304
G1 X17.374 Y12.306 E.36664
G1 X17.374 Y11.669 E.03258
G1 X12.629 Y6.924 E.3436
G1 X12.947 Y6.606 E.02304
G1 X17.374 Y11.033 E.32056
G1 X17.374 Y10.396 E.03258
G1 X13.265 Y6.288 E.29752
G1 X13.475 Y6.078 E.01518
G1 X9.578 Y2.18 E.28221
G1 X9.368 Y2.39 E.01518
G1 X5.259 Y-1.719 E.29752
G1 X5.895 Y-1.719 E.03258
G1 X17.374 Y9.76 E.83117
G1 X17.374 Y9.124 E.03258
G1 X6.532 Y-1.719 E.78509
G1 X7.168 Y-1.719 E.03258
M73 P50 R9
G1 X17.374 Y8.487 E.73901
G1 X17.374 Y7.851 E.03258
G1 X7.805 Y-1.719 E.69293
G1 X8.441 Y-1.719 E.03258
G1 X17.374 Y7.214 E.64685
G1 X17.374 Y6.578 E.03258
G1 X9.077 Y-1.719 E.60077
G1 X9.714 Y-1.719 E.03258
G1 X17.374 Y5.942 E.55469
G1 X17.374 Y5.305 E.03258
G1 X10.35 Y-1.719 E.50861
G1 X10.987 Y-1.719 E.03258
G1 X17.374 Y4.669 E.46253
G1 X17.374 Y4.033 E.03258
G1 X11.623 Y-1.719 E.41645
G1 X12.259 Y-1.719 E.03258
G1 X17.374 Y3.396 E.37037
G1 X17.374 Y2.76 E.03258
G1 X12.896 Y-1.719 E.32429
G1 X13.532 Y-1.719 E.03258
G1 X17.374 Y2.123 E.27821
G1 X17.374 Y1.487 E.03258
G1 X14.169 Y-1.719 E.23213
G1 X14.805 Y-1.719 E.03258
G1 X17.374 Y.851 E.18605
G1 X17.374 Y.214 E.03258
G1 X15.441 Y-1.719 E.13997
G1 X16.078 Y-1.719 E.03258
G1 X17.374 Y-.422 E.09389
G1 X17.374 Y-1.059 E.03258
G1 X16.714 Y-1.719 E.04781
G1 X17.351 Y-1.719 E.03258
G1 X17.577 Y-1.493 E.01639
;LAYER_CHANGE
;Z:9.4
;HEIGHT:0.2
;BEFORE_LAYER_CHANGE
;9.4
G1 E-.8 F2100
;WIPE_START
G1 F3000
G1 X17.351 Y-1.719
G1 X16.714 Y-1.719
G1 X17.374 Y-1.059
G1 X17.374 Y-.949
;WIPE_END
;AFTER_LAYER_CHANGE
;9.4
;_SET_FAN_SPEED_CHANGING_LAYER
SET_VELOCITY_LIMIT ACCEL=10000
G1 F30000
G1 X17.2387 Y-0.382411 Z9.43077
G1 X16.8552 Y0.0560596 Z9.46154
G1 X16.3119 Y0.266114 Z9.49231
G1 X15.7333 Y0.199632 Z9.52308
G1 X15.2518 Y-0.128157 Z9.55385
G1 X14.9778 Y-0.64216 Z9.58462
G1 X14.974 Y-1.22463 Z9.61538
G1 X15.2414 Y-1.74212 Z9.64615
G1 X15.7186 Y-2.07608 Z9.67692
G1 X16.2964 Y-2.15002 Z9.70769
G1 X16.8423 Y-1.94698 Z9.73846
G1 X17.2314 Y-1.51349 Z9.76923
G1 X17.3744 Y-0.948849 Z9.8
G1 X17.607 Y35.13 Z9.8
G1 Z9.4
G1 E.8 F2100
SET_VELOCITY_LIMIT ACCEL=5000
;TYPE:Inner wall
;WIDTH:0.45
G1 F18000
M106 S255
G1 X-19.475 Y35.13 E1.23007
G1 X-19.475 Y-1.951 E1.23007
G1 X17.607 Y-1.951 E1.23007
G1 X17.607 Y35.09 E1.22874
SET_VELOCITY_LIMIT ACCEL=10000
G1 X18.014 Y35.537 F30000
SET_VELOCITY_LIMIT ACCEL=5000
G1 F18000
G1 X-19.882 Y35.537 E1.25707
G1 X-19.882 Y-2.358 E1.25707
G1 X18.014 Y-2.358 E1.25707
G1 X18.014 Y35.497 E1.25575
SET_VELOCITY_LIMIT ACCEL=10000
G1 X18.421 Y35.944 F30000
SET_VELOCITY_LIMIT ACCEL=5000
G1 F18000
G1 X-20.289 Y35.944 E1.28408
G1 X-20.289 Y-2.766 E1.28408
G1 X18.421 Y-2.766 E1.28408
G1 X18.421 Y35.904 E1.28275
G1 X18.856 Y36.379 F30000
;TYPE:Outer wall
;WIDTH:0.42
G1 F12000
G1 X-20.724 Y36.379 E1.21618
G1 X-20.724 Y-3.201 E1.21618
G1 X18.856 Y-3.201 E1.21618
G1 X18.856 Y36.339 E1.21495
SET_VELOCITY_LIMIT ACCEL=10000
G1 E-.8 F2100
;WIPE_START
G1 F12000
G1 X16.856 Y36.341
;WIPE_END
G1 X12.488 Y30.083 Z9.8 F30000
G1 X12.317 Y29.837 Z9.8
G1 Z9.4
G1 E.8 F2100
;TYPE:Sparse infill
;WIDTH:0.45
G1 F16200
G1 X12.317 Y28.209 E.05401
G1 X10.686 Y29.84 E.07652
G1 X6.541 Y29.84 E.1375
G1 X12.317 Y24.064 E.27097
G1 X12.317 Y25.692 E.05401
G1 X.767 Y29.84 F30000
G1 F16200
G1 X2.396 Y29.84 E.05401
G1 X12.317 Y19.919 E.46542
G1 X12.317 Y15.774 E.1375
G1 X-1.749 Y29.84 E.65987
G1 X-5.895 Y29.84 E.1375
G1 X12.317 Y11.629 E.85432
G1 X12.317 Y7.484 E.1375
G1 X-10.04 Y29.84 E1.04877
G1 X-14.185 Y29.84 E.1375
G1 X12.317 Y3.339 E1.24322
G1 X8.172 Y3.339 E.1375
G1 X-14.185 Y25.695 E1.04877
G1 X-14.185 Y21.55 E.1375
G1 X4.027 Y3.339 E.85432
G1 X-.118 Y3.339 E.1375
G1 X-14.185 Y17.405 E.65987
G1 X-14.185 Y13.26 E.1375
G1 X-4.263 Y3.339 E.46542
G1 X-8.408 Y3.339 E.1375
G1 X-14.185 Y9.115 E.27097
G1 X-14.185 Y4.97 E.1375
G1 X-12.553 Y3.339 E.07652
G1 X-10.925 Y3.339 E.05401
G1 X15.529 Y-1.925 F30000
SET_VELOCITY_LIMIT ACCEL=7000
;TYPE:Internal solid infill
;WIDTH:0.420561
G1 F15000
G1 X17.411 Y-.043 E.08189
G1 X17.411 Y.491 E.01643
G1 X15.165 Y-1.755 E.09775
G1 X14.631 Y-1.755 E.01643
G1 X17.411 Y1.025 E.12099
G1 X17.411 Y1.559 E.01643
G1 X14.097 Y-1.755 E.14423
G1 X13.563 Y-1.755 E.01643
G1 X17.411 Y2.093 E.16747
G1 X17.411 Y2.627 E.01643
G1 X13.029 Y-1.755 E.19072
G1 X12.495 Y-1.755 E.01643
G1 X17.411 Y3.161 E.21396
G1 X17.411 Y3.695 E.01643
G1 X11.96 Y-1.755 E.2372
G1 X11.426 Y-1.755 E.01643
G1 X17.411 Y4.229 E.26044
G1 X17.411 Y4.763 E.01643
G1 X10.892 Y-1.755 E.28368
G1 X10.358 Y-1.755 E.01643
G1 X17.411 Y5.297 E.30693
G1 X17.411 Y5.831 E.01643
G1 X9.824 Y-1.755 E.33017
G1 X9.29 Y-1.755 E.01643
G1 X17.411 Y6.365 E.35341
G1 X17.411 Y6.899 E.01643
G1 X8.756 Y-1.755 E.37665
G1 X8.222 Y-1.755 E.01643
G1 X17.411 Y7.434 E.3999
G1 X17.411 Y7.968 E.01643
G1 X7.688 Y-1.755 E.42314
G1 X7.154 Y-1.755 E.01643
G1 X11.856 Y2.947 E.20463
G1 X11.322 Y2.947 E.01643
G1 X6.62 Y-1.755 E.20463
G1 X6.086 Y-1.755 E.01643
G1 X10.788 Y2.947 E.20463
G1 X10.254 Y2.947 E.01643
G1 X5.552 Y-1.755 E.20463
G1 X5.018 Y-1.755 E.01643
G1 X9.72 Y2.947 E.20463
G1 X9.186 Y2.947 E.01643
G1 X4.484 Y-1.755 E.20463
G1 X3.949 Y-1.755 E.01643
G1 X8.652 Y2.947 E.20463
G1 X8.118 Y2.947 E.01643
G1 X3.415 Y-1.755 E.20463
G1 X2.881 Y-1.755 E.01643
G1 X7.583 Y2.947 E.20463
G1 X7.049 Y2.947 E.01643
G1 X2.347 Y-1.755 E.20463
G1 X1.813 Y-1.755 E.01643
G1 X6.515 Y2.947 E.20463
G1 X5.981 Y2.947 E.01643
G1 X1.279 Y-1.755 E.20463
G1 X.745 Y-1.755 E.01643
G1 X5.447 Y2.947 E.20463
G1 X4.913 Y2.947 E.01643
G1 X.211 Y-1.755 E.20463
G1 X-.323 Y-1.755 E.01643
G1 X4.379 Y2.947 E.20463
G1 X3.845 Y2.947 E.01643
G1 X-.857 Y-1.755 E.20463
G1 X-1.391 Y-1.755 E.01643
M73 P51 R9
G1 X3.311 Y2.947 E.20463
G1 X2.777 Y2.947 E.01643
G1 X-1.925 Y-1.755 E.20463
G1 X-2.459 Y-1.755 E.01643
G1 X2.243 Y2.947 E.20463
G1 X1.709 Y2.947 E.01643
G1 X-2.993 Y-1.755 E.20463
G1 X-3.527 Y-1.755 E.01643
G1 X1.175 Y2.947 E.20463
G1 X.641 Y2.947 E.01643
G1 X-4.062 Y-1.755 E.20463
G1 X-4.596 Y-1.755 E.01643
G1 X.107 Y2.947 E.20463
G1 X-.428 Y2.947 E.01643
G1 X-5.13 Y-1.755 E.20463
G1 X-5.664 Y-1.755 E.01643
G1 X-.962 Y2.947 E.20463
G1 X-1.496 Y2.947 E.01643
G1 X-6.198 Y-1.755 E.20463
G1 X-6.732 Y-1.755 E.01643
G1 X-2.03 Y2.947 E.20463
G1 X-2.564 Y2.947 E.01643
G1 X-7.266 Y-1.755 E.20463
G1 X-7.8 Y-1.755 E.01643
G1 X-3.098 Y2.947 E.20463
G1 X-3.632 Y2.947 E.01643
G1 X-8.334 Y-1.755 E.20463
G1 X-8.868 Y-1.755 E.01643
G1 X-4.166 Y2.947 E.20463
G1 X-4.7 Y2.947 E.01643
G1 X-9.402 Y-1.755 E.20463
G1 X-9.936 Y-1.755 E.01643
G1 X-5.234 Y2.947 E.20463
G1 X-5.768 Y2.947 E.01643
G1 X-10.47 Y-1.755 E.20463
G1 X-11.004 Y-1.755 E.01643
G1 X-6.302 Y2.947 E.20463
G1 X-6.836 Y2.947 E.01643
G1 X-11.538 Y-1.755 E.20463
G1 X-12.072 Y-1.755 E.01643
G1 X-7.37 Y2.947 E.20463
G1 X-7.904 Y2.947 E.01643
G1 X-12.607 Y-1.755 E.20463
G1 X-13.141 Y-1.755 E.01643
G1 X-8.438 Y2.947 E.20463
G1 X-8.973 Y2.947 E.01643
G1 X-13.675 Y-1.755 E.20463
G1 X-14.209 Y-1.755 E.01643
G1 X-9.507 Y2.947 E.20463
G1 X-10.041 Y2.947 E.01643
G1 X-14.743 Y-1.755 E.20463
G1 X-15.277 Y-1.755 E.01643
G1 X-10.575 Y2.947 E.20463
G1 X-11.109 Y2.947 E.01643
G1 X-15.811 Y-1.755 E.20463
G1 X-16.345 Y-1.755 E.01643
G1 X-11.643 Y2.947 E.20463
G1 X-12.177 Y2.947 E.01643
G1 X-16.879 Y-1.755 E.20463
G1 X-17.413 Y-1.755 E.01643
G1 X-12.711 Y2.947 E.20463
G1 X-13.245 Y2.947 E.01643
G1 X-17.947 Y-1.755 E.20463
G1 X-18.481 Y-1.755 E.01643
G1 X-13.779 Y2.947 E.20463
G1 X-14.313 Y2.947 E.01643
G1 X-19.015 Y-1.755 E.20463
G1 X-19.279 Y-1.755 E.00811
G1 X-19.279 Y-1.485 E.00833
G1 X-14.577 Y3.217 E.20463
G1 X-14.577 Y3.751 E.01643
G1 X-19.279 Y-.951 E.20463
G1 X-19.279 Y-.417 E.01643
G1 X-14.577 Y4.286 E.20463
G1 X-14.577 Y4.82 E.01643
G1 X-19.279 Y.117 E.20463
G1 X-19.279 Y.652 E.01643
G1 X-14.577 Y5.354 E.20463
G1 X-14.577 Y5.888 E.01643
G1 X-19.279 Y1.186 E.20463
G1 X-19.279 Y1.72 E.01643
G1 X-14.577 Y6.422 E.20463
G1 X-14.577 Y6.956 E.01643
G1 X-19.279 Y2.254 E.20463
G1 X-19.279 Y2.788 E.01643
G1 X-14.577 Y7.49 E.20463
G1 X-14.577 Y8.024 E.01643
G1 X-19.279 Y3.322 E.20463
G1 X-19.279 Y3.856 E.01643
G1 X-14.577 Y8.558 E.20463
G1 X-14.577 Y9.092 E.01643
G1 X-19.279 Y4.39 E.20463
G1 X-19.279 Y4.924 E.01643
G1 X-14.577 Y9.626 E.20463
G1 X-14.577 Y10.16 E.01643
G1 X-19.279 Y5.458 E.20463
G1 X-19.279 Y5.992 E.01643
G1 X-14.577 Y10.694 E.20463
G1 X-14.577 Y11.228 E.01643
G1 X-19.279 Y6.526 E.20463
G1 X-19.279 Y7.06 E.01643
G1 X-14.577 Y11.762 E.20463
G1 X-14.577 Y12.297 E.01643
G1 X-19.279 Y7.594 E.20463
G1 X-19.279 Y8.128 E.01643
G1 X-14.577 Y12.831 E.20463
G1 X-14.577 Y13.365 E.01643
G1 X-19.279 Y8.663 E.20463
G1 X-19.279 Y9.197 E.01643
G1 X-14.577 Y13.899 E.20463
G1 X-14.577 Y14.433 E.01643
G1 X-19.279 Y9.731 E.20463
G1 X-19.279 Y10.265 E.01643
G1 X-14.577 Y14.967 E.20463
G1 X-14.577 Y15.501 E.01643
G1 X-19.279 Y10.799 E.20463
G1 X-19.279 Y11.333 E.01643
G1 X-14.577 Y16.035 E.20463
G1 X-14.577 Y16.569 E.01643
G1 X-19.279 Y11.867 E.20463
G1 X-19.279 Y12.401 E.01643
G1 X-14.577 Y17.103 E.20463
G1 X-14.577 Y17.637 E.01643
G1 X-19.279 Y12.935 E.20463
G1 X-19.279 Y13.469 E.01643
G1 X-14.577 Y18.171 E.20463
G1 X-14.577 Y18.705 E.01643
G1 X-19.279 Y14.003 E.20463
G1 X-19.279 Y14.537 E.01643
G1 X-14.577 Y19.239 E.20463
G1 X-14.577 Y19.773 E.01643
G1 X-19.279 Y15.071 E.20463
G1 X-19.279 Y15.605 E.01643
G1 X-14.577 Y20.307 E.20463
G1 X-14.577 Y20.842 E.01643
G1 X-19.279 Y16.139 E.20463
G1 X-19.279 Y16.673 E.01643
G1 X-14.577 Y21.376 E.20463
G1 X-14.577 Y21.91 E.01643
G1 X-19.279 Y17.208 E.20463
G1 X-19.279 Y17.742 E.01643
G1 X-14.577 Y22.444 E.20463
G1 X-14.577 Y22.978 E.01643
G1 X-19.279 Y18.276 E.20463
G1 X-19.279 Y18.81 E.01643
G1 X-14.577 Y23.512 E.20463
G1 X-14.577 Y24.046 E.01643
G1 X-19.279 Y19.344 E.20463
G1 X-19.279 Y19.878 E.01643
G1 X-14.577 Y24.58 E.20463
G1 X-14.577 Y25.114 E.01643
G1 X-19.279 Y20.412 E.20463
G1 X-19.279 Y20.946 E.01643
G1 X-14.577 Y25.648 E.20463
G1 X-14.577 Y26.182 E.01643
G1 X-19.279 Y21.48 E.20463
G1 X-19.279 Y22.014 E.01643
G1 X-14.577 Y26.716 E.20463
G1 X-14.577 Y27.25 E.01643
G1 X-19.279 Y22.548 E.20463
G1 X-19.279 Y23.082 E.01643
G1 X-14.577 Y27.784 E.20463
G1 X-14.577 Y28.318 E.01643
G1 X-19.279 Y23.616 E.20463
G1 X-19.279 Y24.15 E.01643
G1 X-14.577 Y28.853 E.20463
G1 X-14.577 Y29.387 E.01643
G1 X-19.448 Y24.515 E.21202
SET_VELOCITY_LIMIT ACCEL=10000
G1 X12.539 Y3.63 F30000
SET_VELOCITY_LIMIT ACCEL=7000
G1 F15000
G1 X17.411 Y8.502 E.21202
G1 X17.411 Y9.036 E.01643
G1 X12.709 Y4.334 E.20463
G1 X12.709 Y4.868 E.01643
G1 X17.411 Y9.57 E.20463
G1 X17.411 Y10.104 E.01643
G1 X12.709 Y5.402 E.20463
G1 X12.709 Y5.936 E.01643
G1 X17.411 Y10.638 E.20463
G1 X17.411 Y11.172 E.01643
G1 X12.709 Y6.47 E.20463
G1 X12.709 Y7.004 E.01643
G1 X17.411 Y11.706 E.20463
G1 X17.411 Y12.24 E.01643
G1 X12.709 Y7.538 E.20463
G1 X12.709 Y8.072 E.01643
G1 X17.411 Y12.774 E.20463
G1 X17.411 Y13.308 E.01643
G1 X12.709 Y8.606 E.20463
G1 X12.709 Y9.14 E.01643
G1 X17.411 Y13.842 E.20463
G1 X17.411 Y14.376 E.01643
G1 X12.709 Y9.674 E.20463
G1 X12.709 Y10.208 E.01643
G1 X17.411 Y14.91 E.20463
G1 X17.411 Y15.445 E.01643
G1 X12.709 Y10.742 E.20463
G1 X12.709 Y11.276 E.01643
G1 X17.411 Y15.979 E.20463
G1 X17.411 Y16.513 E.01643
G1 X12.709 Y11.811 E.20463
G1 X12.709 Y12.345 E.01643
G1 X17.411 Y17.047 E.20463
G1 X17.411 Y17.581 E.01643
G1 X12.709 Y12.879 E.20463
G1 X12.709 Y13.413 E.01643
G1 X17.411 Y18.115 E.20463
G1 X17.411 Y18.649 E.01643
G1 X12.709 Y13.947 E.20463
G1 X12.709 Y14.481 E.01643
G1 X17.411 Y19.183 E.20463
G1 X17.411 Y19.717 E.01643
G1 X12.709 Y15.015 E.20463
G1 X12.709 Y15.549 E.01643
G1 X17.411 Y20.251 E.20463
G1 X17.411 Y20.785 E.01643
G1 X12.709 Y16.083 E.20463
G1 X12.709 Y16.617 E.01643
G1 X17.411 Y21.319 E.20463
G1 X17.411 Y21.853 E.01643
G1 X12.709 Y17.151 E.20463
G1 X12.709 Y17.685 E.01643
G1 X17.411 Y22.387 E.20463
G1 X17.411 Y22.921 E.01643
G1 X12.709 Y18.219 E.20463
G1 X12.709 Y18.753 E.01643
G1 X17.411 Y23.455 E.20463
G1 X17.411 Y23.99 E.01643
G1 X12.709 Y19.287 E.20463
G1 X12.709 Y19.821 E.01643
G1 X17.411 Y24.524 E.20463
G1 X17.411 Y25.058 E.01643
G1 X12.709 Y20.356 E.20463
G1 X12.709 Y20.89 E.01643
G1 X17.411 Y25.592 E.20463
G1 X17.411 Y26.126 E.01643
G1 X12.709 Y21.424 E.20463
G1 X12.709 Y21.958 E.01643
G1 X17.411 Y26.66 E.20463
G1 X17.411 Y27.194 E.01643
G1 X12.709 Y22.492 E.20463
G1 X12.709 Y23.026 E.01643
G1 X17.411 Y27.728 E.20463
G1 X17.411 Y28.262 E.01643
G1 X12.709 Y23.56 E.20463
G1 X12.709 Y24.094 E.01643
G1 X17.411 Y28.796 E.20463
G1 X17.411 Y29.33 E.01643
G1 X12.709 Y24.628 E.20463
G1 X12.709 Y25.162 E.01643
G1 X17.411 Y29.864 E.20463
G1 X17.411 Y30.398 E.01643
G1 X12.709 Y25.696 E.20463
G1 X12.709 Y26.23 E.01643
G1 X17.411 Y30.932 E.20463
G1 X17.411 Y31.466 E.01643
G1 X12.709 Y26.764 E.20463
G1 X12.709 Y27.298 E.01643
G1 X17.411 Y32.001 E.20463
G1 X17.411 Y32.535 E.01643
G1 X12.709 Y27.832 E.20463
G1 X12.709 Y28.367 E.01643
G1 X17.411 Y33.069 E.20463
G1 X17.411 Y33.603 E.01643
G1 X12.709 Y28.901 E.20463
G1 X12.709 Y29.435 E.01643
G1 X17.411 Y34.137 E.20463
G1 X17.411 Y34.671 E.01643
G1 X12.709 Y29.969 E.20463
G1 X12.709 Y30.029 E.00185
G1 X12.506 Y30.232 E.00884
G1 X12.438 Y30.232 E.00208
G1 X17.14 Y34.934 E.20463
G1 X16.606 Y34.934 E.01643
G1 X11.904 Y30.232 E.20463
G1 X11.37 Y30.232 E.01643
G1 X16.072 Y34.934 E.20463
G1 X15.538 Y34.934 E.01643
G1 X10.836 Y30.232 E.20463
G1 X10.302 Y30.232 E.01643
G1 X15.004 Y34.934 E.20463
G1 X14.47 Y34.934 E.01643
G1 X9.768 Y30.232 E.20463
G1 X9.234 Y30.232 E.01643
G1 X13.936 Y34.934 E.20463
G1 X13.402 Y34.934 E.01643
G1 X8.7 Y30.232 E.20463
G1 X8.166 Y30.232 E.01643
G1 X12.868 Y34.934 E.20463
G1 X12.334 Y34.934 E.01643
G1 X7.632 Y30.232 E.20463
G1 X7.097 Y30.232 E.01643
G1 X11.8 Y34.934 E.20463
G1 X11.266 Y34.934 E.01643
G1 X6.563 Y30.232 E.20463
G1 X6.029 Y30.232 E.01643
G1 X10.731 Y34.934 E.20463
G1 X10.197 Y34.934 E.01643
G1 X5.495 Y30.232 E.20463
G1 X4.961 Y30.232 E.01643
G1 X9.663 Y34.934 E.20463
G1 X9.129 Y34.934 E.01643
G1 X4.427 Y30.232 E.20463
G1 X3.893 Y30.232 E.01643
G1 X8.595 Y34.934 E.20463
G1 X8.061 Y34.934 E.01643
G1 X3.359 Y30.232 E.20463
G1 X2.825 Y30.232 E.01643
M73 P52 R9
G1 X7.527 Y34.934 E.20463
G1 X6.993 Y34.934 E.01643
G1 X2.291 Y30.232 E.20463
G1 X1.757 Y30.232 E.01643
G1 X6.459 Y34.934 E.20463
G1 X5.925 Y34.934 E.01643
G1 X1.223 Y30.232 E.20463
G1 X.689 Y30.232 E.01643
G1 X5.391 Y34.934 E.20463
G1 X4.857 Y34.934 E.01643
G1 X.155 Y30.232 E.20463
G1 X-.379 Y30.232 E.01643
G1 X4.323 Y34.934 E.20463
G1 X3.789 Y34.934 E.01643
G1 X-.914 Y30.232 E.20463
G1 X-1.448 Y30.232 E.01643
G1 X3.255 Y34.934 E.20463
G1 X2.72 Y34.934 E.01643
G1 X-1.982 Y30.232 E.20463
G1 X-2.516 Y30.232 E.01643
G1 X2.186 Y34.934 E.20463
G1 X1.652 Y34.934 E.01643
G1 X-3.05 Y30.232 E.20463
G1 X-3.584 Y30.232 E.01643
G1 X1.118 Y34.934 E.20463
G1 X.584 Y34.934 E.01643
G1 X-4.118 Y30.232 E.20463
G1 X-4.652 Y30.232 E.01643
G1 X.05 Y34.934 E.20463
G1 X-.484 Y34.934 E.01643
G1 X-5.186 Y30.232 E.20463
G1 X-5.72 Y30.232 E.01643
G1 X-1.018 Y34.934 E.20463
G1 X-1.552 Y34.934 E.01643
G1 X-6.254 Y30.232 E.20463
G1 X-6.788 Y30.232 E.01643
G1 X-2.086 Y34.934 E.20463
G1 X-2.62 Y34.934 E.01643
G1 X-7.322 Y30.232 E.20463
G1 X-7.856 Y30.232 E.01643
G1 X-3.154 Y34.934 E.20463
G1 X-3.688 Y34.934 E.01643
G1 X-8.39 Y30.232 E.20463
G1 X-8.924 Y30.232 E.01643
G1 X-4.222 Y34.934 E.20463
G1 X-4.756 Y34.934 E.01643
G1 X-9.459 Y30.232 E.20463
G1 X-9.993 Y30.232 E.01643
G1 X-5.29 Y34.934 E.20463
G1 X-5.825 Y34.934 E.01643
G1 X-10.527 Y30.232 E.20463
G1 X-11.061 Y30.232 E.01643
G1 X-6.359 Y34.934 E.20463
G1 X-6.893 Y34.934 E.01643
G1 X-11.595 Y30.232 E.20463
G1 X-12.129 Y30.232 E.01643
G1 X-7.427 Y34.934 E.20463
G1 X-7.961 Y34.934 E.01643
G1 X-12.663 Y30.232 E.20463
G1 X-13.197 Y30.232 E.01643
G1 X-8.495 Y34.934 E.20463
G1 X-9.029 Y34.934 E.01643
G1 X-13.901 Y30.062 E.21202
SET_VELOCITY_LIMIT ACCEL=10000
G1 X-9.393 Y35.104 F30000
SET_VELOCITY_LIMIT ACCEL=7000
G1 F15000
G1 X-19.279 Y25.219 E.43021
G1 X-19.279 Y25.753 E.01643
G1 X-10.097 Y34.934 E.39958
G1 X-10.631 Y34.934 E.01643
G1 X-19.279 Y26.287 E.37634
G1 X-19.279 Y26.821 E.01643
G1 X-11.165 Y34.934 E.3531
G1 X-11.699 Y34.934 E.01643
G1 X-19.279 Y27.355 E.32986
G1 X-19.279 Y27.889 E.01643
G1 X-12.233 Y34.934 E.30661
G1 X-12.767 Y34.934 E.01643
G1 X-19.279 Y28.423 E.28337
G1 X-19.279 Y28.957 E.01643
G1 X-13.301 Y34.934 E.26013
G1 X-13.836 Y34.934 E.01643
G1 X-19.279 Y29.491 E.23689
G1 X-19.279 Y30.025 E.01643
G1 X-14.37 Y34.934 E.21364
G1 X-14.904 Y34.934 E.01643
G1 X-19.279 Y30.559 E.1904
G1 X-19.279 Y31.093 E.01643
G1 X-15.438 Y34.934 E.16716
G1 X-15.972 Y34.934 E.01643
G1 X-19.279 Y31.627 E.14392
G1 X-19.279 Y32.161 E.01643
G1 X-16.506 Y34.934 E.12067
G1 X-17.04 Y34.934 E.01643
G1 X-19.279 Y32.695 E.09743
G1 X-19.279 Y33.23 E.01643
G1 X-17.574 Y34.934 E.07419
G1 X-18.108 Y34.934 E.01643
G1 X-19.279 Y33.764 E.05095
G1 X-19.279 Y34.298 E.01643
G1 X-18.472 Y35.104 E.03509
SET_VELOCITY_LIMIT ACCEL=10000
G1 X16.445 Y-1.531 F30000
SET_VELOCITY_LIMIT ACCEL=7000
;WIDTH:0.477338
G1 F15000
G1 X17.186 Y-.789 E.03713
G1 X17.186 Y-1.531 E.02625
G1 X16.485 Y-1.531 E.02484
;LAYER_CHANGE
;Z:9.6
;HEIGHT:0.200001
;BEFORE_LAYER_CHANGE
;9.6
G1 E-.8 F2100
;WIPE_START
G1 F15000
G1 X17.186 Y-1.531
G1 X17.186 Y-.789
G1 X16.792 Y-1.183
;WIPE_END
;AFTER_LAYER_CHANGE
;9.6
;_SET_FAN_SPEED_CHANGING_LAYER
SET_VELOCITY_LIMIT ACCEL=10000
G1 F30000
G1 X16.6658 Y-0.614224 Z9.63077
G1 X16.2894 Y-0.169682 Z9.66154
G1 X15.7495 Y0.049028 Z9.69231
G1 X15.1699 Y-0.00819837 Z9.72308
G1 X14.6832 Y-0.328251 Z9.75385
G1 X14.401 Y-0.837809 Z9.78462
G1 X14.3879 Y-1.42014 Z9.81538
G1 X14.647 Y-1.94184 Z9.84615
G1 X15.1188 Y-2.28339 Z9.87692
G1 X15.6953 Y-2.36655 Z9.90769
G1 X16.2445 Y-2.17226 Z9.93846
G1 X16.6404 Y-1.74504 Z9.96923
G1 X16.7924 Y-1.18276 Z10
G1 X17.607 Y35.13 Z10
G1 Z9.6
G1 E.8 F2100
SET_VELOCITY_LIMIT ACCEL=5000
;TYPE:Inner wall
;WIDTH:0.45
G1 F18000
G1 X-19.475 Y35.13 E1.23007
G1 X-19.475 Y-1.951 E1.23007
G1 X17.607 Y-1.951 E1.23007
G1 X17.607 Y35.09 E1.22874
SET_VELOCITY_LIMIT ACCEL=10000
G1 X18.014 Y35.537 F30000
SET_VELOCITY_LIMIT ACCEL=5000
G1 F18000
G1 X-19.882 Y35.537 E1.25707
G1 X-19.882 Y-2.358 E1.25707
G1 X18.014 Y-2.358 E1.25707
G1 X18.014 Y35.497 E1.25575
SET_VELOCITY_LIMIT ACCEL=10000
G1 X18.421 Y35.944 F30000
SET_VELOCITY_LIMIT ACCEL=5000
G1 F18000
G1 X-20.289 Y35.944 E1.28408
G1 X-20.289 Y-2.766 E1.28408
G1 X18.421 Y-2.766 E1.28408
G1 X18.421 Y35.904 E1.28275
G1 X18.856 Y36.379 F30000
;TYPE:Outer wall
;WIDTH:0.42
G1 F12000
G1 X-20.724 Y36.379 E1.21618
G1 X-20.724 Y-3.201 E1.21618
G1 X18.856 Y-3.201 E1.21618
G1 X18.856 Y36.339 E1.21495
SET_VELOCITY_LIMIT ACCEL=10000
G1 E-.8 F2100
;WIPE_START
G1 F12000
G1 X16.856 Y36.341
;WIPE_END
G1 X16.445 Y34.71 Z10 F30000
G1 Z9.6
G1 E.8 F2100
M73 P52 R8
SET_VELOCITY_LIMIT ACCEL=7000
;TYPE:Internal solid infill
;WIDTH:0.477332
G1 F15000
G1 X17.186 Y34.71 E.02625
G1 X17.186 Y33.968 E.02625
G1 X16.473 Y34.681 E.03571
SET_VELOCITY_LIMIT ACCEL=10000
G1 X15.529 Y35.104 F30000
SET_VELOCITY_LIMIT ACCEL=7000
;WIDTH:0.420561
G1 F15000
G1 X17.411 Y33.222 E.08189
G1 X17.411 Y32.688 E.01643
G1 X15.165 Y34.934 E.09774
G1 X14.631 Y34.934 E.01643
G1 X17.411 Y32.154 E.12099
G1 X17.411 Y31.62 E.01643
G1 X14.097 Y34.934 E.14423
G1 X13.563 Y34.934 E.01643
G1 X17.411 Y31.086 E.16747
G1 X17.411 Y30.552 E.01643
G1 X13.029 Y34.934 E.19071
G1 X12.495 Y34.934 E.01643
G1 X17.411 Y30.018 E.21396
G1 X17.411 Y29.484 E.01643
G1 X11.96 Y34.934 E.2372
G1 X11.426 Y34.934 E.01643
G1 X17.411 Y28.95 E.26044
G1 X17.411 Y28.416 E.01643
G1 X10.892 Y34.934 E.28368
G1 X10.358 Y34.934 E.01643
G1 X17.411 Y27.882 E.30693
G1 X17.411 Y27.348 E.01643
G1 X9.824 Y34.934 E.33017
G1 X9.29 Y34.934 E.01643
G1 X17.411 Y26.814 E.35341
G1 X17.411 Y26.279 E.01643
G1 X8.756 Y34.934 E.37665
G1 X8.222 Y34.934 E.01643
G1 X17.411 Y25.745 E.39989
G1 X17.411 Y25.211 E.01643
G1 X7.688 Y34.934 E.42314
G1 X7.154 Y34.934 E.01643
G1 X11.856 Y30.232 E.20463
G1 X11.322 Y30.232 E.01643
G1 X6.62 Y34.934 E.20463
G1 X6.086 Y34.934 E.01643
G1 X10.788 Y30.232 E.20463
G1 X10.254 Y30.232 E.01643
G1 X5.552 Y34.934 E.20463
G1 X5.018 Y34.934 E.01643
G1 X9.72 Y30.232 E.20463
G1 X9.186 Y30.232 E.01643
G1 X4.484 Y34.934 E.20463
G1 X3.949 Y34.934 E.01643
G1 X8.652 Y30.232 E.20463
G1 X8.118 Y30.232 E.01643
G1 X3.415 Y34.934 E.20463
G1 X2.881 Y34.934 E.01643
G1 X7.583 Y30.232 E.20463
G1 X7.049 Y30.232 E.01643
G1 X2.347 Y34.934 E.20463
G1 X1.813 Y34.934 E.01643
G1 X6.515 Y30.232 E.20463
G1 X5.981 Y30.232 E.01643
G1 X1.279 Y34.934 E.20463
G1 X.745 Y34.934 E.01643
G1 X5.447 Y30.232 E.20463
G1 X4.913 Y30.232 E.01643
G1 X.211 Y34.934 E.20463
G1 X-.323 Y34.934 E.01643
G1 X4.379 Y30.232 E.20463
G1 X3.845 Y30.232 E.01643
G1 X-.857 Y34.934 E.20463
G1 X-1.391 Y34.934 E.01643
G1 X3.311 Y30.232 E.20463
G1 X2.777 Y30.232 E.01643
G1 X-1.925 Y34.934 E.20463
G1 X-2.459 Y34.934 E.01643
G1 X2.243 Y30.232 E.20463
G1 X1.709 Y30.232 E.01643
G1 X-2.993 Y34.934 E.20463
G1 X-3.527 Y34.934 E.01643
G1 X1.175 Y30.232 E.20463
G1 X.641 Y30.232 E.01643
G1 X-4.061 Y34.934 E.20463
G1 X-4.596 Y34.934 E.01643
G1 X.107 Y30.232 E.20463
G1 X-.428 Y30.232 E.01643
G1 X-5.13 Y34.934 E.20463
G1 X-5.664 Y34.934 E.01643
G1 X-.962 Y30.232 E.20463
G1 X-1.496 Y30.232 E.01643
G1 X-6.198 Y34.934 E.20463
G1 X-6.732 Y34.934 E.01643
G1 X-2.03 Y30.232 E.20463
G1 X-2.564 Y30.232 E.01643
G1 X-7.266 Y34.934 E.20463
G1 X-7.8 Y34.934 E.01643
G1 X-3.098 Y30.232 E.20463
G1 X-3.632 Y30.232 E.01643
G1 X-8.334 Y34.934 E.20463
G1 X-8.868 Y34.934 E.01643
G1 X-4.166 Y30.232 E.20463
G1 X-4.7 Y30.232 E.01643
M73 P53 R8
G1 X-9.402 Y34.934 E.20463
G1 X-9.936 Y34.934 E.01643
G1 X-5.234 Y30.232 E.20463
G1 X-5.768 Y30.232 E.01643
G1 X-10.47 Y34.934 E.20463
G1 X-11.004 Y34.934 E.01643
G1 X-6.302 Y30.232 E.20463
G1 X-6.836 Y30.232 E.01643
G1 X-11.538 Y34.934 E.20463
G1 X-12.072 Y34.934 E.01643
G1 X-7.37 Y30.232 E.20463
G1 X-7.904 Y30.232 E.01643
G1 X-12.607 Y34.934 E.20463
G1 X-13.141 Y34.934 E.01643
G1 X-8.438 Y30.232 E.20463
G1 X-8.973 Y30.232 E.01643
G1 X-13.675 Y34.934 E.20463
G1 X-14.209 Y34.934 E.01643
G1 X-9.507 Y30.232 E.20463
G1 X-10.041 Y30.232 E.01643
G1 X-14.743 Y34.934 E.20463
G1 X-15.277 Y34.934 E.01643
G1 X-10.575 Y30.232 E.20463
G1 X-11.109 Y30.232 E.01643
G1 X-15.811 Y34.934 E.20463
G1 X-16.345 Y34.934 E.01643
G1 X-11.643 Y30.232 E.20463
G1 X-12.177 Y30.232 E.01643
G1 X-16.879 Y34.934 E.20463
G1 X-17.413 Y34.934 E.01643
G1 X-12.711 Y30.232 E.20463
G1 X-13.245 Y30.232 E.01643
G1 X-17.947 Y34.934 E.20463
G1 X-18.481 Y34.934 E.01643
G1 X-13.779 Y30.232 E.20463
G1 X-14.313 Y30.232 E.01643
G1 X-19.015 Y34.934 E.20463
G1 X-19.279 Y34.934 E.00811
G1 X-19.279 Y34.664 E.00833
G1 X-14.577 Y29.962 E.20463
G1 X-14.577 Y29.427 E.01643
G1 X-19.279 Y34.13 E.20463
G1 X-19.279 Y33.596 E.01643
G1 X-14.577 Y28.893 E.20463
G1 X-14.577 Y28.359 E.01643
G1 X-19.279 Y33.061 E.20463
G1 X-19.279 Y32.527 E.01643
G1 X-14.577 Y27.825 E.20463
G1 X-14.577 Y27.291 E.01643
G1 X-19.279 Y31.993 E.20463
G1 X-19.279 Y31.459 E.01643
G1 X-14.577 Y26.757 E.20463
G1 X-14.577 Y26.223 E.01643
G1 X-19.279 Y30.925 E.20463
G1 X-19.279 Y30.391 E.01643
G1 X-14.577 Y25.689 E.20463
G1 X-14.577 Y25.155 E.01643
G1 X-19.279 Y29.857 E.20463
G1 X-19.279 Y29.323 E.01643
G1 X-14.577 Y24.621 E.20463
G1 X-14.577 Y24.087 E.01643
G1 X-19.279 Y28.789 E.20463
G1 X-19.279 Y28.255 E.01643
G1 X-14.577 Y23.553 E.20463
G1 X-14.577 Y23.019 E.01643
G1 X-19.279 Y27.721 E.20463
G1 X-19.279 Y27.187 E.01643
G1 X-14.577 Y22.485 E.20463
G1 X-14.577 Y21.951 E.01643
G1 X-19.279 Y26.653 E.20463
G1 X-19.279 Y26.119 E.01643
G1 X-14.577 Y21.416 E.20463
G1 X-14.577 Y20.882 E.01643
G1 X-19.279 Y25.585 E.20463
G1 X-19.279 Y25.05 E.01643
G1 X-14.577 Y20.348 E.20463
G1 X-14.577 Y19.814 E.01643
G1 X-19.279 Y24.516 E.20463
G1 X-19.279 Y23.982 E.01643
G1 X-14.577 Y19.28 E.20463
G1 X-14.577 Y18.746 E.01643
G1 X-19.279 Y23.448 E.20463
G1 X-19.279 Y22.914 E.01643
G1 X-14.577 Y18.212 E.20463
G1 X-14.577 Y17.678 E.01643
G1 X-19.279 Y22.38 E.20463
G1 X-19.279 Y21.846 E.01643
G1 X-14.577 Y17.144 E.20463
G1 X-14.577 Y16.61 E.01643
G1 X-19.279 Y21.312 E.20463
G1 X-19.279 Y20.778 E.01643
G1 X-14.577 Y16.076 E.20463
G1 X-14.577 Y15.542 E.01643
G1 X-19.279 Y20.244 E.20463
G1 X-19.279 Y19.71 E.01643
G1 X-14.577 Y15.008 E.20463
G1 X-14.577 Y14.474 E.01643
G1 X-19.279 Y19.176 E.20463
G1 X-19.279 Y18.642 E.01643
G1 X-14.577 Y13.94 E.20463
G1 X-14.577 Y13.406 E.01643
G1 X-19.279 Y18.108 E.20463
G1 X-19.279 Y17.574 E.01643
G1 X-14.577 Y12.871 E.20463
G1 X-14.577 Y12.337 E.01643
G1 X-19.279 Y17.039 E.20463
G1 X-19.279 Y16.505 E.01643
G1 X-14.577 Y11.803 E.20463
G1 X-14.577 Y11.269 E.01643
G1 X-19.279 Y15.971 E.20463
G1 X-19.279 Y15.437 E.01643
G1 X-14.577 Y10.735 E.20463
G1 X-14.577 Y10.201 E.01643
G1 X-19.279 Y14.903 E.20463
G1 X-19.279 Y14.369 E.01643
G1 X-14.577 Y9.667 E.20463
G1 X-14.577 Y9.133 E.01643
G1 X-19.279 Y13.835 E.20463
G1 X-19.279 Y13.301 E.01643
G1 X-14.577 Y8.599 E.20463
G1 X-14.577 Y8.065 E.01643
G1 X-19.279 Y12.767 E.20463
G1 X-19.279 Y12.233 E.01643
G1 X-14.577 Y7.531 E.20463
G1 X-14.577 Y6.997 E.01643
G1 X-19.279 Y11.699 E.20463
G1 X-19.279 Y11.165 E.01643
G1 X-14.577 Y6.463 E.20463
G1 X-14.577 Y5.929 E.01643
G1 X-19.279 Y10.631 E.20463
G1 X-19.279 Y10.097 E.01643
G1 X-14.577 Y5.395 E.20463
G1 X-14.577 Y4.86 E.01643
G1 X-19.279 Y9.563 E.20463
G1 X-19.279 Y9.029 E.01643
G1 X-14.577 Y4.326 E.20463
G1 X-14.577 Y3.792 E.01643
G1 X-19.448 Y8.664 E.21202
SET_VELOCITY_LIMIT ACCEL=10000
G1 X12.539 Y29.549 F30000
SET_VELOCITY_LIMIT ACCEL=7000
G1 F15000
G1 X17.411 Y24.677 E.21202
G1 X17.411 Y24.143 E.01643
G1 X12.709 Y28.845 E.20463
G1 X12.709 Y28.311 E.01643
G1 X17.411 Y23.609 E.20463
G1 X17.411 Y23.075 E.01643
G1 X12.709 Y27.777 E.20463
G1 X12.709 Y27.243 E.01643
G1 X17.411 Y22.541 E.20463
G1 X17.411 Y22.007 E.01643
G1 X12.709 Y26.709 E.20463
G1 X12.709 Y26.175 E.01643
G1 X17.411 Y21.473 E.20463
G1 X17.411 Y20.939 E.01643
G1 X12.709 Y25.641 E.20463
G1 X12.709 Y25.107 E.01643
G1 X17.411 Y20.405 E.20463
G1 X17.411 Y19.871 E.01643
G1 X12.709 Y24.573 E.20463
G1 X12.709 Y24.039 E.01643
G1 X17.411 Y19.337 E.20463
G1 X17.411 Y18.803 E.01643
G1 X12.709 Y23.505 E.20463
G1 X12.709 Y22.971 E.01643
G1 X17.411 Y18.269 E.20463
G1 X17.411 Y17.734 E.01643
G1 X12.709 Y22.437 E.20463
G1 X12.709 Y21.902 E.01643
G1 X17.411 Y17.2 E.20463
G1 X17.411 Y16.666 E.01643
G1 X12.709 Y21.368 E.20463
G1 X12.709 Y20.834 E.01643
G1 X17.411 Y16.132 E.20463
G1 X17.411 Y15.598 E.01643
G1 X12.709 Y20.3 E.20463
G1 X12.709 Y19.766 E.01643
G1 X17.411 Y15.064 E.20463
G1 X17.411 Y14.53 E.01643
G1 X12.709 Y19.232 E.20463
G1 X12.709 Y18.698 E.01643
G1 X17.411 Y13.996 E.20463
G1 X17.411 Y13.462 E.01643
G1 X12.709 Y18.164 E.20463
G1 X12.709 Y17.63 E.01643
G1 X17.411 Y12.928 E.20463
G1 X17.411 Y12.394 E.01643
G1 X12.709 Y17.096 E.20463
G1 X12.709 Y16.562 E.01643
G1 X17.411 Y11.86 E.20463
G1 X17.411 Y11.326 E.01643
G1 X12.709 Y16.028 E.20463
G1 X12.709 Y15.494 E.01643
G1 X17.411 Y10.792 E.20463
G1 X17.411 Y10.258 E.01643
G1 X12.709 Y14.96 E.20463
G1 X12.709 Y14.426 E.01643
G1 X17.411 Y9.723 E.20463
G1 X17.411 Y9.189 E.01643
G1 X12.709 Y13.892 E.20463
G1 X12.709 Y13.357 E.01643
G1 X17.411 Y8.655 E.20463
G1 X17.411 Y8.121 E.01643
G1 X12.709 Y12.823 E.20463
G1 X12.709 Y12.289 E.01643
G1 X17.411 Y7.587 E.20463
G1 X17.411 Y7.053 E.01643
G1 X12.709 Y11.755 E.20463
G1 X12.709 Y11.221 E.01643
G1 X17.411 Y6.519 E.20463
G1 X17.411 Y5.985 E.01643
G1 X12.709 Y10.687 E.20463
G1 X12.709 Y10.153 E.01643
G1 X17.411 Y5.451 E.20463
G1 X17.411 Y4.917 E.01643
G1 X12.709 Y9.619 E.20463
G1 X12.709 Y9.085 E.01643
G1 X17.411 Y4.383 E.20463
G1 X17.411 Y3.849 E.01643
G1 X12.709 Y8.551 E.20463
G1 X12.709 Y8.017 E.01643
G1 X17.411 Y3.315 E.20463
G1 X17.411 Y2.781 E.01643
G1 X12.709 Y7.483 E.20463
G1 X12.709 Y6.949 E.01643
G1 X17.411 Y2.247 E.20463
G1 X17.411 Y1.712 E.01643
G1 X12.709 Y6.415 E.20463
G1 X12.709 Y5.881 E.01643
G1 X17.411 Y1.178 E.20463
G1 X17.411 Y.644 E.01643
G1 X12.709 Y5.346 E.20463
G1 X12.709 Y4.812 E.01643
G1 X17.411 Y.11 E.20463
G1 X17.411 Y-.424 E.01643
G1 X12.709 Y4.278 E.20463
G1 X12.709 Y3.744 E.01643
G1 X17.411 Y-.958 E.20463
G1 X17.411 Y-1.492 E.01643
G1 X12.709 Y3.21 E.20463
G1 X12.709 Y3.15 E.00185
G1 X12.506 Y2.947 E.00884
G1 X12.438 Y2.947 E.00207
G1 X17.14 Y-1.755 E.20463
G1 X16.606 Y-1.755 E.01643
G1 X11.904 Y2.947 E.20463
G1 X11.37 Y2.947 E.01643
G1 X16.072 Y-1.755 E.20463
G1 X15.538 Y-1.755 E.01643
G1 X10.836 Y2.947 E.20463
G1 X10.302 Y2.947 E.01643
G1 X15.004 Y-1.755 E.20463
G1 X14.47 Y-1.755 E.01643
G1 X9.768 Y2.947 E.20463
G1 X9.234 Y2.947 E.01643
G1 X13.936 Y-1.755 E.20463
G1 X13.402 Y-1.755 E.01643
G1 X8.7 Y2.947 E.20463
G1 X8.166 Y2.947 E.01643
G1 X12.868 Y-1.755 E.20463
G1 X12.334 Y-1.755 E.01643
G1 X7.632 Y2.947 E.20463
G1 X7.097 Y2.947 E.01643
G1 X11.8 Y-1.755 E.20463
G1 X11.266 Y-1.755 E.01643
G1 X6.563 Y2.947 E.20463
G1 X6.029 Y2.947 E.01643
G1 X10.731 Y-1.755 E.20463
G1 X10.197 Y-1.755 E.01643
G1 X5.495 Y2.947 E.20463
G1 X4.961 Y2.947 E.01643
G1 X9.663 Y-1.755 E.20463
G1 X9.129 Y-1.755 E.01643
G1 X4.427 Y2.947 E.20463
G1 X3.893 Y2.947 E.01643
G1 X8.595 Y-1.755 E.20463
G1 X8.061 Y-1.755 E.01643
G1 X3.359 Y2.947 E.20463
G1 X2.825 Y2.947 E.01643
G1 X7.527 Y-1.755 E.20463
G1 X6.993 Y-1.755 E.01643
G1 X2.291 Y2.947 E.20463
G1 X1.757 Y2.947 E.01643
G1 X6.459 Y-1.755 E.20463
G1 X5.925 Y-1.755 E.01643
G1 X1.223 Y2.947 E.20463
G1 X.689 Y2.947 E.01643
G1 X5.391 Y-1.755 E.20463
G1 X4.857 Y-1.755 E.01643
G1 X.155 Y2.947 E.20463
G1 X-.379 Y2.947 E.01643
G1 X4.323 Y-1.755 E.20463
G1 X3.789 Y-1.755 E.01643
G1 X-.913 Y2.947 E.20463
G1 X-1.448 Y2.947 E.01643
G1 X3.255 Y-1.755 E.20463
G1 X2.72 Y-1.755 E.01643
G1 X-1.982 Y2.947 E.20463
G1 X-2.516 Y2.947 E.01643
G1 X2.186 Y-1.755 E.20463
G1 X1.652 Y-1.755 E.01643
G1 X-3.05 Y2.947 E.20463
G1 X-3.584 Y2.947 E.01643
G1 X1.118 Y-1.755 E.20463
G1 X.584 Y-1.755 E.01643
G1 X-4.118 Y2.947 E.20463
G1 X-4.652 Y2.947 E.01643
G1 X.05 Y-1.755 E.20463
G1 X-.484 Y-1.755 E.01643
M73 P54 R8
G1 X-5.186 Y2.947 E.20463
G1 X-5.72 Y2.947 E.01643
G1 X-1.018 Y-1.755 E.20463
G1 X-1.552 Y-1.755 E.01643
G1 X-6.254 Y2.947 E.20463
G1 X-6.788 Y2.947 E.01643
G1 X-2.086 Y-1.755 E.20463
G1 X-2.62 Y-1.755 E.01643
G1 X-7.322 Y2.947 E.20463
G1 X-7.856 Y2.947 E.01643
G1 X-3.154 Y-1.755 E.20463
G1 X-3.688 Y-1.755 E.01643
G1 X-8.39 Y2.947 E.20463
G1 X-8.924 Y2.947 E.01643
G1 X-4.222 Y-1.755 E.20463
G1 X-4.756 Y-1.755 E.01643
G1 X-9.459 Y2.947 E.20463
G1 X-9.993 Y2.947 E.01643
G1 X-5.29 Y-1.755 E.20463
G1 X-5.825 Y-1.755 E.01643
G1 X-10.527 Y2.947 E.20463
G1 X-11.061 Y2.947 E.01643
G1 X-6.359 Y-1.755 E.20463
G1 X-6.893 Y-1.755 E.01643
G1 X-11.595 Y2.947 E.20463
G1 X-12.129 Y2.947 E.01643
G1 X-7.427 Y-1.755 E.20463
G1 X-7.961 Y-1.755 E.01643
G1 X-12.663 Y2.947 E.20463
G1 X-13.197 Y2.947 E.01643
G1 X-8.495 Y-1.755 E.20463
G1 X-9.029 Y-1.755 E.01643
G1 X-13.901 Y3.116 E.21202
SET_VELOCITY_LIMIT ACCEL=10000
G1 X-9.393 Y-1.925 F30000
SET_VELOCITY_LIMIT ACCEL=7000
G1 F15000
G1 X-19.279 Y7.96 E.43021
G1 X-19.279 Y7.426 E.01643
G1 X-10.097 Y-1.755 E.39958
G1 X-10.631 Y-1.755 E.01643
G1 X-19.279 Y6.892 E.37634
G1 X-19.279 Y6.358 E.01643
G1 X-11.165 Y-1.755 E.3531
G1 X-11.699 Y-1.755 E.01643
G1 X-19.279 Y5.824 E.32986
G1 X-19.279 Y5.29 E.01643
G1 X-12.233 Y-1.755 E.30661
G1 X-12.767 Y-1.755 E.01643
G1 X-19.279 Y4.756 E.28337
G1 X-19.279 Y4.222 E.01643
G1 X-13.301 Y-1.755 E.26013
G1 X-13.836 Y-1.755 E.01643
G1 X-19.279 Y3.688 E.23689
G1 X-19.279 Y3.154 E.01643
G1 X-14.37 Y-1.755 E.21364
G1 X-14.904 Y-1.755 E.01643
G1 X-19.279 Y2.62 E.1904
G1 X-19.279 Y2.086 E.01643
G1 X-15.438 Y-1.755 E.16716
G1 X-15.972 Y-1.755 E.01643
G1 X-19.279 Y1.552 E.14392
G1 X-19.279 Y1.018 E.01643
G1 X-16.506 Y-1.755 E.12067
G1 X-17.04 Y-1.755 E.01643
G1 X-19.279 Y.483 E.09743
G1 X-19.279 Y-.051 E.01643
G1 X-17.574 Y-1.755 E.07419
G1 X-18.108 Y-1.755 E.01643
G1 X-19.279 Y-.585 E.05095
G1 X-19.279 Y-1.119 E.01643
G1 X-18.472 Y-1.925 E.03509
SET_VELOCITY_LIMIT ACCEL=10000
G1 X-10.925 Y3.339 F30000
;TYPE:Sparse infill
;WIDTH:0.45
G1 F16200
G1 X-12.553 Y3.339 E.05401
G1 X-14.185 Y4.97 E.07652
G1 X-14.185 Y9.115 E.1375
G1 X-8.408 Y3.339 E.27097
G1 X-4.263 Y3.339 E.1375
G1 X-14.185 Y13.26 E.46542
G1 X-14.185 Y17.405 E.1375
G1 X-.118 Y3.339 E.65987
G1 X4.027 Y3.339 E.1375
G1 X-14.185 Y21.55 E.85432
G1 X-14.185 Y25.695 E.1375
G1 X8.172 Y3.339 E1.04877
G1 X12.317 Y3.339 E.1375
G1 X-14.185 Y29.84 E1.24323
G1 X-10.04 Y29.84 E.1375
G1 X12.317 Y7.484 E1.04878
G1 X12.317 Y11.629 E.1375
G1 X-5.895 Y29.84 E.85432
G1 X-1.749 Y29.84 E.1375
G1 X12.317 Y15.774 E.65987
G1 X12.317 Y19.919 E.1375
G1 X2.396 Y29.84 E.46542
G1 X6.541 Y29.84 E.1375
G1 X12.317 Y24.064 E.27097
G1 X12.317 Y28.209 E.1375
G1 X10.686 Y29.84 E.07652
G1 X9.057 Y29.84 E.05401
;LAYER_CHANGE
;Z:9.8
;HEIGHT:0.2
;BEFORE_LAYER_CHANGE
;9.8
G1 E-.8 F2100
;WIPE_START
G1 F16200
G1 X10.686 Y29.84
G1 X10.948 Y29.577
;WIPE_END
;AFTER_LAYER_CHANGE
;9.8
;_SET_FAN_SPEED_CHANGING_LAYER
G1 F30000
G1 X11.2934 Y30.0465 Z9.83077
G1 X11.3809 Y30.6224 Z9.86154
G1 X11.1907 Y31.1729 Z9.89231
G1 X10.7664 Y31.572 Z9.92308
G1 X10.2053 Y31.7283 Z9.95385
G1 X9.63582 Y31.6058 Z9.98462
G1 X9.18849 Y31.2328 Z10.0154
G1 X8.96578 Y30.6945 Z10.0462
G1 X9.01869 Y30.1145 Z10.0769
G1 X9.33511 Y29.6254 Z10.1077
G1 X9.84256 Y29.3395 Z10.1385
G1 X10.4248 Y29.3221 Z10.1692
G1 X10.9484 Y29.5772 Z10.2
G1 X17.607 Y35.13 Z10.2
G1 Z9.8
G1 E.8 F2100
SET_VELOCITY_LIMIT ACCEL=5000
;TYPE:Inner wall
G1 F18000
G1 X-19.475 Y35.13 E1.23007
G1 X-19.475 Y-1.951 E1.23007
G1 X17.607 Y-1.951 E1.23007
G1 X17.607 Y35.09 E1.22874
SET_VELOCITY_LIMIT ACCEL=10000
G1 X18.014 Y35.537 F30000
SET_VELOCITY_LIMIT ACCEL=5000
G1 F18000
G1 X-19.882 Y35.537 E1.25707
G1 X-19.882 Y-2.358 E1.25707
G1 X18.014 Y-2.358 E1.25707
G1 X18.014 Y35.497 E1.25575
SET_VELOCITY_LIMIT ACCEL=10000
G1 X18.421 Y35.944 F30000
SET_VELOCITY_LIMIT ACCEL=5000
G1 F18000
G1 X-20.289 Y35.944 E1.28408
G1 X-20.289 Y-2.766 E1.28408
G1 X18.421 Y-2.766 E1.28408
G1 X18.421 Y35.904 E1.28275
G1 X18.856 Y36.379 F30000
;TYPE:Outer wall
;WIDTH:0.42
G1 F12000
G1 X-20.724 Y36.379 E1.21618
G1 X-20.724 Y-3.201 E1.21618
G1 X18.856 Y-3.201 E1.21618
G1 X18.856 Y36.339 E1.21495
SET_VELOCITY_LIMIT ACCEL=10000
G1 E-.8 F2100
;WIPE_START
G1 F12000
G1 X16.856 Y36.341
;WIPE_END
G1 X10.994 Y31.454 Z10.2 F30000
G1 X9.057 Y29.84 Z10.2
G1 Z9.8
G1 E.8 F2100
;TYPE:Sparse infill
;WIDTH:0.45
G1 F16200
G1 X10.686 Y29.84 E.05401
G1 X12.317 Y28.209 E.07652
G1 X12.317 Y24.064 E.1375
G1 X6.541 Y29.84 E.27097
G1 X2.396 Y29.84 E.1375
G1 X12.317 Y19.919 E.46542
G1 X12.317 Y15.774 E.1375
G1 X-1.749 Y29.84 E.65987
G1 X-5.895 Y29.84 E.1375
G1 X12.317 Y11.629 E.85432
G1 X12.317 Y7.484 E.1375
G1 X-10.04 Y29.84 E1.04878
G1 X-14.185 Y29.84 E.1375
G1 X12.317 Y3.339 E1.24323
G1 X8.172 Y3.339 E.1375
G1 X-14.185 Y25.695 E1.04877
G1 X-14.185 Y21.55 E.1375
G1 X4.027 Y3.339 E.85432
G1 X-.118 Y3.339 E.1375
G1 X-14.185 Y17.405 E.65987
G1 X-14.185 Y13.26 E.1375
G1 X-4.263 Y3.339 E.46542
G1 X-8.408 Y3.339 E.1375
G1 X-14.185 Y9.115 E.27097
G1 X-14.185 Y4.97 E.1375
G1 X-12.553 Y3.339 E.07652
G1 X-10.925 Y3.339 E.05401
G1 X15.529 Y-1.925 F30000
SET_VELOCITY_LIMIT ACCEL=7000
;TYPE:Internal solid infill
;WIDTH:0.420561
G1 F15000
G1 X17.411 Y-.043 E.08189
G1 X17.411 Y.491 E.01643
G1 X15.165 Y-1.755 E.09774
G1 X14.631 Y-1.755 E.01643
G1 X17.411 Y1.025 E.12099
G1 X17.411 Y1.559 E.01643
G1 X14.097 Y-1.755 E.14423
G1 X13.563 Y-1.755 E.01643
G1 X17.411 Y2.093 E.16747
G1 X17.411 Y2.627 E.01643
G1 X13.029 Y-1.755 E.19071
G1 X12.495 Y-1.755 E.01643
G1 X17.411 Y3.161 E.21396
G1 X17.411 Y3.695 E.01643
G1 X11.96 Y-1.755 E.2372
G1 X11.426 Y-1.755 E.01643
G1 X17.411 Y4.229 E.26044
G1 X17.411 Y4.763 E.01643
G1 X10.892 Y-1.755 E.28368
G1 X10.358 Y-1.755 E.01643
G1 X17.411 Y5.297 E.30693
G1 X17.411 Y5.831 E.01643
G1 X9.824 Y-1.755 E.33017
G1 X9.29 Y-1.755 E.01643
G1 X17.411 Y6.365 E.35341
G1 X17.411 Y6.899 E.01643
G1 X8.756 Y-1.755 E.37665
G1 X8.222 Y-1.755 E.01643
G1 X17.411 Y7.434 E.39989
G1 X17.411 Y7.968 E.01643
G1 X7.688 Y-1.755 E.42314
G1 X7.154 Y-1.755 E.01643
G1 X11.856 Y2.947 E.20463
G1 X11.322 Y2.947 E.01643
M73 P55 R8
G1 X6.62 Y-1.755 E.20463
G1 X6.086 Y-1.755 E.01643
G1 X10.788 Y2.947 E.20463
G1 X10.254 Y2.947 E.01643
G1 X5.552 Y-1.755 E.20463
G1 X5.018 Y-1.755 E.01643
G1 X9.72 Y2.947 E.20463
G1 X9.186 Y2.947 E.01643
G1 X4.484 Y-1.755 E.20463
G1 X3.949 Y-1.755 E.01643
G1 X8.652 Y2.947 E.20463
G1 X8.118 Y2.947 E.01643
G1 X3.415 Y-1.755 E.20463
G1 X2.881 Y-1.755 E.01643
G1 X7.583 Y2.947 E.20463
G1 X7.049 Y2.947 E.01643
G1 X2.347 Y-1.755 E.20463
G1 X1.813 Y-1.755 E.01643
G1 X6.515 Y2.947 E.20463
G1 X5.981 Y2.947 E.01643
G1 X1.279 Y-1.755 E.20463
G1 X.745 Y-1.755 E.01643
G1 X5.447 Y2.947 E.20463
G1 X4.913 Y2.947 E.01643
G1 X.211 Y-1.755 E.20463
G1 X-.323 Y-1.755 E.01643
G1 X4.379 Y2.947 E.20463
G1 X3.845 Y2.947 E.01643
G1 X-.857 Y-1.755 E.20463
G1 X-1.391 Y-1.755 E.01643
G1 X3.311 Y2.947 E.20463
G1 X2.777 Y2.947 E.01643
G1 X-1.925 Y-1.755 E.20463
G1 X-2.459 Y-1.755 E.01643
G1 X2.243 Y2.947 E.20463
G1 X1.709 Y2.947 E.01643
G1 X-2.993 Y-1.755 E.20463
G1 X-3.527 Y-1.755 E.01643
G1 X1.175 Y2.947 E.20463
G1 X.641 Y2.947 E.01643
G1 X-4.061 Y-1.755 E.20463
G1 X-4.596 Y-1.755 E.01643
G1 X.107 Y2.947 E.20463
G1 X-.428 Y2.947 E.01643
G1 X-5.13 Y-1.755 E.20463
G1 X-5.664 Y-1.755 E.01643
G1 X-.962 Y2.947 E.20463
G1 X-1.496 Y2.947 E.01643
G1 X-6.198 Y-1.755 E.20463
G1 X-6.732 Y-1.755 E.01643
G1 X-2.03 Y2.947 E.20463
G1 X-2.564 Y2.947 E.01643
G1 X-7.266 Y-1.755 E.20463
G1 X-7.8 Y-1.755 E.01643
G1 X-3.098 Y2.947 E.20463
G1 X-3.632 Y2.947 E.01643
G1 X-8.334 Y-1.755 E.20463
G1 X-8.868 Y-1.755 E.01643
G1 X-4.166 Y2.947 E.20463
G1 X-4.7 Y2.947 E.01643
G1 X-9.402 Y-1.755 E.20463
G1 X-9.936 Y-1.755 E.01643
G1 X-5.234 Y2.947 E.20463
G1 X-5.768 Y2.947 E.01643
G1 X-10.47 Y-1.755 E.20463
G1 X-11.004 Y-1.755 E.01643
G1 X-6.302 Y2.947 E.20463
G1 X-6.836 Y2.947 E.01643
G1 X-11.538 Y-1.755 E.20463
G1 X-12.072 Y-1.755 E.01643
G1 X-7.37 Y2.947 E.20463
G1 X-7.904 Y2.947 E.01643
G1 X-12.607 Y-1.755 E.20463
G1 X-13.141 Y-1.755 E.01643
G1 X-8.438 Y2.947 E.20463
G1 X-8.973 Y2.947 E.01643
G1 X-13.675 Y-1.755 E.20463
G1 X-14.209 Y-1.755 E.01643
G1 X-9.507 Y2.947 E.20463
G1 X-10.041 Y2.947 E.01643
G1 X-14.743 Y-1.755 E.20463
G1 X-15.277 Y-1.755 E.01643
G1 X-10.575 Y2.947 E.20463
G1 X-11.109 Y2.947 E.01643
G1 X-15.811 Y-1.755 E.20463
G1 X-16.345 Y-1.755 E.01643
G1 X-11.643 Y2.947 E.20463
G1 X-12.177 Y2.947 E.01643
G1 X-16.879 Y-1.755 E.20463
G1 X-17.413 Y-1.755 E.01643
G1 X-12.711 Y2.947 E.20463
G1 X-13.245 Y2.947 E.01643
G1 X-17.947 Y-1.755 E.20463
G1 X-18.481 Y-1.755 E.01643
G1 X-13.779 Y2.947 E.20463
G1 X-14.313 Y2.947 E.01643
G1 X-19.015 Y-1.755 E.20463
G1 X-19.279 Y-1.755 E.00811
G1 X-19.279 Y-1.485 E.00833
G1 X-14.577 Y3.217 E.20463
G1 X-14.577 Y3.751 E.01643
G1 X-19.279 Y-.951 E.20463
G1 X-19.279 Y-.417 E.01643
G1 X-14.577 Y4.286 E.20463
G1 X-14.577 Y4.82 E.01643
G1 X-19.279 Y.117 E.20463
G1 X-19.279 Y.652 E.01643
G1 X-14.577 Y5.354 E.20463
G1 X-14.577 Y5.888 E.01643
G1 X-19.279 Y1.186 E.20463
G1 X-19.279 Y1.72 E.01643
G1 X-14.577 Y6.422 E.20463
G1 X-14.577 Y6.956 E.01643
G1 X-19.279 Y2.254 E.20463
G1 X-19.279 Y2.788 E.01643
G1 X-14.577 Y7.49 E.20463
G1 X-14.577 Y8.024 E.01643
G1 X-19.279 Y3.322 E.20463
G1 X-19.279 Y3.856 E.01643
G1 X-14.577 Y8.558 E.20463
G1 X-14.577 Y9.092 E.01643
G1 X-19.279 Y4.39 E.20463
G1 X-19.279 Y4.924 E.01643
G1 X-14.577 Y9.626 E.20463
G1 X-14.577 Y10.16 E.01643
G1 X-19.279 Y5.458 E.20463
G1 X-19.279 Y5.992 E.01643
G1 X-14.577 Y10.694 E.20463
G1 X-14.577 Y11.228 E.01643
G1 X-19.279 Y6.526 E.20463
G1 X-19.279 Y7.06 E.01643
G1 X-14.577 Y11.762 E.20463
G1 X-14.577 Y12.296 E.01643
G1 X-19.279 Y7.594 E.20463
G1 X-19.279 Y8.128 E.01643
G1 X-14.577 Y12.831 E.20463
G1 X-14.577 Y13.365 E.01643
G1 X-19.279 Y8.663 E.20463
G1 X-19.279 Y9.197 E.01643
G1 X-14.577 Y13.899 E.20463
G1 X-14.577 Y14.433 E.01643
G1 X-19.279 Y9.731 E.20463
G1 X-19.279 Y10.265 E.01643
G1 X-14.577 Y14.967 E.20463
G1 X-14.577 Y15.501 E.01643
G1 X-19.279 Y10.799 E.20463
G1 X-19.279 Y11.333 E.01643
G1 X-14.577 Y16.035 E.20463
G1 X-14.577 Y16.569 E.01643
G1 X-19.279 Y11.867 E.20463
G1 X-19.279 Y12.401 E.01643
G1 X-14.577 Y17.103 E.20463
G1 X-14.577 Y17.637 E.01643
G1 X-19.279 Y12.935 E.20463
G1 X-19.279 Y13.469 E.01643
G1 X-14.577 Y18.171 E.20463
G1 X-14.577 Y18.705 E.01643
G1 X-19.279 Y14.003 E.20463
G1 X-19.279 Y14.537 E.01643
G1 X-14.577 Y19.239 E.20463
G1 X-14.577 Y19.773 E.01643
G1 X-19.279 Y15.071 E.20463
G1 X-19.279 Y15.605 E.01643
G1 X-14.577 Y20.307 E.20463
G1 X-14.577 Y20.842 E.01643
G1 X-19.279 Y16.139 E.20463
G1 X-19.279 Y16.673 E.01643
G1 X-14.577 Y21.376 E.20463
G1 X-14.577 Y21.91 E.01643
G1 X-19.279 Y17.208 E.20463
G1 X-19.279 Y17.742 E.01643
G1 X-14.577 Y22.444 E.20463
G1 X-14.577 Y22.978 E.01643
G1 X-19.279 Y18.276 E.20463
G1 X-19.279 Y18.81 E.01643
G1 X-14.577 Y23.512 E.20463
G1 X-14.577 Y24.046 E.01643
G1 X-19.279 Y19.344 E.20463
G1 X-19.279 Y19.878 E.01643
G1 X-14.577 Y24.58 E.20463
G1 X-14.577 Y25.114 E.01643
G1 X-19.279 Y20.412 E.20463
G1 X-19.279 Y20.946 E.01643
G1 X-14.577 Y25.648 E.20463
G1 X-14.577 Y26.182 E.01643
G1 X-19.279 Y21.48 E.20463
G1 X-19.279 Y22.014 E.01643
G1 X-14.577 Y26.716 E.20463
G1 X-14.577 Y27.25 E.01643
G1 X-19.279 Y22.548 E.20463
G1 X-19.279 Y23.082 E.01643
G1 X-14.577 Y27.784 E.20463
G1 X-14.577 Y28.318 E.01643
G1 X-19.279 Y23.616 E.20463
G1 X-19.279 Y24.15 E.01643
G1 X-14.577 Y28.853 E.20463
G1 X-14.577 Y29.387 E.01643
G1 X-19.448 Y24.515 E.21202
SET_VELOCITY_LIMIT ACCEL=10000
G1 X12.539 Y3.63 F30000
SET_VELOCITY_LIMIT ACCEL=7000
G1 F15000
G1 X17.411 Y8.502 E.21202
G1 X17.411 Y9.036 E.01643
G1 X12.709 Y4.334 E.20463
G1 X12.709 Y4.868 E.01643
G1 X17.411 Y9.57 E.20463
G1 X17.411 Y10.104 E.01643
G1 X12.709 Y5.402 E.20463
G1 X12.709 Y5.936 E.01643
G1 X17.411 Y10.638 E.20463
G1 X17.411 Y11.172 E.01643
G1 X12.709 Y6.47 E.20463
G1 X12.709 Y7.004 E.01643
G1 X17.411 Y11.706 E.20463
G1 X17.411 Y12.24 E.01643
G1 X12.709 Y7.538 E.20463
G1 X12.709 Y8.072 E.01643
G1 X17.411 Y12.774 E.20463
G1 X17.411 Y13.308 E.01643
G1 X12.709 Y8.606 E.20463
G1 X12.709 Y9.14 E.01643
G1 X17.411 Y13.842 E.20463
G1 X17.411 Y14.376 E.01643
G1 X12.709 Y9.674 E.20463
G1 X12.709 Y10.208 E.01643
G1 X17.411 Y14.91 E.20463
G1 X17.411 Y15.444 E.01643
G1 X12.709 Y10.742 E.20463
G1 X12.709 Y11.276 E.01643
G1 X17.411 Y15.979 E.20463
G1 X17.411 Y16.513 E.01643
G1 X12.709 Y11.81 E.20463
G1 X12.709 Y12.345 E.01643
G1 X17.411 Y17.047 E.20463
G1 X17.411 Y17.581 E.01643
G1 X12.709 Y12.879 E.20463
G1 X12.709 Y13.413 E.01643
G1 X17.411 Y18.115 E.20463
G1 X17.411 Y18.649 E.01643
G1 X12.709 Y13.947 E.20463
G1 X12.709 Y14.481 E.01643
G1 X17.411 Y19.183 E.20463
G1 X17.411 Y19.717 E.01643
G1 X12.709 Y15.015 E.20463
G1 X12.709 Y15.549 E.01643
G1 X17.411 Y20.251 E.20463
G1 X17.411 Y20.785 E.01643
G1 X12.709 Y16.083 E.20463
G1 X12.709 Y16.617 E.01643
G1 X17.411 Y21.319 E.20463
G1 X17.411 Y21.853 E.01643
G1 X12.709 Y17.151 E.20463
G1 X12.709 Y17.685 E.01643
G1 X17.411 Y22.387 E.20463
G1 X17.411 Y22.921 E.01643
G1 X12.709 Y18.219 E.20463
G1 X12.709 Y18.753 E.01643
G1 X17.411 Y23.455 E.20463
G1 X17.411 Y23.99 E.01643
G1 X12.709 Y19.287 E.20463
G1 X12.709 Y19.821 E.01643
G1 X17.411 Y24.524 E.20463
G1 X17.411 Y25.058 E.01643
G1 X12.709 Y20.356 E.20463
G1 X12.709 Y20.89 E.01643
G1 X17.411 Y25.592 E.20463
G1 X17.411 Y26.126 E.01643
G1 X12.709 Y21.424 E.20463
G1 X12.709 Y21.958 E.01643
G1 X17.411 Y26.66 E.20463
G1 X17.411 Y27.194 E.01643
G1 X12.709 Y22.492 E.20463
G1 X12.709 Y23.026 E.01643
G1 X17.411 Y27.728 E.20463
G1 X17.411 Y28.262 E.01643
G1 X12.709 Y23.56 E.20463
G1 X12.709 Y24.094 E.01643
G1 X17.411 Y28.796 E.20463
G1 X17.411 Y29.33 E.01643
G1 X12.709 Y24.628 E.20463
G1 X12.709 Y25.162 E.01643
G1 X17.411 Y29.864 E.20463
G1 X17.411 Y30.398 E.01643
G1 X12.709 Y25.696 E.20463
G1 X12.709 Y26.23 E.01643
G1 X17.411 Y30.932 E.20463
G1 X17.411 Y31.466 E.01643
G1 X12.709 Y26.764 E.20463
G1 X12.709 Y27.298 E.01643
G1 X17.411 Y32 E.20463
G1 X17.411 Y32.535 E.01643
G1 X12.709 Y27.832 E.20463
G1 X12.709 Y28.367 E.01643
G1 X17.411 Y33.069 E.20463
G1 X17.411 Y33.603 E.01643
G1 X12.709 Y28.901 E.20463
G1 X12.709 Y29.435 E.01643
G1 X17.411 Y34.137 E.20463
G1 X17.411 Y34.671 E.01643
G1 X12.709 Y29.969 E.20463
G1 X12.709 Y30.029 E.00185
G1 X12.506 Y30.232 E.00884
G1 X12.438 Y30.232 E.00207
G1 X17.14 Y34.934 E.20463
G1 X16.606 Y34.934 E.01643
G1 X11.904 Y30.232 E.20463
G1 X11.37 Y30.232 E.01643
G1 X16.072 Y34.934 E.20463
G1 X15.538 Y34.934 E.01643
M73 P56 R8
G1 X10.836 Y30.232 E.20463
G1 X10.302 Y30.232 E.01643
G1 X15.004 Y34.934 E.20463
G1 X14.47 Y34.934 E.01643
G1 X9.768 Y30.232 E.20463
G1 X9.234 Y30.232 E.01643
G1 X13.936 Y34.934 E.20463
G1 X13.402 Y34.934 E.01643
G1 X8.7 Y30.232 E.20463
G1 X8.166 Y30.232 E.01643
G1 X12.868 Y34.934 E.20463
G1 X12.334 Y34.934 E.01643
G1 X7.632 Y30.232 E.20463
G1 X7.097 Y30.232 E.01643
G1 X11.8 Y34.934 E.20463
G1 X11.266 Y34.934 E.01643
G1 X6.563 Y30.232 E.20463
G1 X6.029 Y30.232 E.01643
G1 X10.731 Y34.934 E.20463
G1 X10.197 Y34.934 E.01643
G1 X5.495 Y30.232 E.20463
G1 X4.961 Y30.232 E.01643
G1 X9.663 Y34.934 E.20463
G1 X9.129 Y34.934 E.01643
G1 X4.427 Y30.232 E.20463
G1 X3.893 Y30.232 E.01643
G1 X8.595 Y34.934 E.20463
G1 X8.061 Y34.934 E.01643
G1 X3.359 Y30.232 E.20463
G1 X2.825 Y30.232 E.01643
G1 X7.527 Y34.934 E.20463
G1 X6.993 Y34.934 E.01643
G1 X2.291 Y30.232 E.20463
G1 X1.757 Y30.232 E.01643
G1 X6.459 Y34.934 E.20463
G1 X5.925 Y34.934 E.01643
G1 X1.223 Y30.232 E.20463
G1 X.689 Y30.232 E.01643
G1 X5.391 Y34.934 E.20463
G1 X4.857 Y34.934 E.01643
G1 X.155 Y30.232 E.20463
G1 X-.379 Y30.232 E.01643
G1 X4.323 Y34.934 E.20463
G1 X3.789 Y34.934 E.01643
G1 X-.913 Y30.232 E.20463
G1 X-1.448 Y30.232 E.01643
G1 X3.255 Y34.934 E.20463
G1 X2.72 Y34.934 E.01643
G1 X-1.982 Y30.232 E.20463
G1 X-2.516 Y30.232 E.01643
G1 X2.186 Y34.934 E.20463
G1 X1.652 Y34.934 E.01643
G1 X-3.05 Y30.232 E.20463
G1 X-3.584 Y30.232 E.01643
G1 X1.118 Y34.934 E.20463
G1 X.584 Y34.934 E.01643
G1 X-4.118 Y30.232 E.20463
G1 X-4.652 Y30.232 E.01643
G1 X.05 Y34.934 E.20463
G1 X-.484 Y34.934 E.01643
G1 X-5.186 Y30.232 E.20463
G1 X-5.72 Y30.232 E.01643
G1 X-1.018 Y34.934 E.20463
G1 X-1.552 Y34.934 E.01643
G1 X-6.254 Y30.232 E.20463
G1 X-6.788 Y30.232 E.01643
G1 X-2.086 Y34.934 E.20463
G1 X-2.62 Y34.934 E.01643
G1 X-7.322 Y30.232 E.20463
G1 X-7.856 Y30.232 E.01643
G1 X-3.154 Y34.934 E.20463
G1 X-3.688 Y34.934 E.01643
G1 X-8.39 Y30.232 E.20463
G1 X-8.924 Y30.232 E.01643
G1 X-4.222 Y34.934 E.20463
G1 X-4.756 Y34.934 E.01643
G1 X-9.459 Y30.232 E.20463
G1 X-9.993 Y30.232 E.01643
G1 X-5.29 Y34.934 E.20463
G1 X-5.825 Y34.934 E.01643
G1 X-10.527 Y30.232 E.20463
G1 X-11.061 Y30.232 E.01643
G1 X-6.359 Y34.934 E.20463
G1 X-6.893 Y34.934 E.01643
G1 X-11.595 Y30.232 E.20463
G1 X-12.129 Y30.232 E.01643
G1 X-7.427 Y34.934 E.20463
G1 X-7.961 Y34.934 E.01643
G1 X-12.663 Y30.232 E.20463
G1 X-13.197 Y30.232 E.01643
G1 X-8.495 Y34.934 E.20463
G1 X-9.029 Y34.934 E.01643
G1 X-13.901 Y30.062 E.21202
SET_VELOCITY_LIMIT ACCEL=10000
G1 X-9.393 Y35.104 F30000
SET_VELOCITY_LIMIT ACCEL=7000
G1 F15000
G1 X-19.279 Y25.219 E.43021
G1 X-19.279 Y25.753 E.01643
G1 X-10.097 Y34.934 E.39958
G1 X-10.631 Y34.934 E.01643
G1 X-19.279 Y26.287 E.37634
G1 X-19.279 Y26.821 E.01643
G1 X-11.165 Y34.934 E.3531
G1 X-11.699 Y34.934 E.01643
G1 X-19.279 Y27.355 E.32986
G1 X-19.279 Y27.889 E.01643
G1 X-12.233 Y34.934 E.30661
G1 X-12.767 Y34.934 E.01643
G1 X-19.279 Y28.423 E.28337
G1 X-19.279 Y28.957 E.01643
G1 X-13.301 Y34.934 E.26013
G1 X-13.836 Y34.934 E.01643
G1 X-19.279 Y29.491 E.23689
G1 X-19.279 Y30.025 E.01643
G1 X-14.37 Y34.934 E.21364
G1 X-14.904 Y34.934 E.01643
G1 X-19.279 Y30.559 E.1904
G1 X-19.279 Y31.093 E.01643
G1 X-15.438 Y34.934 E.16716
G1 X-15.972 Y34.934 E.01643
G1 X-19.279 Y31.627 E.14392
G1 X-19.279 Y32.161 E.01643
G1 X-16.506 Y34.934 E.12067
G1 X-17.04 Y34.934 E.01643
G1 X-19.279 Y32.695 E.09743
G1 X-19.279 Y33.23 E.01643
G1 X-17.574 Y34.934 E.07419
G1 X-18.108 Y34.934 E.01643
G1 X-19.279 Y33.764 E.05095
G1 X-19.279 Y34.298 E.01643
G1 X-18.472 Y35.104 E.03509
SET_VELOCITY_LIMIT ACCEL=10000
G1 X16.445 Y-1.531 F30000
SET_VELOCITY_LIMIT ACCEL=7000
;WIDTH:0.477332
G1 F15000
G1 X17.186 Y-.789 E.03713
G1 X17.186 Y-1.531 E.02625
G1 X16.485 Y-1.531 E.02484
;LAYER_CHANGE
;Z:10
;HEIGHT:0.2
;BEFORE_LAYER_CHANGE
;10
G1 E-.8 F2100
;WIPE_START
G1 F15000
G1 X17.186 Y-1.531
G1 X17.186 Y-.789
G1 X16.792 Y-1.183
;WIPE_END
;AFTER_LAYER_CHANGE
;10
;_SET_FAN_SPEED_CHANGING_LAYER
SET_VELOCITY_LIMIT ACCEL=10000
G1 F30000
G1 X16.6657 Y-0.614252 Z10.0308
G1 X16.2894 Y-0.16971 Z10.0615
G1 X15.7495 Y0.0490003 Z10.0923
G1 X15.1698 Y-0.00822586 Z10.1231
G1 X14.6832 Y-0.328278 Z10.1538
G1 X14.401 Y-0.837837 Z10.1846
G1 X14.3879 Y-1.42017 Z10.2154
G1 X14.647 Y-1.94187 Z10.2462
G1 X15.1188 Y-2.28342 Z10.2769
G1 X15.6953 Y-2.36658 Z10.3077
G1 X16.2444 Y-2.17229 Z10.3385
G1 X16.6404 Y-1.74507 Z10.3692
G1 X16.7924 Y-1.18279 Z10.4
G1 X17.607 Y35.13 Z10.4
G1 Z10
G1 E.8 F2100
SET_VELOCITY_LIMIT ACCEL=5000
;TYPE:Inner wall
;WIDTH:0.45
G1 F18000
G1 X-19.475 Y35.13 E1.23007
G1 X-19.475 Y-1.951 E1.23007
G1 X17.607 Y-1.951 E1.23007
G1 X17.607 Y35.09 E1.22874
SET_VELOCITY_LIMIT ACCEL=10000
G1 X18.014 Y35.537 F30000
SET_VELOCITY_LIMIT ACCEL=5000
G1 F18000
G1 X-19.882 Y35.537 E1.25707
G1 X-19.882 Y-2.358 E1.25707
G1 X18.014 Y-2.358 E1.25707
G1 X18.014 Y35.497 E1.25575
SET_VELOCITY_LIMIT ACCEL=10000
G1 X18.421 Y35.944 F30000
SET_VELOCITY_LIMIT ACCEL=5000
G1 F18000
G1 X-20.289 Y35.944 E1.28408
G1 X-20.289 Y-2.766 E1.28408
G1 X18.421 Y-2.766 E1.28408
G1 X18.421 Y35.904 E1.28275
G1 X18.856 Y36.379 F30000
;TYPE:Outer wall
;WIDTH:0.42
G1 F12000
G1 X-20.724 Y36.379 E1.21618
G1 X-20.724 Y-3.201 E1.21618
G1 X18.856 Y-3.201 E1.21618
G1 X18.856 Y36.339 E1.21495
SET_VELOCITY_LIMIT ACCEL=10000
G1 E-.8 F2100
;WIPE_START
G1 F12000
G1 X16.856 Y36.341
;WIPE_END
G1 X17.581 Y34.342 Z10.4 F30000
G1 Z10
G1 E.8 F2100
SET_VELOCITY_LIMIT ACCEL=2000
;TYPE:Top surface
;WIDTH:0.420044
G1 F12000
G1 X16.818 Y35.104 E.03313
SET_VELOCITY_LIMIT ACCEL=10000
G1 X16.285 Y35.104 F30000
SET_VELOCITY_LIMIT ACCEL=2000
G1 F12000
G1 X17.581 Y33.808 E.05631
SET_VELOCITY_LIMIT ACCEL=10000
G1 X17.581 Y33.275 F30000
SET_VELOCITY_LIMIT ACCEL=2000
G1 F12000
G1 X15.752 Y35.104 E.07949
SET_VELOCITY_LIMIT ACCEL=10000
G1 X15.218 Y35.104 F30000
SET_VELOCITY_LIMIT ACCEL=2000
G1 F12000
G1 X17.581 Y32.742 E.10267
SET_VELOCITY_LIMIT ACCEL=10000
G1 X17.581 Y32.208 F30000
SET_VELOCITY_LIMIT ACCEL=2000
G1 F12000
G1 X14.685 Y35.104 E.12585
SET_VELOCITY_LIMIT ACCEL=10000
G1 X14.152 Y35.104 F30000
SET_VELOCITY_LIMIT ACCEL=2000
G1 F12000
G1 X17.581 Y31.675 E.14903
SET_VELOCITY_LIMIT ACCEL=10000
G1 X17.581 Y31.142 F30000
SET_VELOCITY_LIMIT ACCEL=2000
G1 F12000
G1 X13.618 Y35.104 E.1722
SET_VELOCITY_LIMIT ACCEL=10000
G1 X13.085 Y35.104 F30000
SET_VELOCITY_LIMIT ACCEL=2000
G1 F12000
G1 X17.581 Y30.608 E.19538
SET_VELOCITY_LIMIT ACCEL=10000
G1 X17.581 Y30.075 F30000
SET_VELOCITY_LIMIT ACCEL=2000
G1 F12000
G1 X12.552 Y35.104 E.21856
SET_VELOCITY_LIMIT ACCEL=10000
G1 X12.018 Y35.104 F30000
SET_VELOCITY_LIMIT ACCEL=2000
G1 F12000
G1 X17.581 Y29.542 E.24174
SET_VELOCITY_LIMIT ACCEL=10000
G1 X17.581 Y29.008 F30000
SET_VELOCITY_LIMIT ACCEL=2000
G1 F12000
G1 X11.485 Y35.104 E.26492
SET_VELOCITY_LIMIT ACCEL=10000
G1 X10.952 Y35.104 F30000
SET_VELOCITY_LIMIT ACCEL=2000
G1 F12000
G1 X17.581 Y28.475 E.2881
SET_VELOCITY_LIMIT ACCEL=10000
G1 X17.581 Y27.942 F30000
SET_VELOCITY_LIMIT ACCEL=2000
G1 F12000
G1 X10.418 Y35.104 E.31128
SET_VELOCITY_LIMIT ACCEL=10000
G1 X9.885 Y35.104 F30000
SET_VELOCITY_LIMIT ACCEL=2000
G1 F12000
G1 X17.581 Y27.408 E.33446
SET_VELOCITY_LIMIT ACCEL=10000
G1 X17.581 Y26.875 F30000
SET_VELOCITY_LIMIT ACCEL=2000
G1 F12000
G1 X9.352 Y35.104 E.35763
SET_VELOCITY_LIMIT ACCEL=10000
G1 X8.818 Y35.104 F30000
SET_VELOCITY_LIMIT ACCEL=2000
G1 F12000
G1 X17.581 Y26.342 E.38081
SET_VELOCITY_LIMIT ACCEL=10000
G1 X17.581 Y25.808 F30000
SET_VELOCITY_LIMIT ACCEL=2000
G1 F12000
G1 X8.285 Y35.104 E.40399
SET_VELOCITY_LIMIT ACCEL=10000
G1 X7.752 Y35.104 F30000
SET_VELOCITY_LIMIT ACCEL=2000
G1 F12000
G1 X17.581 Y25.275 E.42717
SET_VELOCITY_LIMIT ACCEL=10000
G1 X17.581 Y24.742 F30000
SET_VELOCITY_LIMIT ACCEL=2000
G1 F12000
G1 X12.539 Y29.783 E.2191
SET_VELOCITY_LIMIT ACCEL=10000
G1 X12.539 Y29.25 F30000
SET_VELOCITY_LIMIT ACCEL=2000
G1 F12000
G1 X17.581 Y24.208 E.2191
SET_VELOCITY_LIMIT ACCEL=10000
G1 X17.581 Y23.675 F30000
M73 P57 R8
SET_VELOCITY_LIMIT ACCEL=2000
G1 F12000
G1 X12.539 Y28.716 E.2191
SET_VELOCITY_LIMIT ACCEL=10000
G1 X12.539 Y28.183 F30000
SET_VELOCITY_LIMIT ACCEL=2000
G1 F12000
G1 X17.581 Y23.142 E.2191
SET_VELOCITY_LIMIT ACCEL=10000
G1 X17.581 Y22.608 F30000
SET_VELOCITY_LIMIT ACCEL=2000
G1 F12000
G1 X12.539 Y27.65 E.2191
SET_VELOCITY_LIMIT ACCEL=10000
G1 X12.539 Y27.116 F30000
SET_VELOCITY_LIMIT ACCEL=2000
G1 F12000
G1 X17.581 Y22.075 E.2191
SET_VELOCITY_LIMIT ACCEL=10000
G1 X17.581 Y21.542 F30000
SET_VELOCITY_LIMIT ACCEL=2000
G1 F12000
G1 X12.539 Y26.583 E.2191
SET_VELOCITY_LIMIT ACCEL=10000
G1 X12.539 Y26.05 F30000
SET_VELOCITY_LIMIT ACCEL=2000
G1 F12000
G1 X17.581 Y21.008 E.2191
SET_VELOCITY_LIMIT ACCEL=10000
G1 X17.581 Y20.475 F30000
SET_VELOCITY_LIMIT ACCEL=2000
G1 F12000
G1 X12.539 Y25.516 E.2191
SET_VELOCITY_LIMIT ACCEL=10000
G1 X12.539 Y24.983 F30000
SET_VELOCITY_LIMIT ACCEL=2000
G1 F12000
G1 X17.581 Y19.942 E.2191
SET_VELOCITY_LIMIT ACCEL=10000
G1 X17.581 Y19.408 F30000
SET_VELOCITY_LIMIT ACCEL=2000
G1 F12000
G1 X12.539 Y24.45 E.2191
SET_VELOCITY_LIMIT ACCEL=10000
G1 X12.539 Y23.916 F30000
SET_VELOCITY_LIMIT ACCEL=2000
G1 F12000
G1 X17.581 Y18.875 E.2191
SET_VELOCITY_LIMIT ACCEL=10000
G1 X17.581 Y18.342 F30000
SET_VELOCITY_LIMIT ACCEL=2000
G1 F12000
G1 X12.539 Y23.383 E.2191
SET_VELOCITY_LIMIT ACCEL=10000
G1 X12.539 Y22.85 F30000
SET_VELOCITY_LIMIT ACCEL=2000
G1 F12000
G1 X17.581 Y17.808 E.2191
SET_VELOCITY_LIMIT ACCEL=10000
G1 X17.581 Y17.275 F30000
SET_VELOCITY_LIMIT ACCEL=2000
G1 F12000
G1 X12.539 Y22.316 E.2191
SET_VELOCITY_LIMIT ACCEL=10000
G1 X12.539 Y21.783 F30000
SET_VELOCITY_LIMIT ACCEL=2000
G1 F12000
G1 X17.581 Y16.742 E.2191
SET_VELOCITY_LIMIT ACCEL=10000
G1 X17.581 Y16.208 F30000
SET_VELOCITY_LIMIT ACCEL=2000
G1 F12000
G1 X12.539 Y21.25 E.2191
SET_VELOCITY_LIMIT ACCEL=10000
G1 X12.539 Y20.716 F30000
SET_VELOCITY_LIMIT ACCEL=2000
G1 F12000
G1 X17.581 Y15.675 E.2191
SET_VELOCITY_LIMIT ACCEL=10000
G1 X17.581 Y15.142 F30000
SET_VELOCITY_LIMIT ACCEL=2000
G1 F12000
G1 X12.539 Y20.183 E.2191
SET_VELOCITY_LIMIT ACCEL=10000
G1 X12.539 Y19.65 F30000
SET_VELOCITY_LIMIT ACCEL=2000
G1 F12000
G1 X17.581 Y14.608 E.2191
SET_VELOCITY_LIMIT ACCEL=10000
G1 X17.581 Y14.075 F30000
SET_VELOCITY_LIMIT ACCEL=2000
G1 F12000
G1 X12.539 Y19.116 E.2191
SET_VELOCITY_LIMIT ACCEL=10000
G1 X12.539 Y18.583 F30000
SET_VELOCITY_LIMIT ACCEL=2000
G1 F12000
G1 X17.581 Y13.542 E.2191
SET_VELOCITY_LIMIT ACCEL=10000
G1 X17.581 Y13.008 F30000
SET_VELOCITY_LIMIT ACCEL=2000
G1 F12000
G1 X12.539 Y18.05 E.2191
SET_VELOCITY_LIMIT ACCEL=10000
G1 X12.539 Y17.516 F30000
SET_VELOCITY_LIMIT ACCEL=2000
G1 F12000
G1 X17.581 Y12.475 E.2191
SET_VELOCITY_LIMIT ACCEL=10000
G1 X17.581 Y11.942 F30000
SET_VELOCITY_LIMIT ACCEL=2000
G1 F12000
G1 X12.539 Y16.983 E.2191
SET_VELOCITY_LIMIT ACCEL=10000
G1 X12.539 Y16.45 F30000
SET_VELOCITY_LIMIT ACCEL=2000
G1 F12000
G1 X17.581 Y11.408 E.2191
SET_VELOCITY_LIMIT ACCEL=10000
G1 X17.581 Y10.875 F30000
SET_VELOCITY_LIMIT ACCEL=2000
G1 F12000
G1 X12.539 Y15.916 E.2191
SET_VELOCITY_LIMIT ACCEL=10000
G1 X12.539 Y15.383 F30000
SET_VELOCITY_LIMIT ACCEL=2000
G1 F12000
G1 X17.581 Y10.342 E.2191
SET_VELOCITY_LIMIT ACCEL=10000
G1 X17.581 Y9.808 F30000
SET_VELOCITY_LIMIT ACCEL=2000
G1 F12000
G1 X12.539 Y14.85 E.2191
SET_VELOCITY_LIMIT ACCEL=10000
G1 X12.539 Y14.316 F30000
SET_VELOCITY_LIMIT ACCEL=2000
G1 F12000
G1 X17.581 Y9.275 E.2191
SET_VELOCITY_LIMIT ACCEL=10000
G1 X17.581 Y8.742 F30000
SET_VELOCITY_LIMIT ACCEL=2000
G1 F12000
G1 X12.539 Y13.783 E.2191
SET_VELOCITY_LIMIT ACCEL=10000
G1 X12.539 Y13.25 F30000
SET_VELOCITY_LIMIT ACCEL=2000
G1 F12000
G1 X17.581 Y8.208 E.2191
SET_VELOCITY_LIMIT ACCEL=10000
G1 X17.581 Y7.675 F30000
SET_VELOCITY_LIMIT ACCEL=2000
G1 F12000
G1 X12.539 Y12.716 E.2191
SET_VELOCITY_LIMIT ACCEL=10000
G1 X12.539 Y12.183 F30000
SET_VELOCITY_LIMIT ACCEL=2000
G1 F12000
G1 X17.581 Y7.142 E.2191
SET_VELOCITY_LIMIT ACCEL=10000
G1 X17.581 Y6.608 F30000
SET_VELOCITY_LIMIT ACCEL=2000
G1 F12000
G1 X12.539 Y11.65 E.2191
SET_VELOCITY_LIMIT ACCEL=10000
G1 X12.539 Y11.116 F30000
SET_VELOCITY_LIMIT ACCEL=2000
G1 F12000
G1 X17.581 Y6.075 E.2191
SET_VELOCITY_LIMIT ACCEL=10000
G1 X17.581 Y5.542 F30000
SET_VELOCITY_LIMIT ACCEL=2000
G1 F12000
G1 X12.539 Y10.583 E.2191
SET_VELOCITY_LIMIT ACCEL=10000
G1 X12.539 Y10.05 F30000
SET_VELOCITY_LIMIT ACCEL=2000
G1 F12000
G1 X17.581 Y5.008 E.2191
SET_VELOCITY_LIMIT ACCEL=10000
G1 X17.581 Y4.475 F30000
SET_VELOCITY_LIMIT ACCEL=2000
G1 F12000
G1 X12.539 Y9.516 E.2191
SET_VELOCITY_LIMIT ACCEL=10000
G1 X12.539 Y8.983 F30000
SET_VELOCITY_LIMIT ACCEL=2000
G1 F12000
G1 X17.581 Y3.942 E.2191
SET_VELOCITY_LIMIT ACCEL=10000
G1 X17.581 Y3.408 F30000
SET_VELOCITY_LIMIT ACCEL=2000
G1 F12000
G1 X12.539 Y8.45 E.2191
SET_VELOCITY_LIMIT ACCEL=10000
G1 X12.539 Y7.916 F30000
SET_VELOCITY_LIMIT ACCEL=2000
G1 F12000
G1 X17.581 Y2.875 E.2191
SET_VELOCITY_LIMIT ACCEL=10000
G1 X17.581 Y2.342 F30000
SET_VELOCITY_LIMIT ACCEL=2000
G1 F12000
G1 X12.539 Y7.383 E.2191
SET_VELOCITY_LIMIT ACCEL=10000
G1 X12.539 Y6.85 F30000
SET_VELOCITY_LIMIT ACCEL=2000
G1 F12000
G1 X17.581 Y1.808 E.2191
SET_VELOCITY_LIMIT ACCEL=10000
G1 X17.581 Y1.275 F30000
SET_VELOCITY_LIMIT ACCEL=2000
G1 F12000
G1 X12.539 Y6.316 E.2191
SET_VELOCITY_LIMIT ACCEL=10000
G1 X12.539 Y5.783 F30000
SET_VELOCITY_LIMIT ACCEL=2000
G1 F12000
G1 X17.581 Y.742 E.2191
SET_VELOCITY_LIMIT ACCEL=10000
G1 X17.581 Y.208 F30000
SET_VELOCITY_LIMIT ACCEL=2000
G1 F12000
G1 X12.539 Y5.25 E.2191
SET_VELOCITY_LIMIT ACCEL=10000
G1 X12.539 Y4.716 F30000
SET_VELOCITY_LIMIT ACCEL=2000
G1 F12000
G1 X17.581 Y-.325 E.2191
SET_VELOCITY_LIMIT ACCEL=10000
G1 X17.581 Y-.858 F30000
SET_VELOCITY_LIMIT ACCEL=2000
G1 F12000
G1 X12.539 Y4.183 E.2191
SET_VELOCITY_LIMIT ACCEL=10000
G1 X12.539 Y3.65 F30000
SET_VELOCITY_LIMIT ACCEL=2000
G1 F12000
G1 X17.581 Y-1.392 E.2191
SET_VELOCITY_LIMIT ACCEL=10000
G1 X17.58 Y-1.925 F30000
SET_VELOCITY_LIMIT ACCEL=2000
G1 F12000
G1 X12.487 Y3.168 E.22136
SET_VELOCITY_LIMIT ACCEL=10000
G1 X12.006 Y3.116 F30000
SET_VELOCITY_LIMIT ACCEL=2000
G1 F12000
G1 X17.047 Y-1.925 E.2191
SET_VELOCITY_LIMIT ACCEL=10000
G1 X16.514 Y-1.925 F30000
SET_VELOCITY_LIMIT ACCEL=2000
G1 F12000
G1 X11.472 Y3.116 E.2191
SET_VELOCITY_LIMIT ACCEL=10000
G1 X10.939 Y3.116 F30000
SET_VELOCITY_LIMIT ACCEL=2000
G1 F12000
G1 X15.98 Y-1.925 E.2191
SET_VELOCITY_LIMIT ACCEL=10000
G1 X15.447 Y-1.925 F30000
SET_VELOCITY_LIMIT ACCEL=2000
G1 F12000
G1 X10.406 Y3.116 E.2191
SET_VELOCITY_LIMIT ACCEL=10000
G1 X9.872 Y3.116 F30000
SET_VELOCITY_LIMIT ACCEL=2000
G1 F12000
G1 X14.914 Y-1.925 E.2191
SET_VELOCITY_LIMIT ACCEL=10000
G1 X14.38 Y-1.925 F30000
SET_VELOCITY_LIMIT ACCEL=2000
G1 F12000
G1 X9.339 Y3.116 E.2191
SET_VELOCITY_LIMIT ACCEL=10000
G1 X8.806 Y3.116 F30000
SET_VELOCITY_LIMIT ACCEL=2000
G1 F12000
G1 X13.847 Y-1.925 E.2191
SET_VELOCITY_LIMIT ACCEL=10000
G1 X13.314 Y-1.925 F30000
SET_VELOCITY_LIMIT ACCEL=2000
G1 F12000
G1 X8.272 Y3.116 E.2191
SET_VELOCITY_LIMIT ACCEL=10000
G1 X7.739 Y3.116 F30000
SET_VELOCITY_LIMIT ACCEL=2000
G1 F12000
G1 X12.78 Y-1.925 E.2191
SET_VELOCITY_LIMIT ACCEL=10000
G1 X12.247 Y-1.925 F30000
SET_VELOCITY_LIMIT ACCEL=2000
G1 F12000
G1 X7.206 Y3.116 E.2191
SET_VELOCITY_LIMIT ACCEL=10000
G1 X6.672 Y3.116 F30000
SET_VELOCITY_LIMIT ACCEL=2000
G1 F12000
G1 X11.714 Y-1.925 E.2191
SET_VELOCITY_LIMIT ACCEL=10000
G1 X11.18 Y-1.925 F30000
SET_VELOCITY_LIMIT ACCEL=2000
G1 F12000
G1 X6.139 Y3.116 E.2191
SET_VELOCITY_LIMIT ACCEL=10000
G1 X5.606 Y3.116 F30000
SET_VELOCITY_LIMIT ACCEL=2000
G1 F12000
G1 X10.647 Y-1.925 E.2191
SET_VELOCITY_LIMIT ACCEL=10000
G1 X10.114 Y-1.925 F30000
SET_VELOCITY_LIMIT ACCEL=2000
G1 F12000
G1 X5.072 Y3.116 E.2191
SET_VELOCITY_LIMIT ACCEL=10000
G1 X4.539 Y3.116 F30000
SET_VELOCITY_LIMIT ACCEL=2000
G1 F12000
G1 X9.58 Y-1.925 E.2191
SET_VELOCITY_LIMIT ACCEL=10000
G1 X9.047 Y-1.925 F30000
SET_VELOCITY_LIMIT ACCEL=2000
G1 F12000
G1 X4.006 Y3.116 E.2191
SET_VELOCITY_LIMIT ACCEL=10000
G1 X3.472 Y3.116 F30000
SET_VELOCITY_LIMIT ACCEL=2000
G1 F12000
G1 X8.514 Y-1.925 E.2191
SET_VELOCITY_LIMIT ACCEL=10000
G1 X7.98 Y-1.925 F30000
SET_VELOCITY_LIMIT ACCEL=2000
G1 F12000
G1 X2.939 Y3.116 E.2191
SET_VELOCITY_LIMIT ACCEL=10000
G1 X2.406 Y3.116 F30000
SET_VELOCITY_LIMIT ACCEL=2000
G1 F12000
G1 X7.447 Y-1.925 E.2191
SET_VELOCITY_LIMIT ACCEL=10000
G1 X6.914 Y-1.925 F30000
SET_VELOCITY_LIMIT ACCEL=2000
G1 F12000
G1 X1.872 Y3.116 E.2191
SET_VELOCITY_LIMIT ACCEL=10000
G1 X1.339 Y3.116 F30000
SET_VELOCITY_LIMIT ACCEL=2000
G1 F12000
G1 X6.38 Y-1.925 E.2191
SET_VELOCITY_LIMIT ACCEL=10000
G1 X5.847 Y-1.925 F30000
SET_VELOCITY_LIMIT ACCEL=2000
G1 F12000
G1 X.806 Y3.116 E.2191
SET_VELOCITY_LIMIT ACCEL=10000
G1 X.272 Y3.116 F30000
SET_VELOCITY_LIMIT ACCEL=2000
G1 F12000
G1 X5.314 Y-1.925 E.2191
SET_VELOCITY_LIMIT ACCEL=10000
G1 X4.78 Y-1.925 F30000
SET_VELOCITY_LIMIT ACCEL=2000
G1 F12000
G1 X-.261 Y3.116 E.2191
SET_VELOCITY_LIMIT ACCEL=10000
G1 X-.794 Y3.116 F30000
SET_VELOCITY_LIMIT ACCEL=2000
G1 F12000
G1 X4.247 Y-1.925 E.2191
SET_VELOCITY_LIMIT ACCEL=10000
G1 X3.714 Y-1.925 F30000
SET_VELOCITY_LIMIT ACCEL=2000
G1 F12000
G1 X-1.328 Y3.116 E.2191
SET_VELOCITY_LIMIT ACCEL=10000
G1 X-1.861 Y3.116 F30000
SET_VELOCITY_LIMIT ACCEL=2000
G1 F12000
G1 X3.18 Y-1.925 E.2191
SET_VELOCITY_LIMIT ACCEL=10000
G1 X2.647 Y-1.925 F30000
SET_VELOCITY_LIMIT ACCEL=2000
G1 F12000
G1 X-2.394 Y3.116 E.2191
SET_VELOCITY_LIMIT ACCEL=10000
G1 X-2.928 Y3.116 F30000
SET_VELOCITY_LIMIT ACCEL=2000
G1 F12000
G1 X2.114 Y-1.925 E.2191
SET_VELOCITY_LIMIT ACCEL=10000
G1 X1.58 Y-1.925 F30000
SET_VELOCITY_LIMIT ACCEL=2000
G1 F12000
G1 X-3.461 Y3.116 E.2191
SET_VELOCITY_LIMIT ACCEL=10000
G1 X-3.994 Y3.116 F30000
SET_VELOCITY_LIMIT ACCEL=2000
G1 F12000
G1 X1.047 Y-1.925 E.2191
SET_VELOCITY_LIMIT ACCEL=10000
G1 X.514 Y-1.925 F30000
SET_VELOCITY_LIMIT ACCEL=2000
G1 F12000
G1 X-4.528 Y3.116 E.2191
SET_VELOCITY_LIMIT ACCEL=10000
G1 X-5.061 Y3.116 F30000
SET_VELOCITY_LIMIT ACCEL=2000
G1 F12000
G1 X-.02 Y-1.925 E.2191
SET_VELOCITY_LIMIT ACCEL=10000
G1 X-.553 Y-1.925 F30000
SET_VELOCITY_LIMIT ACCEL=2000
G1 F12000
G1 X-5.594 Y3.116 E.2191
SET_VELOCITY_LIMIT ACCEL=10000
G1 X-6.128 Y3.116 F30000
SET_VELOCITY_LIMIT ACCEL=2000
G1 F12000
G1 X-1.086 Y-1.925 E.2191
SET_VELOCITY_LIMIT ACCEL=10000
G1 X-1.62 Y-1.925 F30000
SET_VELOCITY_LIMIT ACCEL=2000
G1 F12000
G1 X-6.661 Y3.116 E.2191
SET_VELOCITY_LIMIT ACCEL=10000
G1 X-7.194 Y3.116 F30000
M73 P57 R7
SET_VELOCITY_LIMIT ACCEL=2000
G1 F12000
G1 X-2.153 Y-1.925 E.2191
SET_VELOCITY_LIMIT ACCEL=10000
G1 X-2.686 Y-1.925 F30000
SET_VELOCITY_LIMIT ACCEL=2000
G1 F12000
G1 X-7.728 Y3.116 E.2191
SET_VELOCITY_LIMIT ACCEL=10000
G1 X-8.261 Y3.116 F30000
SET_VELOCITY_LIMIT ACCEL=2000
G1 F12000
G1 X-3.22 Y-1.925 E.2191
SET_VELOCITY_LIMIT ACCEL=10000
G1 X-3.753 Y-1.925 F30000
SET_VELOCITY_LIMIT ACCEL=2000
G1 F12000
G1 X-8.794 Y3.116 E.2191
SET_VELOCITY_LIMIT ACCEL=10000
G1 X-9.328 Y3.116 F30000
SET_VELOCITY_LIMIT ACCEL=2000
G1 F12000
G1 X-4.286 Y-1.925 E.2191
SET_VELOCITY_LIMIT ACCEL=10000
G1 X-4.82 Y-1.925 F30000
M73 P58 R7
SET_VELOCITY_LIMIT ACCEL=2000
G1 F12000
G1 X-9.861 Y3.116 E.2191
SET_VELOCITY_LIMIT ACCEL=10000
G1 X-10.394 Y3.116 F30000
SET_VELOCITY_LIMIT ACCEL=2000
G1 F12000
G1 X-5.353 Y-1.925 E.2191
SET_VELOCITY_LIMIT ACCEL=10000
G1 X-5.886 Y-1.925 F30000
SET_VELOCITY_LIMIT ACCEL=2000
G1 F12000
G1 X-10.928 Y3.116 E.2191
SET_VELOCITY_LIMIT ACCEL=10000
G1 X-11.461 Y3.116 F30000
SET_VELOCITY_LIMIT ACCEL=2000
G1 F12000
G1 X-6.42 Y-1.925 E.2191
SET_VELOCITY_LIMIT ACCEL=10000
G1 X-6.953 Y-1.925 F30000
SET_VELOCITY_LIMIT ACCEL=2000
G1 F12000
G1 X-11.994 Y3.116 E.2191
SET_VELOCITY_LIMIT ACCEL=10000
G1 X-12.528 Y3.116 F30000
SET_VELOCITY_LIMIT ACCEL=2000
G1 F12000
G1 X-7.486 Y-1.925 E.2191
SET_VELOCITY_LIMIT ACCEL=10000
G1 X-8.02 Y-1.925 F30000
SET_VELOCITY_LIMIT ACCEL=2000
G1 F12000
G1 X-13.061 Y3.116 E.2191
SET_VELOCITY_LIMIT ACCEL=10000
G1 X-13.594 Y3.116 F30000
SET_VELOCITY_LIMIT ACCEL=2000
G1 F12000
G1 X-8.553 Y-1.925 E.2191
SET_VELOCITY_LIMIT ACCEL=10000
G1 X-9.086 Y-1.925 F30000
SET_VELOCITY_LIMIT ACCEL=2000
G1 F12000
G1 X-14.128 Y3.116 E.2191
SET_VELOCITY_LIMIT ACCEL=10000
G1 X12.26 Y30.062 F30000
SET_VELOCITY_LIMIT ACCEL=2000
G1 F12000
G1 X7.218 Y35.104 E.2191
SET_VELOCITY_LIMIT ACCEL=10000
G1 X6.685 Y35.104 F30000
SET_VELOCITY_LIMIT ACCEL=2000
G1 F12000
G1 X11.726 Y30.062 E.2191
SET_VELOCITY_LIMIT ACCEL=10000
G1 X11.193 Y30.062 F30000
SET_VELOCITY_LIMIT ACCEL=2000
G1 F12000
G1 X6.152 Y35.104 E.2191
SET_VELOCITY_LIMIT ACCEL=10000
G1 X5.618 Y35.104 F30000
SET_VELOCITY_LIMIT ACCEL=2000
G1 F12000
G1 X10.66 Y30.062 E.2191
SET_VELOCITY_LIMIT ACCEL=10000
G1 X10.126 Y30.062 F30000
SET_VELOCITY_LIMIT ACCEL=2000
G1 F12000
G1 X5.085 Y35.104 E.2191
SET_VELOCITY_LIMIT ACCEL=10000
G1 X4.552 Y35.104 F30000
SET_VELOCITY_LIMIT ACCEL=2000
G1 F12000
G1 X9.593 Y30.062 E.2191
SET_VELOCITY_LIMIT ACCEL=10000
G1 X9.06 Y30.062 F30000
SET_VELOCITY_LIMIT ACCEL=2000
G1 F12000
G1 X4.018 Y35.104 E.2191
SET_VELOCITY_LIMIT ACCEL=10000
G1 X3.485 Y35.104 F30000
SET_VELOCITY_LIMIT ACCEL=2000
G1 F12000
G1 X8.526 Y30.062 E.2191
SET_VELOCITY_LIMIT ACCEL=10000
G1 X7.993 Y30.062 F30000
SET_VELOCITY_LIMIT ACCEL=2000
G1 F12000
G1 X2.952 Y35.104 E.2191
SET_VELOCITY_LIMIT ACCEL=10000
G1 X2.418 Y35.104 F30000
SET_VELOCITY_LIMIT ACCEL=2000
G1 F12000
G1 X7.46 Y30.062 E.2191
SET_VELOCITY_LIMIT ACCEL=10000
G1 X6.926 Y30.062 F30000
SET_VELOCITY_LIMIT ACCEL=2000
G1 F12000
G1 X1.885 Y35.104 E.2191
SET_VELOCITY_LIMIT ACCEL=10000
G1 X1.352 Y35.104 F30000
SET_VELOCITY_LIMIT ACCEL=2000
G1 F12000
G1 X6.393 Y30.062 E.2191
SET_VELOCITY_LIMIT ACCEL=10000
G1 X5.86 Y30.062 F30000
SET_VELOCITY_LIMIT ACCEL=2000
G1 F12000
G1 X.818 Y35.104 E.2191
SET_VELOCITY_LIMIT ACCEL=10000
G1 X.285 Y35.104 F30000
SET_VELOCITY_LIMIT ACCEL=2000
G1 F12000
G1 X5.326 Y30.062 E.2191
SET_VELOCITY_LIMIT ACCEL=10000
G1 X4.793 Y30.062 F30000
SET_VELOCITY_LIMIT ACCEL=2000
G1 F12000
G1 X-.248 Y35.104 E.2191
SET_VELOCITY_LIMIT ACCEL=10000
G1 X-.782 Y35.104 F30000
SET_VELOCITY_LIMIT ACCEL=2000
G1 F12000
G1 X4.26 Y30.062 E.2191
SET_VELOCITY_LIMIT ACCEL=10000
G1 X3.726 Y30.062 F30000
SET_VELOCITY_LIMIT ACCEL=2000
G1 F12000
G1 X-1.315 Y35.104 E.2191
SET_VELOCITY_LIMIT ACCEL=10000
G1 X-1.848 Y35.104 F30000
SET_VELOCITY_LIMIT ACCEL=2000
G1 F12000
G1 X3.193 Y30.062 E.2191
SET_VELOCITY_LIMIT ACCEL=10000
G1 X2.66 Y30.062 F30000
SET_VELOCITY_LIMIT ACCEL=2000
G1 F12000
G1 X-2.382 Y35.104 E.2191
SET_VELOCITY_LIMIT ACCEL=10000
G1 X-2.915 Y35.104 F30000
SET_VELOCITY_LIMIT ACCEL=2000
G1 F12000
G1 X2.126 Y30.062 E.2191
SET_VELOCITY_LIMIT ACCEL=10000
G1 X1.593 Y30.062 F30000
SET_VELOCITY_LIMIT ACCEL=2000
G1 F12000
G1 X-3.448 Y35.104 E.2191
SET_VELOCITY_LIMIT ACCEL=10000
G1 X-3.982 Y35.104 F30000
SET_VELOCITY_LIMIT ACCEL=2000
G1 F12000
G1 X1.06 Y30.062 E.2191
SET_VELOCITY_LIMIT ACCEL=10000
G1 X.526 Y30.062 F30000
SET_VELOCITY_LIMIT ACCEL=2000
G1 F12000
G1 X-4.515 Y35.104 E.2191
SET_VELOCITY_LIMIT ACCEL=10000
G1 X-5.049 Y35.104 F30000
SET_VELOCITY_LIMIT ACCEL=2000
G1 F12000
G1 X-.007 Y30.062 E.2191
SET_VELOCITY_LIMIT ACCEL=10000
G1 X-.54 Y30.062 F30000
SET_VELOCITY_LIMIT ACCEL=2000
G1 F12000
G1 X-5.582 Y35.104 E.2191
SET_VELOCITY_LIMIT ACCEL=10000
G1 X-6.115 Y35.104 F30000
SET_VELOCITY_LIMIT ACCEL=2000
G1 F12000
G1 X-1.074 Y30.062 E.2191
SET_VELOCITY_LIMIT ACCEL=10000
G1 X-1.607 Y30.062 F30000
SET_VELOCITY_LIMIT ACCEL=2000
G1 F12000
G1 X-6.649 Y35.104 E.2191
SET_VELOCITY_LIMIT ACCEL=10000
G1 X-7.182 Y35.104 F30000
SET_VELOCITY_LIMIT ACCEL=2000
G1 F12000
G1 X-2.14 Y30.062 E.2191
SET_VELOCITY_LIMIT ACCEL=10000
G1 X-2.674 Y30.062 F30000
SET_VELOCITY_LIMIT ACCEL=2000
G1 F12000
G1 X-7.715 Y35.104 E.2191
SET_VELOCITY_LIMIT ACCEL=10000
G1 X-8.249 Y35.104 F30000
SET_VELOCITY_LIMIT ACCEL=2000
G1 F12000
G1 X-3.207 Y30.062 E.2191
SET_VELOCITY_LIMIT ACCEL=10000
G1 X-3.74 Y30.062 F30000
SET_VELOCITY_LIMIT ACCEL=2000
G1 F12000
G1 X-8.782 Y35.104 E.2191
SET_VELOCITY_LIMIT ACCEL=10000
G1 X-9.315 Y35.104 F30000
SET_VELOCITY_LIMIT ACCEL=2000
G1 F12000
G1 X-4.274 Y30.062 E.2191
SET_VELOCITY_LIMIT ACCEL=10000
G1 X-4.807 Y30.062 F30000
SET_VELOCITY_LIMIT ACCEL=2000
G1 F12000
G1 X-9.849 Y35.104 E.2191
SET_VELOCITY_LIMIT ACCEL=10000
G1 X-10.382 Y35.104 F30000
SET_VELOCITY_LIMIT ACCEL=2000
G1 F12000
G1 X-5.34 Y30.062 E.2191
SET_VELOCITY_LIMIT ACCEL=10000
G1 X-5.874 Y30.062 F30000
SET_VELOCITY_LIMIT ACCEL=2000
G1 F12000
G1 X-10.915 Y35.104 E.2191
SET_VELOCITY_LIMIT ACCEL=10000
G1 X-11.449 Y35.104 F30000
SET_VELOCITY_LIMIT ACCEL=2000
G1 F12000
G1 X-6.407 Y30.062 E.2191
SET_VELOCITY_LIMIT ACCEL=10000
G1 X-6.94 Y30.062 F30000
SET_VELOCITY_LIMIT ACCEL=2000
G1 F12000
G1 X-11.982 Y35.104 E.2191
SET_VELOCITY_LIMIT ACCEL=10000
G1 X-12.515 Y35.104 F30000
SET_VELOCITY_LIMIT ACCEL=2000
G1 F12000
G1 X-7.474 Y30.062 E.2191
SET_VELOCITY_LIMIT ACCEL=10000
G1 X-8.007 Y30.062 F30000
SET_VELOCITY_LIMIT ACCEL=2000
G1 F12000
G1 X-13.049 Y35.104 E.2191
SET_VELOCITY_LIMIT ACCEL=10000
G1 X-13.582 Y35.104 F30000
SET_VELOCITY_LIMIT ACCEL=2000
G1 F12000
G1 X-8.54 Y30.062 E.2191
SET_VELOCITY_LIMIT ACCEL=10000
G1 X-9.074 Y30.062 F30000
SET_VELOCITY_LIMIT ACCEL=2000
G1 F12000
G1 X-14.115 Y35.104 E.2191
SET_VELOCITY_LIMIT ACCEL=10000
G1 X-14.649 Y35.104 F30000
SET_VELOCITY_LIMIT ACCEL=2000
G1 F12000
G1 X-9.607 Y30.062 E.2191
SET_VELOCITY_LIMIT ACCEL=10000
G1 X-10.14 Y30.062 F30000
SET_VELOCITY_LIMIT ACCEL=2000
G1 F12000
G1 X-15.182 Y35.104 E.2191
SET_VELOCITY_LIMIT ACCEL=10000
G1 X-15.715 Y35.104 F30000
SET_VELOCITY_LIMIT ACCEL=2000
G1 F12000
G1 X-10.674 Y30.062 E.2191
SET_VELOCITY_LIMIT ACCEL=10000
G1 X-11.207 Y30.062 F30000
SET_VELOCITY_LIMIT ACCEL=2000
G1 F12000
G1 X-16.249 Y35.104 E.2191
SET_VELOCITY_LIMIT ACCEL=10000
G1 X-16.782 Y35.104 F30000
SET_VELOCITY_LIMIT ACCEL=2000
G1 F12000
G1 X-11.74 Y30.062 E.2191
SET_VELOCITY_LIMIT ACCEL=10000
G1 X-12.274 Y30.062 F30000
SET_VELOCITY_LIMIT ACCEL=2000
G1 F12000
G1 X-17.315 Y35.104 E.2191
SET_VELOCITY_LIMIT ACCEL=10000
G1 X-17.849 Y35.104 F30000
SET_VELOCITY_LIMIT ACCEL=2000
G1 F12000
G1 X-12.807 Y30.062 E.2191
SET_VELOCITY_LIMIT ACCEL=10000
G1 X-13.34 Y30.062 F30000
SET_VELOCITY_LIMIT ACCEL=2000
G1 F12000
G1 X-18.382 Y35.104 E.2191
SET_VELOCITY_LIMIT ACCEL=10000
G1 X-18.915 Y35.104 F30000
SET_VELOCITY_LIMIT ACCEL=2000
G1 F12000
G1 X-13.874 Y30.062 E.2191
SET_VELOCITY_LIMIT ACCEL=10000
G1 X-14.355 Y30.011 F30000
SET_VELOCITY_LIMIT ACCEL=2000
G1 F12000
G1 X-19.448 Y35.104 E.22136
SET_VELOCITY_LIMIT ACCEL=10000
G1 X-19.448 Y34.571 F30000
SET_VELOCITY_LIMIT ACCEL=2000
G1 F12000
G1 X-14.407 Y29.529 E.2191
SET_VELOCITY_LIMIT ACCEL=10000
G1 X-14.407 Y28.996 F30000
SET_VELOCITY_LIMIT ACCEL=2000
G1 F12000
G1 X-19.448 Y34.037 E.2191
SET_VELOCITY_LIMIT ACCEL=10000
G1 X-19.448 Y33.504 F30000
SET_VELOCITY_LIMIT ACCEL=2000
G1 F12000
G1 X-14.407 Y28.462 E.2191
SET_VELOCITY_LIMIT ACCEL=10000
G1 X-14.407 Y27.929 F30000
SET_VELOCITY_LIMIT ACCEL=2000
G1 F12000
G1 X-19.448 Y32.971 E.2191
SET_VELOCITY_LIMIT ACCEL=10000
G1 X-19.448 Y32.437 F30000
SET_VELOCITY_LIMIT ACCEL=2000
G1 F12000
G1 X-14.407 Y27.396 E.2191
SET_VELOCITY_LIMIT ACCEL=10000
G1 X-14.407 Y26.862 F30000
SET_VELOCITY_LIMIT ACCEL=2000
G1 F12000
G1 X-19.448 Y31.904 E.2191
SET_VELOCITY_LIMIT ACCEL=10000
G1 X-19.448 Y31.371 F30000
SET_VELOCITY_LIMIT ACCEL=2000
G1 F12000
G1 X-14.407 Y26.329 E.2191
SET_VELOCITY_LIMIT ACCEL=10000
G1 X-14.407 Y25.796 F30000
SET_VELOCITY_LIMIT ACCEL=2000
G1 F12000
G1 X-19.448 Y30.837 E.2191
SET_VELOCITY_LIMIT ACCEL=10000
G1 X-19.448 Y30.304 F30000
SET_VELOCITY_LIMIT ACCEL=2000
G1 F12000
G1 X-14.407 Y25.262 E.2191
SET_VELOCITY_LIMIT ACCEL=10000
G1 X-14.407 Y24.729 F30000
SET_VELOCITY_LIMIT ACCEL=2000
G1 F12000
G1 X-19.448 Y29.771 E.2191
SET_VELOCITY_LIMIT ACCEL=10000
G1 X-19.448 Y29.237 F30000
SET_VELOCITY_LIMIT ACCEL=2000
G1 F12000
G1 X-14.407 Y24.196 E.2191
SET_VELOCITY_LIMIT ACCEL=10000
G1 X-14.407 Y23.662 F30000
SET_VELOCITY_LIMIT ACCEL=2000
G1 F12000
G1 X-19.448 Y28.704 E.2191
SET_VELOCITY_LIMIT ACCEL=10000
G1 X-19.448 Y28.171 F30000
SET_VELOCITY_LIMIT ACCEL=2000
G1 F12000
G1 X-14.407 Y23.129 E.2191
SET_VELOCITY_LIMIT ACCEL=10000
G1 X-14.407 Y22.596 F30000
SET_VELOCITY_LIMIT ACCEL=2000
G1 F12000
G1 X-19.448 Y27.637 E.2191
SET_VELOCITY_LIMIT ACCEL=10000
G1 X-19.448 Y27.104 F30000
SET_VELOCITY_LIMIT ACCEL=2000
G1 F12000
G1 X-14.407 Y22.062 E.2191
SET_VELOCITY_LIMIT ACCEL=10000
G1 X-14.407 Y21.529 F30000
SET_VELOCITY_LIMIT ACCEL=2000
G1 F12000
G1 X-19.448 Y26.571 E.2191
SET_VELOCITY_LIMIT ACCEL=10000
G1 X-19.448 Y26.037 F30000
SET_VELOCITY_LIMIT ACCEL=2000
G1 F12000
G1 X-14.407 Y20.996 E.2191
SET_VELOCITY_LIMIT ACCEL=10000
G1 X-14.407 Y20.462 F30000
SET_VELOCITY_LIMIT ACCEL=2000
G1 F12000
G1 X-19.448 Y25.504 E.2191
SET_VELOCITY_LIMIT ACCEL=10000
G1 X-19.448 Y24.971 F30000
SET_VELOCITY_LIMIT ACCEL=2000
G1 F12000
G1 X-14.407 Y19.929 E.2191
SET_VELOCITY_LIMIT ACCEL=10000
G1 X-14.407 Y19.396 F30000
SET_VELOCITY_LIMIT ACCEL=2000
G1 F12000
G1 X-19.448 Y24.437 E.2191
SET_VELOCITY_LIMIT ACCEL=10000
G1 X-19.448 Y23.904 F30000
SET_VELOCITY_LIMIT ACCEL=2000
G1 F12000
G1 X-14.407 Y18.862 E.2191
SET_VELOCITY_LIMIT ACCEL=10000
G1 X-14.407 Y18.329 F30000
SET_VELOCITY_LIMIT ACCEL=2000
G1 F12000
G1 X-19.448 Y23.371 E.2191
SET_VELOCITY_LIMIT ACCEL=10000
G1 X-19.448 Y22.837 F30000
SET_VELOCITY_LIMIT ACCEL=2000
G1 F12000
G1 X-14.407 Y17.796 E.2191
SET_VELOCITY_LIMIT ACCEL=10000
G1 X-14.407 Y17.262 F30000
SET_VELOCITY_LIMIT ACCEL=2000
G1 F12000
G1 X-19.448 Y22.304 E.2191
SET_VELOCITY_LIMIT ACCEL=10000
G1 X-19.448 Y21.771 F30000
SET_VELOCITY_LIMIT ACCEL=2000
G1 F12000
G1 X-14.407 Y16.729 E.2191
SET_VELOCITY_LIMIT ACCEL=10000
G1 X-14.407 Y16.196 F30000
SET_VELOCITY_LIMIT ACCEL=2000
G1 F12000
G1 X-19.448 Y21.237 E.2191
SET_VELOCITY_LIMIT ACCEL=10000
G1 X-19.448 Y20.704 F30000
SET_VELOCITY_LIMIT ACCEL=2000
G1 F12000
G1 X-14.407 Y15.662 E.2191
SET_VELOCITY_LIMIT ACCEL=10000
G1 X-14.407 Y15.129 F30000
SET_VELOCITY_LIMIT ACCEL=2000
G1 F12000
G1 X-19.448 Y20.171 E.2191
SET_VELOCITY_LIMIT ACCEL=10000
G1 X-19.448 Y19.637 F30000
SET_VELOCITY_LIMIT ACCEL=2000
G1 F12000
G1 X-14.407 Y14.596 E.2191
SET_VELOCITY_LIMIT ACCEL=10000
G1 X-14.407 Y14.062 F30000
M73 P59 R7
SET_VELOCITY_LIMIT ACCEL=2000
G1 F12000
G1 X-19.448 Y19.104 E.2191
SET_VELOCITY_LIMIT ACCEL=10000
G1 X-19.448 Y18.571 F30000
SET_VELOCITY_LIMIT ACCEL=2000
G1 F12000
G1 X-14.407 Y13.529 E.2191
SET_VELOCITY_LIMIT ACCEL=10000
G1 X-14.407 Y12.996 F30000
SET_VELOCITY_LIMIT ACCEL=2000
G1 F12000
G1 X-19.448 Y18.037 E.2191
SET_VELOCITY_LIMIT ACCEL=10000
G1 X-19.448 Y17.504 F30000
SET_VELOCITY_LIMIT ACCEL=2000
G1 F12000
G1 X-14.407 Y12.462 E.2191
SET_VELOCITY_LIMIT ACCEL=10000
G1 X-14.407 Y11.929 F30000
SET_VELOCITY_LIMIT ACCEL=2000
G1 F12000
G1 X-19.448 Y16.971 E.2191
SET_VELOCITY_LIMIT ACCEL=10000
G1 X-19.448 Y16.437 F30000
SET_VELOCITY_LIMIT ACCEL=2000
G1 F12000
G1 X-14.407 Y11.396 E.2191
SET_VELOCITY_LIMIT ACCEL=10000
G1 X-14.407 Y10.862 F30000
SET_VELOCITY_LIMIT ACCEL=2000
G1 F12000
G1 X-19.448 Y15.904 E.2191
SET_VELOCITY_LIMIT ACCEL=10000
G1 X-19.448 Y15.371 F30000
SET_VELOCITY_LIMIT ACCEL=2000
G1 F12000
G1 X-14.407 Y10.329 E.2191
SET_VELOCITY_LIMIT ACCEL=10000
G1 X-14.407 Y9.796 F30000
SET_VELOCITY_LIMIT ACCEL=2000
G1 F12000
G1 X-19.448 Y14.837 E.2191
SET_VELOCITY_LIMIT ACCEL=10000
G1 X-19.448 Y14.304 F30000
SET_VELOCITY_LIMIT ACCEL=2000
G1 F12000
G1 X-14.407 Y9.262 E.2191
SET_VELOCITY_LIMIT ACCEL=10000
G1 X-14.407 Y8.729 F30000
SET_VELOCITY_LIMIT ACCEL=2000
G1 F12000
G1 X-19.448 Y13.771 E.2191
SET_VELOCITY_LIMIT ACCEL=10000
G1 X-19.448 Y13.237 F30000
SET_VELOCITY_LIMIT ACCEL=2000
G1 F12000
G1 X-14.407 Y8.196 E.2191
SET_VELOCITY_LIMIT ACCEL=10000
G1 X-14.407 Y7.662 F30000
SET_VELOCITY_LIMIT ACCEL=2000
G1 F12000
G1 X-19.448 Y12.704 E.2191
SET_VELOCITY_LIMIT ACCEL=10000
G1 X-19.448 Y12.171 F30000
SET_VELOCITY_LIMIT ACCEL=2000
G1 F12000
G1 X-14.407 Y7.129 E.2191
SET_VELOCITY_LIMIT ACCEL=10000
G1 X-14.407 Y6.596 F30000
SET_VELOCITY_LIMIT ACCEL=2000
G1 F12000
G1 X-19.448 Y11.637 E.2191
SET_VELOCITY_LIMIT ACCEL=10000
G1 X-19.448 Y11.104 F30000
SET_VELOCITY_LIMIT ACCEL=2000
G1 F12000
G1 X-14.407 Y6.062 E.2191
SET_VELOCITY_LIMIT ACCEL=10000
G1 X-14.407 Y5.529 F30000
SET_VELOCITY_LIMIT ACCEL=2000
G1 F12000
G1 X-19.448 Y10.571 E.2191
SET_VELOCITY_LIMIT ACCEL=10000
G1 X-19.448 Y10.037 F30000
SET_VELOCITY_LIMIT ACCEL=2000
G1 F12000
G1 X-14.407 Y4.996 E.2191
SET_VELOCITY_LIMIT ACCEL=10000
G1 X-14.407 Y4.462 F30000
SET_VELOCITY_LIMIT ACCEL=2000
G1 F12000
G1 X-19.448 Y9.504 E.2191
SET_VELOCITY_LIMIT ACCEL=10000
G1 X-19.448 Y8.971 F30000
SET_VELOCITY_LIMIT ACCEL=2000
G1 F12000
G1 X-14.407 Y3.929 E.2191
SET_VELOCITY_LIMIT ACCEL=10000
G1 X-14.407 Y3.396 F30000
SET_VELOCITY_LIMIT ACCEL=2000
G1 F12000
G1 X-19.448 Y8.437 E.2191
SET_VELOCITY_LIMIT ACCEL=10000
G1 X-19.448 Y7.904 F30000
SET_VELOCITY_LIMIT ACCEL=2000
G1 F12000
G1 X-9.62 Y-1.925 E.42716
SET_VELOCITY_LIMIT ACCEL=10000
G1 X-10.153 Y-1.925 F30000
SET_VELOCITY_LIMIT ACCEL=2000
G1 F12000
G1 X-19.448 Y7.371 E.40398
SET_VELOCITY_LIMIT ACCEL=10000
G1 X-19.448 Y6.837 F30000
SET_VELOCITY_LIMIT ACCEL=2000
G1 F12000
G1 X-10.686 Y-1.925 E.38081
SET_VELOCITY_LIMIT ACCEL=10000
G1 X-11.22 Y-1.925 F30000
SET_VELOCITY_LIMIT ACCEL=2000
G1 F12000
G1 X-19.448 Y6.304 E.35763
SET_VELOCITY_LIMIT ACCEL=10000
G1 X-19.448 Y5.771 F30000
SET_VELOCITY_LIMIT ACCEL=2000
G1 F12000
G1 X-11.753 Y-1.925 E.33445
SET_VELOCITY_LIMIT ACCEL=10000
G1 X-12.286 Y-1.925 F30000
SET_VELOCITY_LIMIT ACCEL=2000
G1 F12000
G1 X-19.448 Y5.237 E.31127
SET_VELOCITY_LIMIT ACCEL=10000
G1 X-19.448 Y4.704 F30000
SET_VELOCITY_LIMIT ACCEL=2000
G1 F12000
G1 X-12.82 Y-1.925 E.28809
SET_VELOCITY_LIMIT ACCEL=10000
G1 X-13.353 Y-1.925 F30000
SET_VELOCITY_LIMIT ACCEL=2000
G1 F12000
G1 X-19.448 Y4.171 E.26491
SET_VELOCITY_LIMIT ACCEL=10000
G1 X-19.448 Y3.637 F30000
SET_VELOCITY_LIMIT ACCEL=2000
G1 F12000
G1 X-13.886 Y-1.925 E.24173
SET_VELOCITY_LIMIT ACCEL=10000
G1 X-14.42 Y-1.925 F30000
SET_VELOCITY_LIMIT ACCEL=2000
G1 F12000
G1 X-19.448 Y3.104 E.21856
SET_VELOCITY_LIMIT ACCEL=10000
G1 X-19.448 Y2.571 F30000
SET_VELOCITY_LIMIT ACCEL=2000
G1 F12000
G1 X-14.953 Y-1.925 E.19538
SET_VELOCITY_LIMIT ACCEL=10000
G1 X-15.486 Y-1.925 F30000
SET_VELOCITY_LIMIT ACCEL=2000
G1 F12000
G1 X-19.448 Y2.037 E.1722
SET_VELOCITY_LIMIT ACCEL=10000
G1 X-19.448 Y1.504 F30000
SET_VELOCITY_LIMIT ACCEL=2000
G1 F12000
G1 X-16.02 Y-1.925 E.14902
SET_VELOCITY_LIMIT ACCEL=10000
G1 X-16.553 Y-1.925 F30000
SET_VELOCITY_LIMIT ACCEL=2000
G1 F12000
G1 X-19.448 Y.971 E.12584
SET_VELOCITY_LIMIT ACCEL=10000
G1 X-19.448 Y.437 F30000
SET_VELOCITY_LIMIT ACCEL=2000
G1 F12000
G1 X-17.086 Y-1.925 E.10266
SET_VELOCITY_LIMIT ACCEL=10000
G1 X-17.62 Y-1.925 F30000
SET_VELOCITY_LIMIT ACCEL=2000
G1 F12000
G1 X-19.448 Y-.096 E.07948
SET_VELOCITY_LIMIT ACCEL=10000
G1 X-19.448 Y-.629 F30000
SET_VELOCITY_LIMIT ACCEL=2000
G1 F12000
G1 X-18.153 Y-1.925 E.0563
SET_VELOCITY_LIMIT ACCEL=10000
G1 X-18.686 Y-1.925 F30000
SET_VELOCITY_LIMIT ACCEL=2000
G1 F12000
G1 X-19.448 Y-1.163 E.03313
SET_VELOCITY_LIMIT ACCEL=10000
G1 E-.8 F2100
;WIPE_START
G1 F12000
G1 X-18.686 Y-1.925
;WIPE_END
G1 X-12.37 Y2.359 Z10.4 F30000
G1 X-10.925 Y3.339 Z10.4
G1 Z10
G1 E.8 F2100
;TYPE:Sparse infill
;WIDTH:0.45
G1 F16200
G1 X-12.553 Y3.339 E.05401
G1 X-14.185 Y4.97 E.07652
G1 X-14.185 Y9.115 E.1375
G1 X-8.408 Y3.339 E.27097
G1 X-4.263 Y3.339 E.1375
G1 X-14.185 Y13.26 E.46542
G1 X-14.185 Y17.405 E.1375
G1 X-.118 Y3.339 E.65987
G1 X4.027 Y3.339 E.1375
G1 X-14.185 Y21.55 E.85432
G1 X-14.185 Y25.695 E.1375
G1 X8.172 Y3.339 E1.04877
G1 X12.317 Y3.339 E.1375
G1 X-14.185 Y29.84 E1.24322
G1 X-10.04 Y29.84 E.1375
G1 X12.317 Y7.484 E1.04877
G1 X12.317 Y11.629 E.1375
G1 X-5.895 Y29.84 E.85432
G1 X-1.749 Y29.84 E.1375
G1 X12.317 Y15.774 E.65987
G1 X12.317 Y19.919 E.1375
G1 X2.396 Y29.84 E.46542
G1 X.767 Y29.84 E.05401
G1 X12.317 Y29.837 F30000
G1 F16200
G1 X12.317 Y28.209 E.05401
G1 X10.686 Y29.84 E.07652
G1 X6.541 Y29.84 E.1375
G1 X12.317 Y24.064 E.27097
G1 X12.317 Y25.692 E.05401
;LAYER_CHANGE
;Z:10.2
;HEIGHT:0.2
;BEFORE_LAYER_CHANGE
;10.2
G1 E-.8 F2100
;WIPE_START
G1 F16200
G1 X12.317 Y24.064
G1 X12.054 Y24.327
;WIPE_END
;AFTER_LAYER_CHANGE
;10.2
;_SET_FAN_SPEED_CHANGING_LAYER
G1 F30000
G1 X11.4716 Y24.3115 Z10.2308
G1 X10.9631 Y24.0273 Z10.2615
G1 X10.6449 Y23.5394 Z10.2923
G1 X10.5899 Y22.9595 Z10.3231
G1 X10.8107 Y22.4205 Z10.3538
G1 X11.2567 Y22.0459 Z10.3846
G1 X11.8257 Y21.9214 Z10.4154
G1 X12.3874 Y22.0756 Z10.4462
G1 X12.8131 Y22.4732 Z10.4769
G1 X13.0053 Y23.023 Z10.5077
G1 X12.9199 Y23.5992 Z10.5385
G1 X12.5765 Y24.0697 Z10.5692
G1 X12.0538 Y24.3268 Z10.6
G1 X-14.475 Y30.13 Z10.6
G1 Z10.2
G1 E.8 F2100
SET_VELOCITY_LIMIT ACCEL=5000
;TYPE:Inner wall
G1 F7680
G1 X-14.475 Y3.049 E.89835
G1 X12.607 Y3.049 E.89835
G1 X12.607 Y30.13 E.89835
G1 X-14.435 Y30.13 E.89702
SET_VELOCITY_LIMIT ACCEL=10000
G1 X-14.882 Y30.537 F30000
SET_VELOCITY_LIMIT ACCEL=5000
G1 F7680
G1 X-14.882 Y2.642 E.92536
G1 X13.014 Y2.642 E.92536
G1 X13.014 Y30.537 E.92536
G1 X-14.842 Y30.537 E.92403
SET_VELOCITY_LIMIT ACCEL=10000
G1 X-15.289 Y30.944 F30000
SET_VELOCITY_LIMIT ACCEL=5000
G1 F7680
G1 X-15.289 Y2.234 E.95236
G1 X13.421 Y2.234 E.95236
G1 X13.421 Y30.944 E.95236
G1 X-15.249 Y30.944 E.95104
G1 X-15.724 Y31.379 F30000
;TYPE:Outer wall
;WIDTH:0.42
G1 F7680
G1 X-15.724 Y1.799 E.90891
G1 X13.856 Y1.799 E.90891
G1 X13.856 Y31.379 E.90891
G1 X-15.684 Y31.379 E.90768
SET_VELOCITY_LIMIT ACCEL=10000
G1 E-.8 F2100
;WIPE_START
G1 F12000
G1 X-15.687 Y29.379
;WIPE_END
G1 X-8.056 Y29.546 Z10.6 F30000
G1 X8.978 Y29.919 Z10.6
G1 Z10.2
M73 P60 R7
G1 E.8 F2100
;TYPE:Sparse infill
;WIDTH:0.45
G1 F7680
G1 X10.606 Y29.919 E.05401
G1 X12.396 Y28.13 E.08395
G1 X12.396 Y23.985 E.1375
G1 X6.461 Y29.919 E.2784
G1 X2.316 Y29.919 E.1375
G1 X12.396 Y19.84 E.47285
G1 X12.396 Y15.695 E.1375
G1 X-1.829 Y29.919 E.6673
G1 X-5.974 Y29.919 E.1375
G1 X12.396 Y11.55 E.86175
G1 X12.396 Y7.405 E.1375
G1 X-10.119 Y29.919 E1.05621
G1 X-14.264 Y29.919 E.1375
G1 X12.396 Y3.26 E1.25066
G1 X8.251 Y3.26 E.1375
G1 X-14.264 Y25.774 E1.05621
G1 X-14.264 Y21.629 E.1375
G1 X4.106 Y3.26 E.86175
G1 X-.039 Y3.26 E.1375
G1 X-14.264 Y17.484 E.6673
G1 X-14.264 Y13.339 E.1375
G1 X-4.184 Y3.26 E.47285
G1 X-8.329 Y3.26 E.1375
G1 X-14.264 Y9.194 E.2784
G1 X-14.264 Y5.049 E.1375
G1 X-12.474 Y3.26 E.08395
G1 X-10.846 Y3.26 E.05401
;LAYER_CHANGE
;Z:10.4
;HEIGHT:0.2
;BEFORE_LAYER_CHANGE
;10.4
G1 E-.8 F2100
;WIPE_START
G1 F16200
G1 X-12.474 Y3.26
G1 X-12.737 Y3.522
;WIPE_END
;AFTER_LAYER_CHANGE
;10.4
;_SET_FAN_SPEED_CHANGING_LAYER
G1 F30000
G1 X-12.913 Y4.07774 Z10.4308
G1 X-13.3269 Y4.48763 Z10.4615
G1 X-13.8838 Y4.65825 Z10.4923
G1 X-14.4562 Y4.55051 Z10.5231
G1 X-14.913 Y4.18908 Z10.5538
G1 X-15.1495 Y3.65678 Z10.5846
G1 X-15.1116 Y3.07554 Z10.6154
G1 X-14.8078 Y2.57852 Z10.6462
G1 X-14.3079 Y2.27958 Z10.6769
G1 X-13.7264 Y2.2472 Z10.7077
G1 X-13.1964 Y2.4888 Z10.7385
G1 X-12.8393 Y2.94904 Z10.7692
G1 X-12.7371 Y3.52247 Z10.8
G1 X-14.475 Y30.13 Z10.8
G1 Z10.4
G1 E.8 F2100
SET_VELOCITY_LIMIT ACCEL=5000
;TYPE:Inner wall
G1 F7680
G1 X-14.475 Y3.049 E.89835
G1 X12.607 Y3.049 E.89835
G1 X12.607 Y30.13 E.89835
G1 X-14.435 Y30.13 E.89702
SET_VELOCITY_LIMIT ACCEL=10000
G1 X-14.882 Y30.537 F30000
SET_VELOCITY_LIMIT ACCEL=5000
G1 F7680
G1 X-14.882 Y2.642 E.92536
G1 X13.014 Y2.642 E.92536
G1 X13.014 Y30.537 E.92536
G1 X-14.842 Y30.537 E.92403
SET_VELOCITY_LIMIT ACCEL=10000
G1 X-15.289 Y30.944 F30000
SET_VELOCITY_LIMIT ACCEL=5000
G1 F7680
G1 X-15.289 Y2.234 E.95236
G1 X13.421 Y2.234 E.95236
G1 X13.421 Y30.944 E.95236
G1 X-15.249 Y30.944 E.95104
G1 X-15.724 Y31.379 F30000
;TYPE:Outer wall
;WIDTH:0.42
G1 F7680
G1 X-15.724 Y1.799 E.90891
G1 X13.856 Y1.799 E.90891
G1 X13.856 Y31.379 E.90891
G1 X-15.684 Y31.379 E.90768
SET_VELOCITY_LIMIT ACCEL=10000
G1 E-.8 F2100
;WIPE_START
G1 F12000
G1 X-15.687 Y29.379
;WIPE_END
G1 X-8.056 Y29.546 Z10.8 F30000
G1 X8.978 Y29.919 Z10.8
G1 Z10.4
G1 E.8 F2100
;TYPE:Sparse infill
;WIDTH:0.45
G1 F7680
G1 X10.606 Y29.919 E.05401
G1 X12.396 Y28.13 E.08395
G1 X12.396 Y23.985 E.1375
G1 X6.461 Y29.919 E.2784
G1 X2.316 Y29.919 E.1375
G1 X12.396 Y19.84 E.47285
G1 X12.396 Y15.695 E.1375
G1 X-1.829 Y29.919 E.6673
G1 X-5.974 Y29.919 E.1375
G1 X12.396 Y11.55 E.86175
G1 X12.396 Y7.405 E.1375
G1 X-10.119 Y29.919 E1.05621
G1 X-14.264 Y29.919 E.1375
G1 X12.396 Y3.26 E1.25066
G1 X8.251 Y3.26 E.1375
G1 X-14.264 Y25.774 E1.05621
G1 X-14.264 Y21.629 E.1375
G1 X4.106 Y3.26 E.86175
G1 X-.039 Y3.26 E.1375
G1 X-14.264 Y17.484 E.6673
G1 X-14.264 Y13.339 E.1375
G1 X-4.184 Y3.26 E.47285
G1 X-8.329 Y3.26 E.1375
G1 X-14.264 Y9.194 E.2784
G1 X-14.264 Y5.049 E.1375
G1 X-12.474 Y3.26 E.08395
G1 X-10.846 Y3.26 E.05401
;LAYER_CHANGE
;Z:10.6
;HEIGHT:0.200001
;BEFORE_LAYER_CHANGE
;10.6
G1 E-.8 F2100
;WIPE_START
G1 F16200
G1 X-12.474 Y3.26
G1 X-12.737 Y3.522
;WIPE_END
;AFTER_LAYER_CHANGE
;10.6
;_SET_FAN_SPEED_CHANGING_LAYER
G1 F30000
G1 X-12.913 Y4.07774 Z10.6308
G1 X-13.3269 Y4.48763 Z10.6615
G1 X-13.8838 Y4.65825 Z10.6923
G1 X-14.4562 Y4.55051 Z10.7231
G1 X-14.913 Y4.18908 Z10.7538
G1 X-15.1495 Y3.65678 Z10.7846
G1 X-15.1116 Y3.07554 Z10.8154
G1 X-14.8078 Y2.57852 Z10.8462
G1 X-14.3079 Y2.27958 Z10.8769
G1 X-13.7264 Y2.2472 Z10.9077
G1 X-13.1964 Y2.4888 Z10.9385
G1 X-12.8393 Y2.94904 Z10.9692
G1 X-12.7371 Y3.52247 Z11
G1 X-14.475 Y30.13 Z11
G1 Z10.6
G1 E.8 F2100
SET_VELOCITY_LIMIT ACCEL=5000
;TYPE:Inner wall
G1 F7798
G1 X-14.475 Y3.049 E.89835
G1 X12.607 Y3.049 E.89835
G1 X12.607 Y30.13 E.89835
G1 X-14.435 Y30.13 E.89702
SET_VELOCITY_LIMIT ACCEL=10000
G1 X-14.882 Y30.537 F30000
SET_VELOCITY_LIMIT ACCEL=5000
G1 F7798
G1 X-14.882 Y2.642 E.92536
G1 X13.014 Y2.642 E.92536
M73 P61 R7
G1 X13.014 Y30.537 E.92536
G1 X-14.842 Y30.537 E.92403
SET_VELOCITY_LIMIT ACCEL=10000
G1 X-15.289 Y30.944 F30000
SET_VELOCITY_LIMIT ACCEL=5000
G1 F7798
G1 X-15.289 Y2.234 E.95236
G1 X13.421 Y2.234 E.95236
G1 X13.421 Y30.944 E.95236
G1 X-15.249 Y30.944 E.95104
G1 X-15.724 Y31.379 F30000
;TYPE:Outer wall
;WIDTH:0.42
G1 F7798
G1 X-15.724 Y1.799 E.90891
G1 X13.856 Y1.799 E.90891
G1 X13.856 Y31.379 E.90891
G1 X-15.684 Y31.379 E.90768
SET_VELOCITY_LIMIT ACCEL=10000
G1 E-.8 F2100
;WIPE_START
G1 F12000
G1 X-15.687 Y29.379
;WIPE_END
G1 X-14.489 Y21.842 Z11 F30000
G1 X-14.264 Y20.427 Z11
G1 Z10.6
G1 E.8 F2100
;TYPE:Sparse infill
;WIDTH:0.45
G1 F7798
G1 X-14.264 Y22.055 E.05401
G1 X-13.979 Y21.771 E.01334
G1 X-12.759 Y19.698 E.07979
G1 X-12.333 Y19.272 E.01998
G1 X-10.26 Y18.052 E.07979
G1 X-9.834 Y17.626 E.01998
G1 X-8.614 Y15.553 E.07979
G1 X-8.188 Y15.127 E.01998
G1 X-6.115 Y13.907 E.07979
G1 X-5.689 Y13.481 E.01998
G1 X-4.469 Y11.408 E.07979
G1 X-4.043 Y10.982 E.01998
G1 X-1.97 Y9.762 E.07979
G1 X-1.544 Y9.336 E.01998
G1 X-.324 Y7.263 E.07979
G1 X.102 Y6.837 E.01998
G1 X2.175 Y5.617 E.07979
G1 X2.601 Y5.191 E.01998
G1 X3.738 Y3.26 E.07434
G1 X7.883 Y3.26 E.1375
G1 X6.746 Y5.191 E.07434
G1 X6.32 Y5.617 E.01998
G1 X4.247 Y6.837 E.07979
G1 X3.821 Y7.263 E.01998
G1 X2.601 Y9.336 E.07979
G1 X2.175 Y9.762 E.01998
G1 X.102 Y10.982 E.07979
G1 X-.324 Y11.408 E.01998
G1 X-1.544 Y13.481 E.07979
G1 X-1.97 Y13.907 E.01998
G1 X-4.043 Y15.127 E.07979
G1 X-4.469 Y15.553 E.01998
G1 X-5.689 Y17.626 E.07979
G1 X-6.115 Y18.052 E.01998
G1 X-8.188 Y19.272 E.07979
G1 X-8.614 Y19.698 E.01998
G1 X-9.834 Y21.771 E.07979
G1 X-10.26 Y22.197 E.01998
G1 X-12.333 Y23.417 E.07979
G1 X-12.759 Y23.843 E.01998
G1 X-13.979 Y25.916 E.07979
G1 X-14.264 Y26.2 E.01334
G1 X-14.264 Y29.919 E.12337
G1 X-13.896 Y29.919 E.0122
G1 X-12.759 Y27.988 E.07434
G1 X-12.333 Y27.562 E.01998
G1 X-10.26 Y26.342 E.07979
G1 X-9.834 Y25.916 E.01998
G1 X-8.614 Y23.843 E.07979
G1 X-8.188 Y23.417 E.01998
G1 X-6.115 Y22.197 E.07979
G1 X-5.689 Y21.771 E.01998
G1 X-4.469 Y19.698 E.07979
G1 X-4.043 Y19.272 E.01998
G1 X-1.97 Y18.052 E.07979
G1 X-1.544 Y17.626 E.01998
G1 X-.324 Y15.553 E.07979
G1 X.102 Y15.127 E.01998
G1 X2.175 Y13.907 E.07979
G1 X2.601 Y13.481 E.01998
G1 X3.821 Y11.408 E.07979
G1 X4.247 Y10.982 E.01998
G1 X6.32 Y9.762 E.07979
G1 X6.746 Y9.336 E.01998
G1 X7.966 Y7.263 E.07979
G1 X8.392 Y6.837 E.01998
G1 X10.465 Y5.617 E.07979
G1 X10.891 Y5.191 E.01998
G1 X12.028 Y3.26 E.07434
G1 X12.396 Y3.26 E.0122
G1 X12.396 Y6.979 E.12337
G1 X12.111 Y7.263 E.01334
G1 X10.891 Y9.336 E.07979
G1 X10.465 Y9.762 E.01998
G1 X8.392 Y10.982 E.07979
G1 X7.966 Y11.408 E.01998
G1 X6.746 Y13.481 E.07979
G1 X6.32 Y13.907 E.01998
G1 X4.247 Y15.127 E.07979
G1 X3.821 Y15.553 E.01998
G1 X2.601 Y17.626 E.07979
G1 X2.175 Y18.052 E.01998
G1 X.102 Y19.272 E.07979
G1 X-.324 Y19.698 E.01998
G1 X-1.544 Y21.771 E.07979
G1 X-1.97 Y22.197 E.01998
G1 X-4.043 Y23.417 E.07979
G1 X-4.469 Y23.843 E.01998
G1 X-5.689 Y25.916 E.07979
G1 X-6.115 Y26.342 E.01998
G1 X-8.188 Y27.562 E.07979
G1 X-8.614 Y27.988 E.01998
G1 X-9.751 Y29.919 E.07434
G1 X-5.606 Y29.919 E.1375
G1 X-4.469 Y27.988 E.07434
G1 X-4.043 Y27.562 E.01998
G1 X-1.97 Y26.342 E.07979
G1 X-1.544 Y25.916 E.01998
G1 X-.324 Y23.843 E.07979
G1 X.102 Y23.417 E.01998
G1 X2.175 Y22.197 E.07979
G1 X2.601 Y21.771 E.01998
G1 X3.821 Y19.698 E.07979
G1 X4.247 Y19.272 E.01998
G1 X6.32 Y18.052 E.07979
G1 X6.746 Y17.626 E.01998
G1 X7.966 Y15.553 E.07979
G1 X8.392 Y15.127 E.01998
G1 X10.465 Y13.907 E.07979
G1 X10.891 Y13.481 E.01998
G1 X12.111 Y11.408 E.07979
G1 X12.396 Y11.124 E.01334
G1 X12.396 Y12.752 E.05401
G1 X1.221 Y3.26 F30000
G1 F7798
G1 X-.407 Y3.26 E.05401
G1 X-1.544 Y5.191 E.07434
G1 X-1.97 Y5.617 E.01998
G1 X-4.043 Y6.837 E.07979
G1 X-4.469 Y7.263 E.01998
G1 X-5.689 Y9.336 E.07979
G1 X-6.115 Y9.762 E.01998
G1 X-8.188 Y10.982 E.07979
G1 X-8.614 Y11.408 E.01998
G1 X-9.834 Y13.481 E.07979
G1 X-10.26 Y13.907 E.01998
G1 X-12.333 Y15.127 E.07979
G1 X-12.759 Y15.553 E.01998
G1 X-13.979 Y17.626 E.07979
G1 X-14.264 Y17.91 E.01334
G1 X-14.264 Y13.765 E.1375
G1 X-13.979 Y13.481 E.01334
G1 X-12.759 Y11.408 E.07979
G1 X-12.333 Y10.982 E.01998
G1 X-10.26 Y9.762 E.07979
G1 X-9.834 Y9.336 E.01998
G1 X-8.614 Y7.263 E.07979
G1 X-8.188 Y6.837 E.01998
G1 X-6.115 Y5.617 E.07979
G1 X-5.689 Y5.191 E.01998
G1 X-4.552 Y3.26 E.07434
G1 X-8.697 Y3.26 E.1375
G1 X-9.834 Y5.191 E.07434
G1 X-10.26 Y5.617 E.01998
G1 X-12.333 Y6.837 E.07979
G1 X-12.759 Y7.263 E.01998
G1 X-13.979 Y9.336 E.07979
G1 X-14.264 Y9.62 E.01334
G1 X-14.264 Y5.475 E.1375
G1 X-13.979 Y5.191 E.01334
G1 X-12.842 Y3.26 E.07434
G1 X-11.214 Y3.26 E.05401
G1 X-3.089 Y29.919 F30000
G1 F7798
G1 X-1.461 Y29.919 E.05401
G1 X-.324 Y27.988 E.07434
G1 X.102 Y27.562 E.01998
G1 X2.175 Y26.342 E.07979
G1 X2.601 Y25.916 E.01998
G1 X3.821 Y23.843 E.07979
G1 X4.247 Y23.417 E.01998
G1 X6.32 Y22.197 E.07979
G1 X6.746 Y21.771 E.01998
G1 X7.966 Y19.698 E.07979
G1 X8.392 Y19.272 E.01998
G1 X10.465 Y18.052 E.07979
G1 X10.891 Y17.626 E.01998
G1 X12.111 Y15.553 E.07979
G1 X12.396 Y15.269 E.01334
G1 X12.396 Y19.414 E.1375
G1 X12.111 Y19.698 E.01334
G1 X10.891 Y21.771 E.07979
G1 X10.465 Y22.197 E.01998
G1 X8.392 Y23.417 E.07979
G1 X7.966 Y23.843 E.01998
G1 X6.746 Y25.916 E.07979
G1 X6.32 Y26.342 E.01998
G1 X4.247 Y27.562 E.07979
G1 X3.821 Y27.988 E.01998
G1 X2.684 Y29.919 E.07434
G1 X6.829 Y29.919 E.1375
G1 X7.966 Y27.988 E.07434
G1 X8.392 Y27.562 E.01998
G1 X10.465 Y26.342 E.07979
G1 X10.891 Y25.916 E.01998
G1 X12.111 Y23.843 E.07979
G1 X12.396 Y23.559 E.01334
G1 X12.396 Y27.704 E.1375
G1 X12.111 Y27.988 E.01334
G1 X10.974 Y29.919 E.07434
G1 X9.346 Y29.919 E.05401
;LAYER_CHANGE
;Z:10.8
;HEIGHT:0.2
;BEFORE_LAYER_CHANGE
;10.8
G1 E-.8 F2100
;WIPE_START
G1 F16200
G1 X10.974 Y29.919
G1 X11.163 Y29.599
;WIPE_END
;AFTER_LAYER_CHANGE
;10.8
;_SET_FAN_SPEED_CHANGING_LAYER
G1 F30000
G1 X10.5944 Y29.4714 Z10.8308
G1 X10.1505 Y29.0942 Z10.8615
G1 X9.93273 Y28.554 Z10.8923
G1 X9.99094 Y27.9744 Z10.9231
G1 X10.3118 Y27.4883 Z10.9538
G1 X10.8219 Y27.207 Z10.9846
G1 X11.4042 Y27.1949 Z11.0154
G1 X11.9255 Y27.4549 Z11.0462
G1 X12.2662 Y27.9273 Z11.0769
G1 X12.3484 Y28.5039 Z11.1077
G1 X12.1532 Y29.0527 Z11.1385
G1 X11.7253 Y29.4479 Z11.1692
G1 X11.1627 Y29.599 Z11.2
G1 X-14.475 Y30.13 Z11.2
G1 Z10.8
G1 E.8 F2100
SET_VELOCITY_LIMIT ACCEL=5000
;TYPE:Inner wall
G1 F7983
G1 X-14.475 Y3.049 E.89835
G1 X12.607 Y3.049 E.89835
G1 X12.607 Y30.13 E.89835
G1 X-14.435 Y30.13 E.89702
SET_VELOCITY_LIMIT ACCEL=10000
G1 X-14.882 Y30.537 F30000
SET_VELOCITY_LIMIT ACCEL=5000
G1 F7983
G1 X-14.882 Y2.642 E.92536
G1 X13.014 Y2.642 E.92536
G1 X13.014 Y30.537 E.92536
G1 X-14.842 Y30.537 E.92403
SET_VELOCITY_LIMIT ACCEL=10000
G1 X-15.289 Y30.944 F30000
SET_VELOCITY_LIMIT ACCEL=5000
G1 F7983
G1 X-15.289 Y2.234 E.95236
G1 X13.421 Y2.234 E.95236
G1 X13.421 Y30.944 E.95236
G1 X-15.249 Y30.944 E.95104
G1 X-15.724 Y31.379 F30000
;TYPE:Outer wall
;WIDTH:0.42
G1 F7983
G1 X-15.724 Y1.799 E.90891
G1 X13.856 Y1.799 E.90891
G1 X13.856 Y31.379 E.90891
G1 X-15.684 Y31.379 E.90768
SET_VELOCITY_LIMIT ACCEL=10000
G1 E-.8 F2100
;WIPE_START
G1 F12000
G1 X-15.687 Y29.379
;WIPE_END
G1 X-14.441 Y21.849 Z11.2 F30000
G1 X-14.264 Y20.78 Z11.2
G1 Z10.8
G1 E.8 F2100
;TYPE:Sparse infill
;WIDTH:0.45
G1 F7983
G1 X-14.264 Y22.409 E.05401
G1 X-13.626 Y21.771 E.02993
G1 X-13.112 Y19.698 E.07083
G1 X-12.333 Y18.919 E.03657
G1 X-10.26 Y18.405 E.07083
G1 X-9.481 Y17.626 E.03657
G1 X-8.967 Y15.553 E.07083
G1 X-8.188 Y14.774 E.03657
G1 X-6.115 Y14.26 E.07083
G1 X-5.336 Y13.481 E.03657
G1 X-4.822 Y11.408 E.07083
M73 P62 R7
G1 X-4.043 Y10.629 E.03657
G1 X-1.97 Y10.115 E.07083
G1 X-1.191 Y9.336 E.03657
G1 X-.677 Y7.263 E.07083
G1 X.102 Y6.484 E.03657
G1 X2.175 Y5.97 E.07083
G1 X2.954 Y5.191 E.03657
G1 X3.433 Y3.26 E.06599
G1 X-.712 Y3.26 E.1375
G1 X-1.191 Y5.191 E.06599
G1 X-1.97 Y5.97 E.03657
G1 X-4.043 Y6.484 E.07083
G1 X-4.822 Y7.263 E.03657
G1 X-5.336 Y9.336 E.07083
G1 X-6.115 Y10.115 E.03657
G1 X-8.188 Y10.629 E.07083
G1 X-8.967 Y11.408 E.03657
G1 X-9.481 Y13.481 E.07083
G1 X-10.26 Y14.26 E.03657
G1 X-12.333 Y14.774 E.07083
G1 X-13.112 Y15.553 E.03657
G1 X-13.626 Y17.626 E.07083
G1 X-14.264 Y18.264 E.02993
G1 X-14.264 Y14.119 E.1375
G1 X-13.626 Y13.481 E.02993
G1 X-13.112 Y11.408 E.07083
G1 X-12.333 Y10.629 E.03657
G1 X-10.26 Y10.115 E.07083
G1 X-9.481 Y9.336 E.03657
G1 X-8.967 Y7.263 E.07083
G1 X-8.188 Y6.484 E.03657
G1 X-6.115 Y5.97 E.07083
G1 X-5.336 Y5.191 E.03657
G1 X-4.857 Y3.26 E.06599
G1 X-9.002 Y3.26 E.1375
G1 X-9.481 Y5.191 E.06599
G1 X-10.26 Y5.97 E.03657
G1 X-12.333 Y6.484 E.07083
G1 X-13.112 Y7.263 E.03657
G1 X-13.626 Y9.336 E.07083
G1 X-14.264 Y9.974 E.02993
G1 X-14.264 Y5.829 E.1375
G1 X-13.626 Y5.191 E.02993
G1 X-13.147 Y3.26 E.06599
G1 X-11.519 Y3.26 E.05401
G1 X9.206 Y3.26 F30000
G1 F7983
G1 X7.578 Y3.26 E.05401
G1 X7.099 Y5.191 E.06599
G1 X6.32 Y5.97 E.03657
G1 X4.247 Y6.484 E.07083
G1 X3.468 Y7.263 E.03657
G1 X2.954 Y9.336 E.07083
G1 X2.175 Y10.115 E.03657
G1 X.102 Y10.629 E.07083
G1 X-.677 Y11.408 E.03657
G1 X-1.191 Y13.481 E.07083
G1 X-1.97 Y14.26 E.03657
G1 X-4.043 Y14.774 E.07083
G1 X-4.822 Y15.553 E.03657
G1 X-5.336 Y17.626 E.07083
G1 X-6.115 Y18.405 E.03657
G1 X-8.188 Y18.919 E.07083
G1 X-8.967 Y19.698 E.03657
G1 X-9.481 Y21.771 E.07083
G1 X-10.26 Y22.55 E.03657
G1 X-12.333 Y23.064 E.07083
G1 X-13.112 Y23.843 E.03657
G1 X-13.626 Y25.916 E.07083
G1 X-14.264 Y26.554 E.02993
G1 X-14.264 Y29.919 E.11164
G1 X-13.591 Y29.919 E.02232
G1 X-13.112 Y27.988 E.06599
G1 X-12.333 Y27.209 E.03657
G1 X-10.26 Y26.695 E.07083
G1 X-9.481 Y25.916 E.03657
G1 X-8.967 Y23.843 E.07083
G1 X-8.188 Y23.064 E.03657
G1 X-6.115 Y22.55 E.07083
G1 X-5.336 Y21.771 E.03657
G1 X-4.822 Y19.698 E.07083
G1 X-4.043 Y18.919 E.03657
G1 X-1.97 Y18.405 E.07083
G1 X-1.191 Y17.626 E.03657
G1 X-.677 Y15.553 E.07083
G1 X.102 Y14.774 E.03657
G1 X2.175 Y14.26 E.07083
G1 X2.954 Y13.481 E.03657
G1 X3.468 Y11.408 E.07083
G1 X4.247 Y10.629 E.03657
G1 X6.32 Y10.115 E.07083
G1 X7.099 Y9.336 E.03657
G1 X7.613 Y7.263 E.07083
G1 X8.392 Y6.484 E.03657
G1 X10.465 Y5.97 E.07083
G1 X11.244 Y5.191 E.03657
G1 X11.723 Y3.26 E.06599
G1 X12.396 Y3.26 E.02232
G1 X12.396 Y6.625 E.11164
G1 X11.758 Y7.263 E.02993
G1 X11.244 Y9.336 E.07083
G1 X10.465 Y10.115 E.03657
G1 X8.392 Y10.629 E.07083
G1 X7.613 Y11.408 E.03657
G1 X7.099 Y13.481 E.07083
G1 X6.32 Y14.26 E.03657
G1 X4.247 Y14.774 E.07083
G1 X3.468 Y15.553 E.03657
G1 X2.954 Y17.626 E.07083
G1 X2.175 Y18.405 E.03657
G1 X.102 Y18.919 E.07083
G1 X-.677 Y19.698 E.03657
G1 X-1.191 Y21.771 E.07083
G1 X-1.97 Y22.55 E.03657
G1 X-4.043 Y23.064 E.07083
G1 X-4.822 Y23.843 E.03657
G1 X-5.336 Y25.916 E.07083
G1 X-6.115 Y26.695 E.03657
G1 X-8.188 Y27.209 E.07083
G1 X-8.967 Y27.988 E.03657
G1 X-9.446 Y29.919 E.06599
G1 X-5.301 Y29.919 E.1375
G1 X-4.822 Y27.988 E.06599
G1 X-4.043 Y27.209 E.03657
G1 X-1.97 Y26.695 E.07083
G1 X-1.191 Y25.916 E.03657
G1 X-.677 Y23.843 E.07083
G1 X.102 Y23.064 E.03657
G1 X2.175 Y22.55 E.07083
G1 X2.954 Y21.771 E.03657
G1 X3.468 Y19.698 E.07083
G1 X4.247 Y18.919 E.03657
G1 X6.32 Y18.405 E.07083
G1 X7.099 Y17.626 E.03657
G1 X7.613 Y15.553 E.07083
G1 X8.392 Y14.774 E.03657
G1 X10.465 Y14.26 E.07083
G1 X11.244 Y13.481 E.03657
G1 X11.758 Y11.408 E.07083
G1 X12.396 Y10.77 E.02993
G1 X12.396 Y12.399 E.05401
G1 X9.651 Y29.919 F30000
G1 F7983
G1 X11.279 Y29.919 E.05401
G1 X11.758 Y27.988 E.06599
G1 X12.396 Y27.35 E.02993
G1 X12.396 Y23.205 E.1375
G1 X11.758 Y23.843 E.02993
G1 X11.244 Y25.916 E.07083
G1 X10.465 Y26.695 E.03657
G1 X8.392 Y27.209 E.07083
G1 X7.613 Y27.988 E.03657
G1 X7.134 Y29.919 E.06599
G1 X2.989 Y29.919 E.1375
G1 X3.468 Y27.988 E.06599
G1 X4.247 Y27.209 E.03657
G1 X6.32 Y26.695 E.07083
G1 X7.099 Y25.916 E.03657
G1 X7.613 Y23.843 E.07083
G1 X8.392 Y23.064 E.03657
G1 X10.465 Y22.55 E.07083
G1 X11.244 Y21.771 E.03657
G1 X11.758 Y19.698 E.07083
G1 X12.396 Y19.06 E.02993
G1 X12.396 Y14.915 E.1375
G1 X11.758 Y15.553 E.02993
G1 X11.244 Y17.626 E.07083
G1 X10.465 Y18.405 E.03657
G1 X8.392 Y18.919 E.07083
G1 X7.613 Y19.698 E.03657
G1 X7.099 Y21.771 E.07083
G1 X6.32 Y22.55 E.03657
G1 X4.247 Y23.064 E.07083
G1 X3.468 Y23.843 E.03657
G1 X2.954 Y25.916 E.07083
G1 X2.175 Y26.695 E.03657
G1 X.102 Y27.209 E.07083
G1 X-.677 Y27.988 E.03657
G1 X-1.156 Y29.919 E.06599
G1 X.473 Y29.919 E.05401
;LAYER_CHANGE
;Z:11
;HEIGHT:0.2
;BEFORE_LAYER_CHANGE
;11
G1 E-.8 F2100
;WIPE_START
G1 F16200
G1 X-1.156 Y29.919
G1 X-1.066 Y29.558
;WIPE_END
;AFTER_LAYER_CHANGE
;11
;_SET_FAN_SPEED_CHANGING_LAYER
G1 F30000
G1 X-1.63726 Y29.4433 Z11.0308
G1 X-2.08931 Y29.076 Z11.0615
G1 X-2.31888 Y28.5407 Z11.0923
G1 X-2.27337 Y27.96 Z11.1231
G1 X-1.96321 Y27.4669 Z11.1538
G1 X-1.45945 Y27.1745 Z11.1846
G1 X-0.877501 Y27.1497 Z11.2154
G1 X-0.350678 Y27.3982 Z11.2462
G1 X0.00033056 Y27.863 Z11.2769
G1 X0.095113 Y28.4377 Z11.3077
G1 X-0.0880443 Y28.9906 Z11.3385
G1 X-0.507182 Y29.3951 Z11.3692
G1 X-1.06628 Y29.5585 Z11.4
G1 X-14.475 Y30.13 Z11.4
G1 Z11
G1 E.8 F2100
SET_VELOCITY_LIMIT ACCEL=5000
;TYPE:Inner wall
G1 F8379
G1 X-14.475 Y3.049 E.89835
G1 X12.607 Y3.049 E.89835
G1 X12.607 Y30.13 E.89835
G1 X-14.435 Y30.13 E.89702
SET_VELOCITY_LIMIT ACCEL=10000
G1 X-14.882 Y30.537 F30000
SET_VELOCITY_LIMIT ACCEL=5000
G1 F8379
G1 X-14.882 Y2.642 E.92536
G1 X13.014 Y2.642 E.92536
G1 X13.014 Y30.537 E.92536
G1 X-14.842 Y30.537 E.92403
SET_VELOCITY_LIMIT ACCEL=10000
G1 X-15.289 Y30.944 F30000
SET_VELOCITY_LIMIT ACCEL=5000
G1 F8379
G1 X-15.289 Y2.234 E.95236
G1 X13.421 Y2.234 E.95236
G1 X13.421 Y30.944 E.95236
G1 X-15.249 Y30.944 E.95104
G1 X-15.724 Y31.379 F30000
;TYPE:Outer wall
;WIDTH:0.42
G1 F8379
G1 X-15.724 Y1.799 E.90891
G1 X13.856 Y1.799 E.90891
G1 X13.856 Y31.379 E.90891
G1 X-15.684 Y31.379 E.90768
SET_VELOCITY_LIMIT ACCEL=10000
G1 E-.8 F2100
;WIPE_START
G1 F12000
G1 X-15.687 Y29.379
;WIPE_END
G1 X-14.389 Y21.858 Z11.4 F30000
G1 X-14.264 Y21.134 Z11.4
G1 Z11
G1 E.8 F2100
;TYPE:Sparse infill
;WIDTH:0.45
G1 F8379
G1 X-14.264 Y22.762 E.05401
G1 X-13.272 Y21.771 E.04651
G1 X-13.466 Y19.698 E.06905
G1 X-12.333 Y18.565 E.05315
G1 X-10.26 Y18.759 E.06905
G1 X-9.127 Y17.626 E.05315
G1 X-9.321 Y15.553 E.06905
G1 X-8.188 Y14.42 E.05315
G1 X-6.115 Y14.614 E.06905
G1 X-4.982 Y13.481 E.05315
G1 X-5.176 Y11.408 E.06905
G1 X-4.043 Y10.275 E.05315
G1 X-1.97 Y10.469 E.06905
G1 X-.837 Y9.336 E.05315
G1 X-1.031 Y7.263 E.06905
G1 X.102 Y6.13 E.05315
G1 X2.175 Y6.324 E.06905
G1 X3.308 Y5.191 E.05315
G1 X3.128 Y3.26 E.06433
G1 X7.273 Y3.26 E.1375
G1 X7.453 Y5.191 E.06433
G1 X6.32 Y6.324 E.05315
G1 X4.247 Y6.13 E.06905
G1 X3.114 Y7.263 E.05315
G1 X3.308 Y9.336 E.06905
G1 X2.175 Y10.469 E.05315
G1 X.102 Y10.275 E.06905
G1 X-1.031 Y11.408 E.05315
G1 X-.837 Y13.481 E.06905
G1 X-1.97 Y14.614 E.05315
G1 X-4.043 Y14.42 E.06905
G1 X-5.176 Y15.553 E.05315
G1 X-4.982 Y17.626 E.06905
G1 X-6.115 Y18.759 E.05315
G1 X-8.188 Y18.565 E.06905
G1 X-9.321 Y19.698 E.05315
G1 X-9.127 Y21.771 E.06905
G1 X-10.26 Y22.904 E.05315
G1 X-12.333 Y22.71 E.06905
G1 X-13.466 Y23.843 E.05315
G1 X-13.272 Y25.916 E.06905
G1 X-14.264 Y26.907 E.04651
G1 X-14.264 Y29.919 E.09991
G1 X-13.285 Y29.919 E.03245
G1 X-13.466 Y27.988 E.06433
G1 X-12.333 Y26.855 E.05315
G1 X-10.26 Y27.049 E.06905
G1 X-9.127 Y25.916 E.05315
G1 X-9.321 Y23.843 E.06905
G1 X-8.188 Y22.71 E.05315
G1 X-6.115 Y22.904 E.06905
G1 X-4.982 Y21.771 E.05315
G1 X-5.176 Y19.698 E.06905
G1 X-4.043 Y18.565 E.05315
G1 X-1.97 Y18.759 E.06905
G1 X-.837 Y17.626 E.05315
G1 X-1.031 Y15.553 E.06905
G1 X.102 Y14.42 E.05315
G1 X2.175 Y14.614 E.06905
G1 X3.308 Y13.481 E.05315
G1 X3.114 Y11.408 E.06905
G1 X4.247 Y10.275 E.05315
G1 X6.32 Y10.469 E.06905
G1 X7.453 Y9.336 E.05315
G1 X7.259 Y7.263 E.06905
G1 X8.392 Y6.13 E.05315
G1 X10.465 Y6.324 E.06905
G1 X11.598 Y5.191 E.05315
G1 X11.418 Y3.26 E.06433
G1 X12.396 Y3.26 E.03245
G1 X12.396 Y6.272 E.09991
G1 X11.404 Y7.263 E.04651
G1 X11.598 Y9.336 E.06905
G1 X10.465 Y10.469 E.05315
G1 X8.392 Y10.275 E.06905
G1 X7.259 Y11.408 E.05315
G1 X7.453 Y13.481 E.06905
G1 X6.32 Y14.614 E.05315
G1 X4.247 Y14.42 E.06905
G1 X3.114 Y15.553 E.05315
G1 X3.308 Y17.626 E.06905
G1 X2.175 Y18.759 E.05315
G1 X.102 Y18.565 E.06905
G1 X-1.031 Y19.698 E.05315
G1 X-.837 Y21.771 E.06905
G1 X-1.97 Y22.904 E.05315
G1 X-4.043 Y22.71 E.06905
G1 X-5.176 Y23.843 E.05315
G1 X-4.982 Y25.916 E.06905
G1 X-6.115 Y27.049 E.05315
G1 X-8.188 Y26.855 E.06905
G1 X-9.321 Y27.988 E.05315
G1 X-9.14 Y29.919 E.06433
G1 X-4.995 Y29.919 E.1375
G1 X-5.176 Y27.988 E.06433
G1 X-4.043 Y26.855 E.05315
G1 X-1.97 Y27.049 E.06905
G1 X-.837 Y25.916 E.05315
G1 X-1.031 Y23.843 E.06905
G1 X.102 Y22.71 E.05315
G1 X2.175 Y22.904 E.06905
G1 X3.308 Y21.771 E.05315
G1 X3.114 Y19.698 E.06905
G1 X4.247 Y18.565 E.05315
G1 X6.32 Y18.759 E.06905
G1 X7.453 Y17.626 E.05315
G1 X7.259 Y15.553 E.06905
G1 X8.392 Y14.42 E.05315
G1 X10.465 Y14.614 E.06905
G1 X11.598 Y13.481 E.05315
G1 X11.404 Y11.408 E.06905
G1 X12.396 Y10.417 E.04651
G1 X12.396 Y12.045 E.05401
G1 X.611 Y3.26 F30000
G1 F8379
M73 P63 R7
G1 X-1.017 Y3.26 E.05401
G1 X-.837 Y5.191 E.06433
G1 X-1.97 Y6.324 E.05315
G1 X-4.043 Y6.13 E.06905
G1 X-5.176 Y7.263 E.05315
G1 X-4.982 Y9.336 E.06905
G1 X-6.115 Y10.469 E.05315
G1 X-8.188 Y10.275 E.06905
G1 X-9.321 Y11.408 E.05315
G1 X-9.127 Y13.481 E.06905
G1 X-10.26 Y14.614 E.05315
G1 X-12.333 Y14.42 E.06905
G1 X-13.466 Y15.553 E.05315
G1 X-13.272 Y17.626 E.06905
G1 X-14.264 Y18.617 E.04651
G1 X-14.264 Y14.472 E.1375
G1 X-13.272 Y13.481 E.04651
G1 X-13.466 Y11.408 E.06905
G1 X-12.333 Y10.275 E.05315
G1 X-10.26 Y10.469 E.06905
G1 X-9.127 Y9.336 E.05315
G1 X-9.321 Y7.263 E.06905
G1 X-8.188 Y6.13 E.05315
G1 X-6.115 Y6.324 E.06905
G1 X-4.982 Y5.191 E.05315
G1 X-5.162 Y3.26 E.06433
G1 X-9.308 Y3.26 E.1375
G1 X-9.127 Y5.191 E.06433
G1 X-10.26 Y6.324 E.05315
G1 X-12.333 Y6.13 E.06905
G1 X-13.466 Y7.263 E.05315
G1 X-13.272 Y9.336 E.06905
G1 X-14.264 Y10.327 E.04651
G1 X-14.264 Y6.182 E.1375
G1 X-13.272 Y5.191 E.04651
G1 X-13.453 Y3.26 E.06433
G1 X-11.824 Y3.26 E.05401
G1 X-2.479 Y29.919 F30000
G1 F8379
G1 X-.85 Y29.919 E.05401
G1 X-1.031 Y27.988 E.06433
G1 X.102 Y26.855 E.05315
G1 X2.175 Y27.049 E.06905
G1 X3.308 Y25.916 E.05315
G1 X3.114 Y23.843 E.06905
G1 X4.247 Y22.71 E.05315
G1 X6.32 Y22.904 E.06905
G1 X7.453 Y21.771 E.05315
G1 X7.259 Y19.698 E.06905
G1 X8.392 Y18.565 E.05315
G1 X10.465 Y18.759 E.06905
G1 X11.598 Y17.626 E.05315
G1 X11.404 Y15.553 E.06905
G1 X12.396 Y14.562 E.04651
G1 X12.396 Y18.707 E.1375
G1 X11.404 Y19.698 E.04651
G1 X11.598 Y21.771 E.06905
G1 X10.465 Y22.904 E.05315
G1 X8.392 Y22.71 E.06905
G1 X7.259 Y23.843 E.05315
G1 X7.453 Y25.916 E.06905
G1 X6.32 Y27.049 E.05315
G1 X4.247 Y26.855 E.06905
G1 X3.114 Y27.988 E.05315
G1 X3.295 Y29.919 E.06433
G1 X7.44 Y29.919 E.1375
G1 X7.259 Y27.988 E.06433
G1 X8.392 Y26.855 E.05315
G1 X10.465 Y27.049 E.06905
G1 X11.598 Y25.916 E.05315
G1 X11.404 Y23.843 E.06905
G1 X12.396 Y22.852 E.04651
G1 X12.396 Y26.997 E.1375
G1 X11.404 Y27.988 E.04651
G1 X11.585 Y29.919 E.06433
G1 X9.956 Y29.919 E.05401
;LAYER_CHANGE
;Z:11.2
;HEIGHT:0.2
;BEFORE_LAYER_CHANGE
;11.2
G1 E-.8 F2100
;WIPE_START
G1 F16200
G1 X11.585 Y29.919
G1 X11.55 Y29.549
;WIPE_END
;AFTER_LAYER_CHANGE
;11.2
;_SET_FAN_SPEED_CHANGING_LAYER
G1 F30000
G1 X10.9816 Y29.4225 Z11.2308
G1 X10.5371 Y29.046 Z11.2615
G1 X10.3184 Y28.5061 Z11.2923
G1 X10.3757 Y27.9265 Z11.3231
G1 X10.6958 Y27.4399 Z11.3538
G1 X11.2054 Y27.1577 Z11.3846
G1 X11.7877 Y27.1447 Z11.4154
G1 X12.3094 Y27.4038 Z11.4462
G1 X12.6509 Y27.8757 Z11.4769
G1 X12.734 Y28.4522 Z11.5077
G1 X12.5397 Y29.0013 Z11.5385
G1 X12.1124 Y29.3972 Z11.5692
G1 X11.5501 Y29.5492 Z11.6
G1 X-14.475 Y30.13 Z11.6
G1 Z11.2
M73 P63 R6
G1 E.8 F2100
SET_VELOCITY_LIMIT ACCEL=5000
;TYPE:Inner wall
G1 F8097
G1 X-14.475 Y3.049 E.89835
G1 X12.607 Y3.049 E.89835
G1 X12.607 Y30.13 E.89835
G1 X-14.435 Y30.13 E.89702
SET_VELOCITY_LIMIT ACCEL=10000
G1 X-14.882 Y30.537 F30000
SET_VELOCITY_LIMIT ACCEL=5000
G1 F8097
G1 X-14.882 Y2.642 E.92536
G1 X13.014 Y2.642 E.92536
G1 X13.014 Y30.537 E.92536
G1 X-14.842 Y30.537 E.92403
SET_VELOCITY_LIMIT ACCEL=10000
G1 X-15.289 Y30.944 F30000
SET_VELOCITY_LIMIT ACCEL=5000
G1 F8097
G1 X-15.289 Y2.234 E.95236
G1 X13.421 Y2.234 E.95236
G1 X13.421 Y30.944 E.95236
G1 X-15.249 Y30.944 E.95104
G1 X-15.724 Y31.379 F30000
;TYPE:Outer wall
;WIDTH:0.42
G1 F8097
G1 X-15.724 Y1.799 E.90891
G1 X13.856 Y1.799 E.90891
G1 X13.856 Y31.379 E.90891
G1 X-15.684 Y31.379 E.90768
SET_VELOCITY_LIMIT ACCEL=10000
G1 E-.8 F2100
;WIPE_START
G1 F12000
G1 X-15.687 Y29.379
;WIPE_END
G1 X-14.264 Y25.501 Z11.6 F30000
G1 Z11.2
G1 E.8 F2100
;TYPE:Sparse infill
;WIDTH:0.45
G1 F8097
G1 X-14.264 Y27.129 E.05401
G1 X-13.405 Y27.988 E.04029
G1 X-13.338 Y29.919 E.06409
G1 X-9.193 Y29.919 E.1375
G1 X-9.26 Y27.988 E.06409
G1 X-10.26 Y26.988 E.04693
G1 X-12.333 Y26.916 E.06879
G1 X-13.333 Y25.916 E.04693
G1 X-13.405 Y23.843 E.06879
G1 X-14.264 Y22.984 E.04029
G1 X-14.264 Y18.839 E.1375
G1 X-13.405 Y19.698 E.04029
G1 X-13.333 Y21.771 E.06879
G1 X-12.333 Y22.771 E.04693
G1 X-10.26 Y22.843 E.06879
G1 X-9.26 Y23.843 E.04693
G1 X-9.188 Y25.916 E.06879
G1 X-8.188 Y26.916 E.04693
G1 X-6.115 Y26.988 E.06879
G1 X-5.115 Y27.988 E.04693
G1 X-5.048 Y29.919 E.06409
G1 X-.903 Y29.919 E.1375
G1 X-.97 Y27.988 E.06409
G1 X-1.97 Y26.988 E.04693
G1 X-4.043 Y26.916 E.06879
G1 X-5.043 Y25.916 E.04693
G1 X-5.115 Y23.843 E.06879
G1 X-6.115 Y22.843 E.04693
G1 X-8.188 Y22.771 E.06879
G1 X-9.188 Y21.771 E.04693
G1 X-9.26 Y19.698 E.06879
G1 X-10.26 Y18.698 E.04693
G1 X-12.333 Y18.626 E.06879
G1 X-13.333 Y17.626 E.04693
G1 X-13.405 Y15.553 E.06879
G1 X-14.264 Y14.694 E.04029
G1 X-14.264 Y10.549 E.1375
G1 X-13.405 Y11.408 E.04029
G1 X-13.333 Y13.481 E.06879
G1 X-12.333 Y14.481 E.04693
G1 X-10.26 Y14.553 E.06879
G1 X-9.26 Y15.553 E.04693
G1 X-9.188 Y17.626 E.06879
G1 X-8.188 Y18.626 E.04693
G1 X-6.115 Y18.698 E.06879
G1 X-5.115 Y19.698 E.04693
G1 X-5.043 Y21.771 E.06879
G1 X-4.043 Y22.771 E.04693
G1 X-1.97 Y22.843 E.06879
G1 X-.97 Y23.843 E.04693
G1 X-.898 Y25.916 E.06879
G1 X.102 Y26.916 E.04693
G1 X2.175 Y26.988 E.06879
G1 X3.175 Y27.988 E.04693
G1 X3.242 Y29.919 E.06409
G1 X7.387 Y29.919 E.1375
G1 X7.32 Y27.988 E.06409
G1 X6.32 Y26.988 E.04693
G1 X4.247 Y26.916 E.06879
G1 X3.247 Y25.916 E.04693
G1 X3.175 Y23.843 E.06879
G1 X2.175 Y22.843 E.04693
G1 X.102 Y22.771 E.06879
G1 X-.898 Y21.771 E.04693
G1 X-.97 Y19.698 E.06879
G1 X-1.97 Y18.698 E.04693
G1 X-4.043 Y18.626 E.06879
G1 X-5.043 Y17.626 E.04693
G1 X-5.115 Y15.553 E.06879
G1 X-6.115 Y14.553 E.04693
G1 X-8.188 Y14.481 E.06879
G1 X-9.188 Y13.481 E.04693
G1 X-9.26 Y11.408 E.06879
G1 X-10.26 Y10.408 E.04693
G1 X-12.333 Y10.336 E.06879
G1 X-13.333 Y9.336 E.04693
G1 X-13.405 Y7.263 E.06879
G1 X-14.264 Y6.404 E.04029
G1 X-14.264 Y3.26 E.10431
G1 X-13.4 Y3.26 E.02866
G1 X-13.333 Y5.191 E.06409
G1 X-12.333 Y6.191 E.04693
G1 X-10.26 Y6.263 E.06879
G1 X-9.26 Y7.263 E.04693
G1 X-9.188 Y9.336 E.06879
G1 X-8.188 Y10.336 E.04693
G1 X-6.115 Y10.408 E.06879
G1 X-5.115 Y11.408 E.04693
G1 X-5.043 Y13.481 E.06879
G1 X-4.043 Y14.481 E.04693
G1 X-1.97 Y14.553 E.06879
G1 X-.97 Y15.553 E.04693
G1 X-.898 Y17.626 E.06879
G1 X.102 Y18.626 E.04693
G1 X2.175 Y18.698 E.06879
G1 X3.175 Y19.698 E.04693
G1 X3.247 Y21.771 E.06879
G1 X4.247 Y22.771 E.04693
G1 X6.32 Y22.843 E.06879
G1 X7.32 Y23.843 E.04693
G1 X7.392 Y25.916 E.06879
G1 X8.392 Y26.916 E.04693
G1 X10.465 Y26.988 E.06879
G1 X11.465 Y27.988 E.04693
G1 X11.532 Y29.919 E.06409
G1 X12.396 Y29.919 E.02866
G1 X12.396 Y26.775 E.10431
G1 X11.537 Y25.916 E.0403
G1 X11.465 Y23.843 E.06879
G1 X10.465 Y22.843 E.04693
G1 X8.392 Y22.771 E.06879
G1 X7.392 Y21.771 E.04693
G1 X7.32 Y19.698 E.06879
G1 X6.32 Y18.698 E.04693
G1 X4.247 Y18.626 E.06879
G1 X3.247 Y17.626 E.04693
G1 X3.175 Y15.553 E.06879
G1 X2.175 Y14.553 E.04693
G1 X.102 Y14.481 E.06879
G1 X-.898 Y13.481 E.04693
G1 X-.97 Y11.408 E.06879
G1 X-1.97 Y10.408 E.04693
G1 X-4.043 Y10.336 E.06879
G1 X-5.043 Y9.336 E.04693
G1 X-5.115 Y7.263 E.06879
G1 X-6.115 Y6.263 E.04693
G1 X-8.188 Y6.191 E.06879
G1 X-9.188 Y5.191 E.04693
G1 X-9.255 Y3.26 E.06409
G1 X-5.11 Y3.26 E.1375
G1 X-5.043 Y5.191 E.06409
G1 X-4.043 Y6.191 E.04693
G1 X-1.97 Y6.263 E.06879
G1 X-.97 Y7.263 E.04693
G1 X-.898 Y9.336 E.06879
G1 X.102 Y10.336 E.04693
G1 X2.175 Y10.408 E.06879
G1 X3.175 Y11.408 E.04693
G1 X3.247 Y13.481 E.06879
G1 X4.247 Y14.481 E.04693
G1 X6.32 Y14.553 E.06879
G1 X7.32 Y15.553 E.04693
G1 X7.392 Y17.626 E.06879
G1 X8.392 Y18.626 E.04693
G1 X10.465 Y18.698 E.06879
G1 X11.465 Y19.698 E.04693
G1 X11.537 Y21.771 E.06879
G1 X12.396 Y22.63 E.0403
G1 X12.396 Y18.485 E.1375
G1 X11.537 Y17.626 E.0403
G1 X11.465 Y15.553 E.06879
G1 X10.465 Y14.553 E.04693
G1 X8.392 Y14.481 E.06879
G1 X7.392 Y13.481 E.04693
G1 X7.32 Y11.408 E.06879
G1 X6.32 Y10.408 E.04693
G1 X4.247 Y10.336 E.06879
G1 X3.247 Y9.336 E.04693
G1 X3.175 Y7.263 E.06879
G1 X2.175 Y6.263 E.04693
G1 X.102 Y6.191 E.06879
G1 X-.898 Y5.191 E.04693
G1 X-.965 Y3.26 E.06409
G1 X3.18 Y3.26 E.1375
G1 X3.247 Y5.191 E.06409
G1 X4.247 Y6.191 E.04693
G1 X6.32 Y6.263 E.06879
G1 X7.32 Y7.263 E.04693
G1 X7.392 Y9.336 E.06879
G1 X8.392 Y10.336 E.04693
G1 X10.465 Y10.408 E.06879
G1 X11.465 Y11.408 E.04693
G1 X11.537 Y13.481 E.06879
G1 X12.396 Y14.34 E.0403
G1 X12.396 Y10.195 E.1375
G1 X11.537 Y9.336 E.0403
G1 X11.465 Y7.263 E.06879
G1 X10.465 Y6.263 E.04693
G1 X8.392 Y6.191 E.06879
G1 X7.392 Y5.191 E.04693
G1 X7.325 Y3.26 E.06409
G1 X11.47 Y3.26 E.1375
G1 X11.537 Y5.191 E.06409
G1 X12.396 Y6.05 E.0403
G1 X12.396 Y7.678 E.05401
;LAYER_CHANGE
;Z:11.4
;HEIGHT:0.2
;BEFORE_LAYER_CHANGE
;11.4
G1 E-.8 F2100
;WIPE_START
G1 F16200
G1 X12.396 Y6.05
G1 X12.133 Y5.787
;WIPE_END
;AFTER_LAYER_CHANGE
;11.4
;_SET_FAN_SPEED_CHANGING_LAYER
G1 F30000
G1 X11.6217 Y6.06569 Z11.4308
G1 X11.0393 Y6.07502 Z11.4615
G1 X10.5193 Y5.81261 Z11.4923
G1 X10.1807 Y5.3386 Z11.5231
G1 X10.1013 Y4.76157 Z11.5538
G1 X10.2991 Y4.21371 Z11.5846
G1 X10.7288 Y3.82053 Z11.6154
G1 X11.2921 Y3.6721 Z11.6462
G1 X11.8598 Y3.80242 Z11.6769
G1 X12.3019 Y4.18165 Z11.7077
G1 X12.5172 Y4.7229 Z11.7385
G1 X12.4562 Y5.30218 Z11.7692
G1 X12.133 Y5.78679 Z11.8
G1 X-14.475 Y30.13 Z11.8
G1 Z11.4
G1 E.8 F2100
M73 P64 R6
SET_VELOCITY_LIMIT ACCEL=5000
;TYPE:Inner wall
G1 F7792
G1 X-14.475 Y3.049 E.89835
G1 X12.607 Y3.049 E.89835
G1 X12.607 Y30.13 E.89835
G1 X-14.435 Y30.13 E.89702
SET_VELOCITY_LIMIT ACCEL=10000
G1 X-14.882 Y30.537 F30000
SET_VELOCITY_LIMIT ACCEL=5000
G1 F7792
G1 X-14.882 Y2.642 E.92536
G1 X13.014 Y2.642 E.92536
G1 X13.014 Y30.537 E.92536
G1 X-14.842 Y30.537 E.92403
SET_VELOCITY_LIMIT ACCEL=10000
G1 X-15.289 Y30.944 F30000
SET_VELOCITY_LIMIT ACCEL=5000
G1 F7792
G1 X-15.289 Y2.234 E.95236
G1 X13.421 Y2.234 E.95236
G1 X13.421 Y30.944 E.95236
G1 X-15.249 Y30.944 E.95104
G1 X-15.724 Y31.379 F30000
;TYPE:Outer wall
;WIDTH:0.42
G1 F7792
G1 X-15.724 Y1.799 E.90891
G1 X13.856 Y1.799 E.90891
G1 X13.856 Y31.379 E.90891
G1 X-15.684 Y31.379 E.90768
SET_VELOCITY_LIMIT ACCEL=10000
G1 E-.8 F2100
;WIPE_START
G1 F12000
G1 X-15.687 Y29.379
;WIPE_END
G1 X-14.264 Y25.855 Z11.8 F30000
G1 Z11.4
G1 E.8 F2100
;TYPE:Sparse infill
;WIDTH:0.45
G1 F7792
G1 X-14.264 Y27.483 E.05401
G1 X-13.758 Y27.988 E.02371
G1 X-13.033 Y29.919 E.06843
G1 X-8.888 Y29.919 E.1375
G1 X-9.613 Y27.988 E.06843
G1 X-10.26 Y27.341 E.03035
G1 X-12.333 Y26.563 E.07344
G1 X-12.98 Y25.916 E.03035
G1 X-13.758 Y23.843 E.07344
G1 X-14.264 Y23.338 E.02371
G1 X-14.264 Y19.193 E.1375
G1 X-13.758 Y19.698 E.02371
G1 X-12.98 Y21.771 E.07344
G1 X-12.333 Y22.418 E.03035
G1 X-10.26 Y23.196 E.07344
G1 X-9.613 Y23.843 E.03035
G1 X-8.835 Y25.916 E.07344
G1 X-8.188 Y26.563 E.03035
G1 X-6.115 Y27.341 E.07344
G1 X-5.468 Y27.988 E.03035
G1 X-4.743 Y29.919 E.06843
G1 X-.598 Y29.919 E.1375
G1 X-1.323 Y27.988 E.06843
G1 X-1.97 Y27.341 E.03035
G1 X-4.043 Y26.563 E.07344
G1 X-4.69 Y25.916 E.03035
G1 X-5.468 Y23.843 E.07344
G1 X-6.115 Y23.196 E.03035
G1 X-8.188 Y22.418 E.07344
G1 X-8.835 Y21.771 E.03035
G1 X-9.613 Y19.698 E.07344
G1 X-10.26 Y19.051 E.03035
G1 X-12.333 Y18.273 E.07344
G1 X-12.98 Y17.626 E.03035
G1 X-13.758 Y15.553 E.07344
G1 X-14.264 Y15.048 E.02371
G1 X-14.264 Y10.903 E.1375
G1 X-13.758 Y11.408 E.02371
G1 X-12.98 Y13.481 E.07344
G1 X-12.333 Y14.128 E.03035
G1 X-10.26 Y14.906 E.07344
G1 X-9.613 Y15.553 E.03035
G1 X-8.835 Y17.626 E.07344
G1 X-8.188 Y18.273 E.03035
G1 X-6.115 Y19.051 E.07344
G1 X-5.468 Y19.698 E.03035
G1 X-4.69 Y21.771 E.07344
G1 X-4.043 Y22.418 E.03035
G1 X-1.97 Y23.196 E.07344
G1 X-1.323 Y23.843 E.03035
G1 X-.545 Y25.916 E.07344
G1 X.102 Y26.563 E.03035
G1 X2.175 Y27.341 E.07344
G1 X2.822 Y27.988 E.03035
G1 X3.547 Y29.919 E.06843
G1 X7.692 Y29.919 E.1375
G1 X6.967 Y27.988 E.06843
G1 X6.32 Y27.341 E.03035
G1 X4.247 Y26.563 E.07344
G1 X3.6 Y25.916 E.03035
G1 X2.822 Y23.843 E.07344
G1 X2.175 Y23.196 E.03035
G1 X.102 Y22.418 E.07344
G1 X-.545 Y21.771 E.03035
G1 X-1.323 Y19.698 E.07344
G1 X-1.97 Y19.051 E.03035
G1 X-4.043 Y18.273 E.07344
G1 X-4.69 Y17.626 E.03035
G1 X-5.468 Y15.553 E.07344
G1 X-6.115 Y14.906 E.03035
G1 X-8.188 Y14.128 E.07344
G1 X-8.835 Y13.481 E.03035
G1 X-9.613 Y11.408 E.07344
G1 X-10.26 Y10.761 E.03035
G1 X-12.333 Y9.983 E.07344
G1 X-12.98 Y9.336 E.03035
G1 X-13.758 Y7.263 E.07344
G1 X-14.264 Y6.758 E.02371
G1 X-14.264 Y3.26 E.11604
G1 X-13.705 Y3.26 E.01853
G1 X-12.98 Y5.191 E.06843
G1 X-12.333 Y5.838 E.03035
G1 X-10.26 Y6.616 E.07344
G1 X-9.613 Y7.263 E.03035
G1 X-8.835 Y9.336 E.07344
G1 X-8.188 Y9.983 E.03035
G1 X-6.115 Y10.761 E.07344
G1 X-5.468 Y11.408 E.03035
G1 X-4.69 Y13.481 E.07344
G1 X-4.043 Y14.128 E.03035
G1 X-1.97 Y14.906 E.07344
G1 X-1.323 Y15.553 E.03035
G1 X-.545 Y17.626 E.07344
G1 X.102 Y18.273 E.03035
G1 X2.175 Y19.051 E.07344
G1 X2.822 Y19.698 E.03035
G1 X3.6 Y21.771 E.07344
G1 X4.247 Y22.418 E.03035
G1 X6.32 Y23.196 E.07344
G1 X6.967 Y23.843 E.03035
G1 X7.745 Y25.916 E.07344
G1 X8.392 Y26.563 E.03035
G1 X10.465 Y27.341 E.07344
G1 X11.112 Y27.988 E.03035
G1 X11.837 Y29.919 E.06843
G1 X12.396 Y29.919 E.01853
G1 X12.396 Y26.421 E.11604
G1 X11.89 Y25.916 E.02371
G1 X11.112 Y23.843 E.07344
G1 X10.465 Y23.196 E.03035
G1 X8.392 Y22.418 E.07344
G1 X7.745 Y21.771 E.03035
G1 X6.967 Y19.698 E.07344
G1 X6.32 Y19.051 E.03035
G1 X4.247 Y18.273 E.07344
G1 X3.6 Y17.626 E.03035
G1 X2.822 Y15.553 E.07344
G1 X2.175 Y14.906 E.03035
G1 X.102 Y14.128 E.07344
G1 X-.545 Y13.481 E.03035
G1 X-1.323 Y11.408 E.07344
G1 X-1.97 Y10.761 E.03035
G1 X-4.043 Y9.983 E.07344
G1 X-4.69 Y9.336 E.03035
G1 X-5.468 Y7.263 E.07344
G1 X-6.115 Y6.616 E.03035
G1 X-8.188 Y5.838 E.07344
G1 X-8.835 Y5.191 E.03035
G1 X-9.56 Y3.26 E.06843
G1 X-5.415 Y3.26 E.1375
G1 X-4.69 Y5.191 E.06843
G1 X-4.043 Y5.838 E.03035
G1 X-1.97 Y6.616 E.07344
G1 X-1.323 Y7.263 E.03035
G1 X-.545 Y9.336 E.07344
G1 X.102 Y9.983 E.03035
G1 X2.175 Y10.761 E.07344
G1 X2.822 Y11.408 E.03035
G1 X3.6 Y13.481 E.07344
G1 X4.247 Y14.128 E.03035
G1 X6.32 Y14.906 E.07344
G1 X6.967 Y15.553 E.03035
G1 X7.745 Y17.626 E.07344
G1 X8.392 Y18.273 E.03035
G1 X10.465 Y19.051 E.07344
G1 X11.112 Y19.698 E.03035
G1 X11.89 Y21.771 E.07344
G1 X12.396 Y22.276 E.02371
G1 X12.396 Y18.131 E.1375
G1 X11.89 Y17.626 E.02371
G1 X11.112 Y15.553 E.07344
G1 X10.465 Y14.906 E.03035
G1 X8.392 Y14.128 E.07344
G1 X7.745 Y13.481 E.03035
G1 X6.967 Y11.408 E.07344
G1 X6.32 Y10.761 E.03035
G1 X4.247 Y9.983 E.07344
G1 X3.6 Y9.336 E.03035
G1 X2.822 Y7.263 E.07344
G1 X2.175 Y6.616 E.03035
G1 X.102 Y5.838 E.07344
G1 X-.545 Y5.191 E.03035
G1 X-1.27 Y3.26 E.06843
G1 X2.875 Y3.26 E.1375
G1 X3.6 Y5.191 E.06843
G1 X4.247 Y5.838 E.03035
G1 X6.32 Y6.616 E.07344
G1 X6.967 Y7.263 E.03035
G1 X7.745 Y9.336 E.07344
G1 X8.392 Y9.983 E.03035
G1 X10.465 Y10.761 E.07344
G1 X11.112 Y11.408 E.03035
G1 X11.89 Y13.481 E.07344
G1 X12.396 Y13.986 E.02371
G1 X12.396 Y9.841 E.1375
G1 X11.89 Y9.336 E.02371
G1 X11.112 Y7.263 E.07344
G1 X10.465 Y6.616 E.03035
G1 X8.392 Y5.838 E.07344
G1 X7.745 Y5.191 E.03035
G1 X7.02 Y3.26 E.06843
G1 X11.165 Y3.26 E.1375
G1 X11.89 Y5.191 E.06843
G1 X12.396 Y5.696 E.02371
G1 X12.396 Y7.324 E.05401
;LAYER_CHANGE
;Z:11.6
;HEIGHT:0.200001
;BEFORE_LAYER_CHANGE
;11.6
G1 E-.8 F2100
;WIPE_START
G1 F16200
G1 X12.396 Y5.696
G1 X12.133 Y5.433
;WIPE_END
;AFTER_LAYER_CHANGE
;11.6
;_SET_FAN_SPEED_CHANGING_LAYER
G1 F30000
G1 X11.6237 Y5.71581 Z11.6308
G1 X11.0414 Y5.72931 Z11.6615
G1 X10.5195 Y5.47066 Z11.6923
G1 X10.1776 Y4.99909 Z11.7231
G1 X10.094 Y4.42264 Z11.7538
G1 X10.2878 Y3.87337 Z11.7846
G1 X10.7148 Y3.47711 Z11.8154
G1 X11.2769 Y3.32464 Z11.8462
G1 X11.8456 Y3.45089 Z11.8769
G1 X12.2904 Y3.82693 Z11.9077
G1 X12.5095 Y4.36662 Z11.9385
G1 X12.4527 Y4.94632 Z11.9692
G1 X12.133 Y5.43323 Z12
G1 X-14.475 Y30.13 Z12
G1 Z11.6
G1 E.8 F2100
SET_VELOCITY_LIMIT ACCEL=5000
;TYPE:Inner wall
G1 F7653
G1 X-14.475 Y3.049 E.89835
G1 X12.607 Y3.049 E.89835
G1 X12.607 Y30.13 E.89835
G1 X-14.435 Y30.13 E.89702
SET_VELOCITY_LIMIT ACCEL=10000
G1 X-14.882 Y30.537 F30000
SET_VELOCITY_LIMIT ACCEL=5000
G1 F7653
G1 X-14.882 Y2.642 E.92536
G1 X13.014 Y2.642 E.92536
G1 X13.014 Y30.537 E.92536
G1 X-14.842 Y30.537 E.92403
SET_VELOCITY_LIMIT ACCEL=10000
G1 X-15.289 Y30.944 F30000
SET_VELOCITY_LIMIT ACCEL=5000
G1 F7653
G1 X-15.289 Y2.234 E.95236
G1 X13.421 Y2.234 E.95236
G1 X13.421 Y30.944 E.95236
G1 X-15.249 Y30.944 E.95104
G1 X-15.724 Y31.379 F30000
M73 P65 R6
;TYPE:Outer wall
;WIDTH:0.42
G1 F7653
G1 X-15.724 Y1.799 E.90891
G1 X13.856 Y1.799 E.90891
G1 X13.856 Y31.379 E.90891
G1 X-15.684 Y31.379 E.90768
SET_VELOCITY_LIMIT ACCEL=10000
G1 E-.8 F2100
;WIPE_START
G1 F12000
G1 X-15.687 Y29.379
;WIPE_END
G1 X-14.264 Y26.208 Z12 F30000
G1 Z11.6
G1 E.8 F2100
;TYPE:Sparse infill
;WIDTH:0.45
G1 F7653
G1 X-14.264 Y27.836 E.05401
G1 X-14.112 Y27.988 E.00712
G1 X-12.728 Y29.919 E.07881
G1 X-8.583 Y29.919 E.1375
G1 X-9.967 Y27.988 E.07881
G1 X-10.26 Y27.695 E.01376
G1 X-12.333 Y26.209 E.08459
G1 X-12.626 Y25.916 E.01376
G1 X-14.112 Y23.843 E.08459
G1 X-14.264 Y23.691 E.00712
G1 X-14.264 Y19.546 E.1375
G1 X-14.112 Y19.698 E.00712
G1 X-12.626 Y21.771 E.08459
G1 X-12.333 Y22.064 E.01376
G1 X-10.26 Y23.55 E.08459
G1 X-9.967 Y23.843 E.01376
G1 X-8.481 Y25.916 E.08459
G1 X-8.188 Y26.209 E.01376
G1 X-6.115 Y27.695 E.08459
G1 X-5.822 Y27.988 E.01376
G1 X-4.438 Y29.919 E.07881
G1 X-.292 Y29.919 E.1375
G1 X-1.677 Y27.988 E.07881
G1 X-1.97 Y27.695 E.01376
G1 X-4.043 Y26.209 E.08459
G1 X-4.336 Y25.916 E.01376
G1 X-5.822 Y23.843 E.08459
G1 X-6.115 Y23.55 E.01376
G1 X-8.188 Y22.064 E.08459
G1 X-8.481 Y21.771 E.01376
G1 X-9.967 Y19.698 E.08459
G1 X-10.26 Y19.405 E.01376
G1 X-12.333 Y17.919 E.08459
G1 X-12.626 Y17.626 E.01376
G1 X-14.112 Y15.553 E.08459
G1 X-14.264 Y15.401 E.00712
G1 X-14.264 Y11.256 E.1375
G1 X-14.112 Y11.408 E.00712
G1 X-12.626 Y13.481 E.08459
G1 X-12.333 Y13.774 E.01376
G1 X-10.26 Y15.26 E.08459
G1 X-9.967 Y15.553 E.01376
G1 X-8.481 Y17.626 E.08459
G1 X-8.188 Y17.919 E.01376
G1 X-6.115 Y19.405 E.08459
G1 X-5.822 Y19.698 E.01376
G1 X-4.336 Y21.771 E.08459
G1 X-4.043 Y22.064 E.01376
G1 X-1.97 Y23.55 E.08459
G1 X-1.677 Y23.843 E.01376
G1 X-.191 Y25.916 E.08459
G1 X.102 Y26.209 E.01376
G1 X2.175 Y27.695 E.08459
G1 X2.468 Y27.988 E.01376
G1 X3.853 Y29.919 E.07881
G1 X7.998 Y29.919 E.1375
G1 X6.613 Y27.988 E.07881
G1 X6.32 Y27.695 E.01376
G1 X4.247 Y26.209 E.08459
G1 X3.954 Y25.916 E.01376
G1 X2.468 Y23.843 E.08459
G1 X2.175 Y23.55 E.01376
G1 X.102 Y22.064 E.08459
G1 X-.191 Y21.771 E.01376
G1 X-1.677 Y19.698 E.08459
G1 X-1.97 Y19.405 E.01376
G1 X-4.043 Y17.919 E.08459
G1 X-4.336 Y17.626 E.01376
G1 X-5.822 Y15.553 E.08459
G1 X-6.115 Y15.26 E.01376
G1 X-8.188 Y13.774 E.08459
G1 X-8.481 Y13.481 E.01376
G1 X-9.967 Y11.408 E.08459
G1 X-10.26 Y11.115 E.01376
G1 X-12.333 Y9.629 E.08459
G1 X-12.626 Y9.336 E.01376
G1 X-14.112 Y7.263 E.08459
G1 X-14.264 Y7.111 E.00712
G1 X-14.264 Y3.26 E.12777
G1 X-14.01 Y3.26 E.0084
G1 X-12.626 Y5.191 E.07881
G1 X-12.333 Y5.484 E.01376
G1 X-10.26 Y6.97 E.08459
G1 X-9.967 Y7.263 E.01376
G1 X-8.481 Y9.336 E.08459
G1 X-8.188 Y9.629 E.01376
G1 X-6.115 Y11.115 E.08459
G1 X-5.822 Y11.408 E.01376
G1 X-4.336 Y13.481 E.08459
G1 X-4.043 Y13.774 E.01376
G1 X-1.97 Y15.26 E.08459
G1 X-1.677 Y15.553 E.01376
G1 X-.191 Y17.626 E.08459
G1 X.102 Y17.919 E.01376
G1 X2.175 Y19.405 E.08459
G1 X2.468 Y19.698 E.01376
G1 X3.954 Y21.771 E.08459
G1 X4.247 Y22.064 E.01376
G1 X6.32 Y23.55 E.08459
G1 X6.613 Y23.843 E.01376
G1 X8.099 Y25.916 E.08459
G1 X8.392 Y26.209 E.01376
G1 X10.465 Y27.695 E.08459
G1 X10.758 Y27.988 E.01376
G1 X12.143 Y29.919 E.07881
G1 X12.396 Y29.919 E.0084
G1 X12.396 Y26.068 E.12777
G1 X12.244 Y25.916 E.00712
G1 X10.758 Y23.843 E.08459
G1 X10.465 Y23.55 E.01376
G1 X8.392 Y22.064 E.08459
G1 X8.099 Y21.771 E.01376
G1 X6.613 Y19.698 E.08459
G1 X6.32 Y19.405 E.01376
G1 X4.247 Y17.919 E.08459
G1 X3.954 Y17.626 E.01376
G1 X2.468 Y15.553 E.08459
G1 X2.175 Y15.26 E.01376
G1 X.102 Y13.774 E.08459
G1 X-.191 Y13.481 E.01376
G1 X-1.677 Y11.408 E.08459
G1 X-1.97 Y11.115 E.01376
G1 X-4.043 Y9.629 E.08459
G1 X-4.336 Y9.336 E.01376
G1 X-5.822 Y7.263 E.08459
G1 X-6.115 Y6.97 E.01376
G1 X-8.188 Y5.484 E.08459
G1 X-8.481 Y5.191 E.01376
G1 X-9.865 Y3.26 E.07881
G1 X-5.72 Y3.26 E.1375
G1 X-4.336 Y5.191 E.07881
G1 X-4.043 Y5.484 E.01376
G1 X-1.97 Y6.97 E.08459
G1 X-1.677 Y7.263 E.01376
G1 X-.191 Y9.336 E.08459
G1 X.102 Y9.629 E.01376
G1 X2.175 Y11.115 E.08459
G1 X2.468 Y11.408 E.01376
G1 X3.954 Y13.481 E.08459
G1 X4.247 Y13.774 E.01376
G1 X6.32 Y15.26 E.08459
G1 X6.613 Y15.553 E.01376
G1 X8.099 Y17.626 E.08459
G1 X8.392 Y17.919 E.01376
G1 X10.465 Y19.405 E.08459
G1 X10.758 Y19.698 E.01376
G1 X12.244 Y21.771 E.08459
G1 X12.396 Y21.923 E.00712
G1 X12.396 Y17.778 E.1375
G1 X12.244 Y17.626 E.00712
G1 X10.758 Y15.553 E.08459
G1 X10.465 Y15.26 E.01376
G1 X8.392 Y13.774 E.08459
G1 X8.099 Y13.481 E.01376
G1 X6.613 Y11.408 E.08459
G1 X6.32 Y11.115 E.01376
G1 X4.247 Y9.629 E.08459
G1 X3.954 Y9.336 E.01376
G1 X2.468 Y7.263 E.08459
G1 X2.175 Y6.97 E.01376
G1 X.102 Y5.484 E.08459
G1 X-.191 Y5.191 E.01376
G1 X-1.575 Y3.26 E.07881
G1 X2.57 Y3.26 E.1375
G1 X3.954 Y5.191 E.07881
G1 X4.247 Y5.484 E.01376
G1 X6.32 Y6.97 E.08459
G1 X6.613 Y7.263 E.01376
G1 X8.099 Y9.336 E.08459
G1 X8.392 Y9.629 E.01376
G1 X10.465 Y11.115 E.08459
G1 X10.758 Y11.408 E.01376
G1 X12.244 Y13.481 E.08459
G1 X12.396 Y13.633 E.00712
G1 X12.396 Y9.488 E.1375
G1 X12.244 Y9.336 E.00712
G1 X10.758 Y7.263 E.08459
G1 X10.465 Y6.97 E.01376
G1 X8.392 Y5.484 E.08459
G1 X8.099 Y5.191 E.01376
G1 X6.715 Y3.26 E.07881
G1 X10.86 Y3.26 E.1375
G1 X12.244 Y5.191 E.07881
G1 X12.396 Y5.342 E.00712
G1 X12.396 Y6.971 E.05401
;LAYER_CHANGE
;Z:11.8
;HEIGHT:0.2
;BEFORE_LAYER_CHANGE
;11.8
G1 E-.8 F2100
;WIPE_START
G1 F16200
G1 X12.396 Y5.342
G1 X12.244 Y5.191
G1 X12.153 Y5.063
;WIPE_END
;AFTER_LAYER_CHANGE
;11.8
;_SET_FAN_SPEED_CHANGING_LAYER
G1 F30000
G1 X11.6452 Y5.34927 Z11.8308
G1 X11.063 Y5.36688 Z11.8615
G1 X10.5393 Y5.11191 Z11.8923
G1 X10.1941 Y4.64277 Z11.9231
G1 X10.1064 Y4.06692 Z11.9538
G1 X10.2964 Y3.5163 Z11.9846
G1 X10.7205 Y3.11704 Z12.0154
G1 X11.2816 Y2.9606 Z12.0462
G1 X11.8511 Y3.08283 Z12.0769
G1 X12.2986 Y3.45573 Z12.1077
G1 X12.5215 Y3.99386 Z12.1385
G1 X12.4688 Y4.57395 Z12.1692
G1 X12.1526 Y5.0631 Z12.2
G1 X-14.475 Y30.13 Z12.2
G1 Z11.8
G1 E.8 F2100
SET_VELOCITY_LIMIT ACCEL=5000
;TYPE:Inner wall
G1 F7671
G1 X-14.475 Y3.049 E.89835
G1 X12.607 Y3.049 E.89835
G1 X12.607 Y30.13 E.89835
G1 X-14.435 Y30.13 E.89702
SET_VELOCITY_LIMIT ACCEL=10000
G1 X-14.882 Y30.537 F30000
SET_VELOCITY_LIMIT ACCEL=5000
G1 F7671
G1 X-14.882 Y2.642 E.92536
G1 X13.014 Y2.642 E.92536
G1 X13.014 Y30.537 E.92536
G1 X-14.842 Y30.537 E.92403
SET_VELOCITY_LIMIT ACCEL=10000
G1 X-15.289 Y30.944 F30000
SET_VELOCITY_LIMIT ACCEL=5000
G1 F7671
G1 X-15.289 Y2.234 E.95236
G1 X13.421 Y2.234 E.95236
G1 X13.421 Y30.944 E.95236
G1 X-15.249 Y30.944 E.95104
G1 X-15.724 Y31.379 F30000
;TYPE:Outer wall
;WIDTH:0.42
G1 F7671
G1 X-15.724 Y1.799 E.90891
G1 X13.856 Y1.799 E.90891
G1 X13.856 Y31.379 E.90891
G1 X-15.684 Y31.379 E.90768
SET_VELOCITY_LIMIT ACCEL=10000
G1 E-.8 F2100
;WIPE_START
G1 F12000
G1 X-15.687 Y29.379
;WIPE_END
G1 X-10.846 Y29.919 Z12.2 F30000
G1 Z11.8
G1 E.8 F2100
;TYPE:Sparse infill
;WIDTH:0.45
G1 F7671
G1 X-12.474 Y29.919 E.05401
G1 X-14.264 Y28.13 E.08395
G1 X-14.264 Y23.985 E.1375
G1 X-8.329 Y29.919 E.2784
G1 X-4.184 Y29.919 E.1375
G1 X-14.264 Y19.84 E.47285
G1 X-14.264 Y18.211 E.05401
G1 X1.589 Y29.919 F30000
G1 F7671
G1 X-.039 Y29.919 E.05401
G1 X-14.264 Y15.695 E.6673
G1 X-14.264 Y11.55 E.1375
G1 X4.106 Y29.919 E.86175
G1 X8.251 Y29.919 E.1375
G1 X-14.264 Y7.405 E1.05621
G1 X-14.264 Y3.26 E.1375
G1 X12.396 Y29.919 E1.25066
G1 X12.396 Y25.774 E.1375
G1 X-10.119 Y3.26 E1.05621
G1 X-5.974 Y3.26 E.1375
G1 X12.396 Y21.629 E.86175
G1 X12.396 Y17.484 E.1375
G1 X-1.829 Y3.26 E.6673
G1 X2.316 Y3.26 E.1375
G1 X12.396 Y13.339 E.47285
G1 X12.396 Y9.194 E.1375
G1 X6.461 Y3.26 E.2784
G1 X10.606 Y3.26 E.1375
M73 P66 R6
G1 X12.396 Y5.049 E.08395
G1 X12.396 Y6.677 E.05401
;LAYER_CHANGE
;Z:12
;HEIGHT:0.2
;BEFORE_LAYER_CHANGE
;12
G1 E-.8 F2100
;WIPE_START
G1 F16200
G1 X12.396 Y5.049
G1 X12.133 Y4.786
;WIPE_END
;AFTER_LAYER_CHANGE
;12
;_SET_FAN_SPEED_CHANGING_LAYER
G1 F30000
G1 X11.6274 Y5.07545 Z12.0308
G1 X11.0453 Y5.09646 Z12.0615
G1 X10.5201 Y4.84456 Z12.0923
G1 X10.1721 Y4.37744 Z12.1231
G1 X10.0811 Y3.80212 Z12.1538
G1 X10.2679 Y3.2504 Z12.1846
G1 X10.6896 Y2.84866 Z12.2154
G1 X11.2498 Y2.68895 Z12.2462
G1 X11.82 Y2.80785 Z12.2769
G1 X12.2696 Y3.17812 Z12.3077
G1 X12.4957 Y3.71494 Z12.3385
G1 X12.4464 Y4.29532 Z12.3692
G1 X12.133 Y4.78632 Z12.4
G1 X-14.475 Y30.13 Z12.4
G1 Z12
G1 E.8 F2100
SET_VELOCITY_LIMIT ACCEL=5000
;TYPE:Inner wall
G1 F7671
G1 X-14.475 Y3.049 E.89835
G1 X12.607 Y3.049 E.89835
G1 X12.607 Y30.13 E.89835
G1 X-14.435 Y30.13 E.89702
SET_VELOCITY_LIMIT ACCEL=10000
G1 X-14.882 Y30.537 F30000
SET_VELOCITY_LIMIT ACCEL=5000
G1 F7671
G1 X-14.882 Y2.642 E.92536
G1 X13.014 Y2.642 E.92536
G1 X13.014 Y30.537 E.92536
G1 X-14.842 Y30.537 E.92403
SET_VELOCITY_LIMIT ACCEL=10000
G1 X-15.289 Y30.944 F30000
SET_VELOCITY_LIMIT ACCEL=5000
G1 F7671
G1 X-15.289 Y2.234 E.95236
G1 X13.421 Y2.234 E.95236
G1 X13.421 Y30.944 E.95236
G1 X-15.249 Y30.944 E.95104
G1 X-15.724 Y31.379 F30000
;TYPE:Outer wall
;WIDTH:0.42
G1 F7671
G1 X-15.724 Y1.799 E.90891
G1 X13.856 Y1.799 E.90891
G1 X13.856 Y31.379 E.90891
G1 X-15.684 Y31.379 E.90768
SET_VELOCITY_LIMIT ACCEL=10000
G1 E-.8 F2100
;WIPE_START
G1 F12000
G1 X-15.687 Y29.379
;WIPE_END
G1 X-10.846 Y29.919 Z12.4 F30000
G1 Z12
G1 E.8 F2100
;TYPE:Sparse infill
;WIDTH:0.45
G1 F7671
G1 X-12.474 Y29.919 E.05401
G1 X-14.264 Y28.13 E.08395
G1 X-14.264 Y23.985 E.1375
G1 X-8.329 Y29.919 E.2784
G1 X-4.184 Y29.919 E.1375
G1 X-14.264 Y19.84 E.47285
G1 X-14.264 Y18.211 E.05401
G1 X1.589 Y29.919 F30000
G1 F7671
G1 X-.039 Y29.919 E.05401
G1 X-14.264 Y15.695 E.6673
G1 X-14.264 Y11.55 E.1375
G1 X4.106 Y29.919 E.86175
G1 X8.251 Y29.919 E.1375
G1 X-14.264 Y7.405 E1.05621
G1 X-14.264 Y3.26 E.1375
G1 X12.396 Y29.919 E1.25066
G1 X12.396 Y25.774 E.1375
G1 X-10.119 Y3.26 E1.05621
G1 X-5.974 Y3.26 E.1375
G1 X12.396 Y21.629 E.86175
G1 X12.396 Y17.484 E.1375
G1 X-1.829 Y3.26 E.6673
G1 X2.316 Y3.26 E.1375
G1 X12.396 Y13.339 E.47285
G1 X12.396 Y9.194 E.1375
G1 X6.461 Y3.26 E.2784
G1 X10.606 Y3.26 E.1375
G1 X12.396 Y5.049 E.08395
G1 X12.396 Y6.677 E.05401
;LAYER_CHANGE
;Z:12.2
;HEIGHT:0.2
;BEFORE_LAYER_CHANGE
;12.2
G1 E-.8 F2100
;WIPE_START
G1 F16200
G1 X12.396 Y5.049
G1 X12.133 Y4.786
;WIPE_END
;AFTER_LAYER_CHANGE
;12.2
;_SET_FAN_SPEED_CHANGING_LAYER
G1 F30000
G1 X11.6274 Y5.07545 Z12.2308
G1 X11.0453 Y5.09646 Z12.2615
G1 X10.5201 Y4.84456 Z12.2923
G1 X10.1721 Y4.37744 Z12.3231
G1 X10.0811 Y3.80212 Z12.3538
G1 X10.2679 Y3.2504 Z12.3846
G1 X10.6896 Y2.84866 Z12.4154
G1 X11.2498 Y2.68895 Z12.4462
G1 X11.82 Y2.80785 Z12.4769
G1 X12.2696 Y3.17812 Z12.5077
G1 X12.4957 Y3.71494 Z12.5385
G1 X12.4464 Y4.29532 Z12.5692
G1 X12.133 Y4.78632 Z12.6
G1 X-14.475 Y30.13 Z12.6
G1 Z12.2
G1 E.8 F2100
SET_VELOCITY_LIMIT ACCEL=5000
;TYPE:Inner wall
G1 F7671
G1 X-14.475 Y3.049 E.89835
G1 X12.607 Y3.049 E.89835
G1 X12.607 Y30.13 E.89835
G1 X-14.435 Y30.13 E.89702
SET_VELOCITY_LIMIT ACCEL=10000
G1 X-14.882 Y30.537 F30000
SET_VELOCITY_LIMIT ACCEL=5000
G1 F7671
G1 X-14.882 Y2.642 E.92536
G1 X13.014 Y2.642 E.92536
G1 X13.014 Y30.537 E.92536
G1 X-14.842 Y30.537 E.92403
SET_VELOCITY_LIMIT ACCEL=10000
G1 X-15.289 Y30.944 F30000
SET_VELOCITY_LIMIT ACCEL=5000
G1 F7671
G1 X-15.289 Y2.234 E.95236
G1 X13.421 Y2.234 E.95236
G1 X13.421 Y30.944 E.95236
G1 X-15.249 Y30.944 E.95104
G1 X-15.724 Y31.379 F30000
;TYPE:Outer wall
;WIDTH:0.42
G1 F7671
G1 X-15.724 Y1.799 E.90891
G1 X13.856 Y1.799 E.90891
G1 X13.856 Y31.379 E.90891
G1 X-15.684 Y31.379 E.90768
M73 P67 R6
SET_VELOCITY_LIMIT ACCEL=10000
G1 E-.8 F2100
;WIPE_START
G1 F12000
G1 X-15.687 Y29.379
;WIPE_END
G1 X-10.846 Y29.919 Z12.6 F30000
G1 Z12.2
G1 E.8 F2100
;TYPE:Sparse infill
;WIDTH:0.45
G1 F7671
G1 X-12.474 Y29.919 E.05401
G1 X-14.264 Y28.13 E.08395
G1 X-14.264 Y23.985 E.1375
G1 X-8.329 Y29.919 E.2784
G1 X-4.184 Y29.919 E.1375
G1 X-14.264 Y19.84 E.47285
G1 X-14.264 Y18.211 E.05401
G1 X1.589 Y29.919 F30000
G1 F7671
G1 X-.039 Y29.919 E.05401
G1 X-14.264 Y15.695 E.6673
G1 X-14.264 Y11.55 E.1375
G1 X4.106 Y29.919 E.86175
G1 X8.251 Y29.919 E.1375
G1 X-14.264 Y7.405 E1.05621
G1 X-14.264 Y3.26 E.1375
G1 X12.396 Y29.919 E1.25066
G1 X12.396 Y25.774 E.1375
G1 X-10.119 Y3.26 E1.05621
G1 X-5.974 Y3.26 E.1375
G1 X12.396 Y21.629 E.86175
G1 X12.396 Y17.484 E.1375
G1 X-1.829 Y3.26 E.6673
G1 X2.316 Y3.26 E.1375
G1 X12.396 Y13.339 E.47285
G1 X12.396 Y9.194 E.1375
G1 X6.461 Y3.26 E.2784
G1 X10.606 Y3.26 E.1375
G1 X12.396 Y5.049 E.08395
G1 X12.396 Y6.677 E.05401
;LAYER_CHANGE
;Z:12.4
;HEIGHT:0.2
;BEFORE_LAYER_CHANGE
;12.4
G1 E-.8 F2100
;WIPE_START
G1 F16200
G1 X12.396 Y5.049
G1 X12.133 Y4.786
;WIPE_END
;AFTER_LAYER_CHANGE
;12.4
;_SET_FAN_SPEED_CHANGING_LAYER
G1 F30000
G1 X11.6274 Y5.07545 Z12.4308
G1 X11.0453 Y5.09646 Z12.4615
G1 X10.5201 Y4.84456 Z12.4923
G1 X10.1721 Y4.37744 Z12.5231
G1 X10.0811 Y3.80212 Z12.5538
G1 X10.2679 Y3.2504 Z12.5846
G1 X10.6896 Y2.84866 Z12.6154
G1 X11.2498 Y2.68895 Z12.6462
G1 X11.82 Y2.80785 Z12.6769
G1 X12.2696 Y3.17812 Z12.7077
G1 X12.4957 Y3.71494 Z12.7385
G1 X12.4464 Y4.29532 Z12.7692
G1 X12.133 Y4.78632 Z12.8
G1 X-14.475 Y30.13 Z12.8
G1 Z12.4
G1 E.8 F2100
SET_VELOCITY_LIMIT ACCEL=5000
;TYPE:Inner wall
G1 F7671
G1 X-14.475 Y3.049 E.89835
G1 X12.607 Y3.049 E.89835
G1 X12.607 Y30.13 E.89835
G1 X-14.435 Y30.13 E.89702
SET_VELOCITY_LIMIT ACCEL=10000
G1 X-14.882 Y30.537 F30000
SET_VELOCITY_LIMIT ACCEL=5000
G1 F7671
G1 X-14.882 Y2.642 E.92536
G1 X13.014 Y2.642 E.92536
G1 X13.014 Y30.537 E.92536
G1 X-14.842 Y30.537 E.92403
SET_VELOCITY_LIMIT ACCEL=10000
G1 X-15.289 Y30.944 F30000
SET_VELOCITY_LIMIT ACCEL=5000
G1 F7671
G1 X-15.289 Y2.234 E.95236
G1 X13.421 Y2.234 E.95236
G1 X13.421 Y30.944 E.95236
G1 X-15.249 Y30.944 E.95104
G1 X-15.724 Y31.379 F30000
;TYPE:Outer wall
;WIDTH:0.42
G1 F7671
G1 X-15.724 Y1.799 E.90891
G1 X13.856 Y1.799 E.90891
G1 X13.856 Y31.379 E.90891
G1 X-15.684 Y31.379 E.90768
SET_VELOCITY_LIMIT ACCEL=10000
G1 E-.8 F2100
;WIPE_START
G1 F12000
G1 X-15.687 Y29.379
;WIPE_END
G1 X-10.846 Y29.919 Z12.8 F30000
G1 Z12.4
G1 E.8 F2100
;TYPE:Sparse infill
;WIDTH:0.45
G1 F7671
G1 X-12.474 Y29.919 E.05401
G1 X-14.264 Y28.13 E.08395
G1 X-14.264 Y23.985 E.1375
G1 X-8.329 Y29.919 E.2784
G1 X-4.184 Y29.919 E.1375
G1 X-14.264 Y19.84 E.47285
G1 X-14.264 Y18.211 E.05401
G1 X1.589 Y29.919 F30000
G1 F7671
G1 X-.039 Y29.919 E.05401
G1 X-14.264 Y15.695 E.6673
G1 X-14.264 Y11.55 E.1375
G1 X4.106 Y29.919 E.86175
G1 X8.251 Y29.919 E.1375
G1 X-14.264 Y7.405 E1.05621
G1 X-14.264 Y3.26 E.1375
G1 X12.396 Y29.919 E1.25066
G1 X12.396 Y25.774 E.1375
G1 X-10.119 Y3.26 E1.05621
G1 X-5.974 Y3.26 E.1375
G1 X12.396 Y21.629 E.86175
G1 X12.396 Y17.484 E.1375
G1 X-1.829 Y3.26 E.6673
G1 X2.316 Y3.26 E.1375
G1 X12.396 Y13.339 E.47285
G1 X12.396 Y9.194 E.1375
G1 X6.461 Y3.26 E.2784
G1 X10.606 Y3.26 E.1375
G1 X12.396 Y5.049 E.08395
G1 X12.396 Y6.677 E.05401
;LAYER_CHANGE
;Z:12.6
;HEIGHT:0.200001
;BEFORE_LAYER_CHANGE
;12.6
G1 E-.8 F2100
;WIPE_START
G1 F16200
G1 X12.396 Y5.049
G1 X12.133 Y4.786
;WIPE_END
;AFTER_LAYER_CHANGE
;12.6
;_SET_FAN_SPEED_CHANGING_LAYER
G1 F30000
G1 X11.6274 Y5.07545 Z12.6308
G1 X11.0453 Y5.09646 Z12.6615
G1 X10.5201 Y4.84456 Z12.6923
G1 X10.1721 Y4.37744 Z12.7231
G1 X10.0811 Y3.80212 Z12.7538
G1 X10.2679 Y3.2504 Z12.7846
G1 X10.6896 Y2.84866 Z12.8154
G1 X11.2498 Y2.68895 Z12.8462
G1 X11.82 Y2.80785 Z12.8769
G1 X12.2696 Y3.17812 Z12.9077
G1 X12.4957 Y3.71494 Z12.9385
G1 X12.4464 Y4.29532 Z12.9692
G1 X12.133 Y4.78632 Z13
G1 X-14.475 Y30.13 Z13
G1 Z12.6
G1 E.8 F2100
SET_VELOCITY_LIMIT ACCEL=5000
;TYPE:Inner wall
G1 F7671
G1 X-14.475 Y3.049 E.89835
G1 X12.607 Y3.049 E.89835
G1 X12.607 Y30.13 E.89835
M73 P68 R6
G1 X-14.435 Y30.13 E.89702
SET_VELOCITY_LIMIT ACCEL=10000
G1 X-14.882 Y30.537 F30000
SET_VELOCITY_LIMIT ACCEL=5000
G1 F7671
G1 X-14.882 Y2.642 E.92536
G1 X13.014 Y2.642 E.92536
G1 X13.014 Y30.537 E.92536
G1 X-14.842 Y30.537 E.92403
SET_VELOCITY_LIMIT ACCEL=10000
G1 X-15.289 Y30.944 F30000
SET_VELOCITY_LIMIT ACCEL=5000
G1 F7671
G1 X-15.289 Y2.234 E.95236
G1 X13.421 Y2.234 E.95236
G1 X13.421 Y30.944 E.95236
G1 X-15.249 Y30.944 E.95104
G1 X-15.724 Y31.379 F30000
;TYPE:Outer wall
;WIDTH:0.42
G1 F7671
G1 X-15.724 Y1.799 E.90891
G1 X13.856 Y1.799 E.90891
G1 X13.856 Y31.379 E.90891
G1 X-15.684 Y31.379 E.90768
SET_VELOCITY_LIMIT ACCEL=10000
G1 E-.8 F2100
;WIPE_START
G1 F12000
G1 X-15.687 Y29.379
;WIPE_END
G1 X-10.846 Y29.919 Z13 F30000
G1 Z12.6
G1 E.8 F2100
;TYPE:Sparse infill
;WIDTH:0.45
G1 F7671
G1 X-12.474 Y29.919 E.05401
G1 X-14.264 Y28.13 E.08395
G1 X-14.264 Y23.985 E.1375
G1 X-8.329 Y29.919 E.2784
G1 X-4.184 Y29.919 E.1375
G1 X-14.264 Y19.84 E.47285
G1 X-14.264 Y18.211 E.05401
G1 X1.589 Y29.919 F30000
G1 F7671
G1 X-.039 Y29.919 E.05401
G1 X-14.264 Y15.695 E.6673
G1 X-14.264 Y11.55 E.1375
G1 X4.106 Y29.919 E.86175
G1 X8.251 Y29.919 E.1375
G1 X-14.264 Y7.405 E1.05621
G1 X-14.264 Y3.26 E.1375
G1 X12.396 Y29.919 E1.25066
G1 X12.396 Y25.774 E.1375
M73 P68 R5
G1 X-10.119 Y3.26 E1.05621
G1 X-5.974 Y3.26 E.1375
G1 X12.396 Y21.629 E.86175
G1 X12.396 Y17.484 E.1375
G1 X-1.829 Y3.26 E.6673
G1 X2.316 Y3.26 E.1375
G1 X12.396 Y13.339 E.47285
G1 X12.396 Y9.194 E.1375
G1 X6.461 Y3.26 E.2784
G1 X10.606 Y3.26 E.1375
G1 X12.396 Y5.049 E.08395
G1 X12.396 Y6.677 E.05401
;LAYER_CHANGE
;Z:12.8
;HEIGHT:0.2
;BEFORE_LAYER_CHANGE
;12.8
G1 E-.8 F2100
;WIPE_START
G1 F16200
G1 X12.396 Y5.049
G1 X12.133 Y4.786
;WIPE_END
;AFTER_LAYER_CHANGE
;12.8
;_SET_FAN_SPEED_CHANGING_LAYER
G1 F30000
G1 X11.6274 Y5.07545 Z12.8308
G1 X11.0453 Y5.09646 Z12.8615
G1 X10.5201 Y4.84456 Z12.8923
G1 X10.1721 Y4.37744 Z12.9231
G1 X10.0811 Y3.80212 Z12.9538
G1 X10.2679 Y3.2504 Z12.9846
G1 X10.6896 Y2.84866 Z13.0154
G1 X11.2498 Y2.68895 Z13.0462
G1 X11.82 Y2.80785 Z13.0769
G1 X12.2696 Y3.17812 Z13.1077
G1 X12.4957 Y3.71494 Z13.1385
G1 X12.4464 Y4.29532 Z13.1692
G1 X12.133 Y4.78632 Z13.2
G1 X-14.475 Y30.13 Z13.2
G1 Z12.8
G1 E.8 F2100
SET_VELOCITY_LIMIT ACCEL=5000
;TYPE:Inner wall
G1 F7671
G1 X-14.475 Y3.049 E.89835
G1 X12.607 Y3.049 E.89835
G1 X12.607 Y30.13 E.89835
G1 X-14.435 Y30.13 E.89702
SET_VELOCITY_LIMIT ACCEL=10000
G1 X-14.882 Y30.537 F30000
SET_VELOCITY_LIMIT ACCEL=5000
G1 F7671
G1 X-14.882 Y2.642 E.92536
G1 X13.014 Y2.642 E.92536
G1 X13.014 Y30.537 E.92536
G1 X-14.842 Y30.537 E.92403
SET_VELOCITY_LIMIT ACCEL=10000
G1 X-15.289 Y30.944 F30000
SET_VELOCITY_LIMIT ACCEL=5000
G1 F7671
G1 X-15.289 Y2.234 E.95236
G1 X13.421 Y2.234 E.95236
G1 X13.421 Y30.944 E.95236
G1 X-15.249 Y30.944 E.95104
G1 X-15.724 Y31.379 F30000
;TYPE:Outer wall
;WIDTH:0.42
G1 F7671
G1 X-15.724 Y1.799 E.90891
G1 X13.856 Y1.799 E.90891
G1 X13.856 Y31.379 E.90891
G1 X-15.684 Y31.379 E.90768
SET_VELOCITY_LIMIT ACCEL=10000
G1 E-.8 F2100
;WIPE_START
G1 F12000
G1 X-15.687 Y29.379
;WIPE_END
G1 X-10.846 Y29.919 Z13.2 F30000
G1 Z12.8
G1 E.8 F2100
;TYPE:Sparse infill
;WIDTH:0.45
G1 F7671
G1 X-12.474 Y29.919 E.05401
G1 X-14.264 Y28.13 E.08395
G1 X-14.264 Y23.985 E.1375
G1 X-8.329 Y29.919 E.2784
G1 X-4.184 Y29.919 E.1375
G1 X-14.264 Y19.84 E.47285
G1 X-14.264 Y18.211 E.05401
M73 P69 R5
G1 X1.589 Y29.919 F30000
G1 F7671
G1 X-.039 Y29.919 E.05401
G1 X-14.264 Y15.695 E.6673
G1 X-14.264 Y11.55 E.1375
G1 X4.106 Y29.919 E.86175
G1 X8.251 Y29.919 E.1375
G1 X-14.264 Y7.405 E1.05621
G1 X-14.264 Y3.26 E.1375
G1 X12.396 Y29.919 E1.25066
G1 X12.396 Y25.774 E.1375
G1 X-10.119 Y3.26 E1.05621
G1 X-5.974 Y3.26 E.1375
G1 X12.396 Y21.629 E.86175
G1 X12.396 Y17.484 E.1375
G1 X-1.829 Y3.26 E.6673
G1 X2.316 Y3.26 E.1375
G1 X12.396 Y13.339 E.47285
G1 X12.396 Y9.194 E.1375
G1 X6.461 Y3.26 E.2784
G1 X10.606 Y3.26 E.1375
G1 X12.396 Y5.049 E.08395
G1 X12.396 Y6.677 E.05401
;LAYER_CHANGE
;Z:13
;HEIGHT:0.2
;BEFORE_LAYER_CHANGE
;13
G1 E-.8 F2100
;WIPE_START
G1 F16200
G1 X12.396 Y5.049
G1 X12.133 Y4.786
;WIPE_END
;AFTER_LAYER_CHANGE
;13
;_SET_FAN_SPEED_CHANGING_LAYER
G1 F30000
G1 X11.6274 Y5.07545 Z13.0308
G1 X11.0453 Y5.09646 Z13.0615
G1 X10.5201 Y4.84456 Z13.0923
G1 X10.1721 Y4.37744 Z13.1231
G1 X10.0811 Y3.80212 Z13.1538
G1 X10.2679 Y3.2504 Z13.1846
G1 X10.6896 Y2.84866 Z13.2154
G1 X11.2498 Y2.68895 Z13.2462
G1 X11.82 Y2.80785 Z13.2769
G1 X12.2696 Y3.17812 Z13.3077
G1 X12.4957 Y3.71494 Z13.3385
G1 X12.4464 Y4.29532 Z13.3692
G1 X12.133 Y4.78632 Z13.4
G1 X-14.475 Y30.13 Z13.4
G1 Z13
G1 E.8 F2100
SET_VELOCITY_LIMIT ACCEL=5000
;TYPE:Inner wall
G1 F7671
G1 X-14.475 Y3.049 E.89835
G1 X12.607 Y3.049 E.89835
G1 X12.607 Y30.13 E.89835
G1 X-14.435 Y30.13 E.89702
SET_VELOCITY_LIMIT ACCEL=10000
G1 X-14.882 Y30.537 F30000
SET_VELOCITY_LIMIT ACCEL=5000
G1 F7671
G1 X-14.882 Y2.642 E.92536
G1 X13.014 Y2.642 E.92536
G1 X13.014 Y30.537 E.92536
G1 X-14.842 Y30.537 E.92403
SET_VELOCITY_LIMIT ACCEL=10000
G1 X-15.289 Y30.944 F30000
SET_VELOCITY_LIMIT ACCEL=5000
G1 F7671
G1 X-15.289 Y2.234 E.95236
G1 X13.421 Y2.234 E.95236
G1 X13.421 Y30.944 E.95236
G1 X-15.249 Y30.944 E.95104
G1 X-15.724 Y31.379 F30000
;TYPE:Outer wall
;WIDTH:0.42
G1 F7671
G1 X-15.724 Y1.799 E.90891
G1 X13.856 Y1.799 E.90891
G1 X13.856 Y31.379 E.90891
G1 X-15.684 Y31.379 E.90768
SET_VELOCITY_LIMIT ACCEL=10000
G1 E-.8 F2100
;WIPE_START
G1 F12000
G1 X-15.687 Y29.379
;WIPE_END
G1 X-10.846 Y29.919 Z13.4 F30000
G1 Z13
G1 E.8 F2100
;TYPE:Sparse infill
;WIDTH:0.45
G1 F7671
G1 X-12.474 Y29.919 E.05401
G1 X-14.264 Y28.13 E.08395
G1 X-14.264 Y23.985 E.1375
G1 X-8.329 Y29.919 E.2784
G1 X-4.184 Y29.919 E.1375
G1 X-14.264 Y19.84 E.47285
G1 X-14.264 Y18.211 E.05401
G1 X1.589 Y29.919 F30000
G1 F7671
G1 X-.039 Y29.919 E.05401
G1 X-14.264 Y15.695 E.6673
G1 X-14.264 Y11.55 E.1375
G1 X4.106 Y29.919 E.86175
G1 X8.251 Y29.919 E.1375
G1 X-14.264 Y7.405 E1.05621
G1 X-14.264 Y3.26 E.1375
G1 X12.396 Y29.919 E1.25066
G1 X12.396 Y25.774 E.1375
G1 X-10.119 Y3.26 E1.05621
G1 X-5.974 Y3.26 E.1375
G1 X12.396 Y21.629 E.86175
G1 X12.396 Y17.484 E.1375
G1 X-1.829 Y3.26 E.6673
G1 X2.316 Y3.26 E.1375
G1 X12.396 Y13.339 E.47285
G1 X12.396 Y9.194 E.1375
G1 X6.461 Y3.26 E.2784
G1 X10.606 Y3.26 E.1375
G1 X12.396 Y5.049 E.08395
G1 X12.396 Y6.677 E.05401
;LAYER_CHANGE
;Z:13.2
;HEIGHT:0.2
;BEFORE_LAYER_CHANGE
;13.2
G1 E-.8 F2100
;WIPE_START
G1 F16200
G1 X12.396 Y5.049
G1 X12.133 Y4.786
;WIPE_END
;AFTER_LAYER_CHANGE
;13.2
;_SET_FAN_SPEED_CHANGING_LAYER
G1 F30000
G1 X11.6274 Y5.07545 Z13.2308
G1 X11.0453 Y5.09646 Z13.2615
G1 X10.5201 Y4.84456 Z13.2923
G1 X10.1721 Y4.37744 Z13.3231
G1 X10.0811 Y3.80212 Z13.3538
G1 X10.2679 Y3.2504 Z13.3846
G1 X10.6896 Y2.84866 Z13.4154
G1 X11.2498 Y2.68895 Z13.4462
G1 X11.82 Y2.80785 Z13.4769
G1 X12.2696 Y3.17812 Z13.5077
G1 X12.4957 Y3.71494 Z13.5385
G1 X12.4464 Y4.29532 Z13.5692
G1 X12.133 Y4.78632 Z13.6
G1 X-14.475 Y30.13 Z13.6
G1 Z13.2
G1 E.8 F2100
SET_VELOCITY_LIMIT ACCEL=5000
;TYPE:Inner wall
G1 F7639
G1 X-14.475 Y3.049 E.89835
G1 X12.607 Y3.049 E.89835
G1 X12.607 Y30.13 E.89835
G1 X-14.435 Y30.13 E.89702
SET_VELOCITY_LIMIT ACCEL=10000
G1 X-14.882 Y30.537 F30000
SET_VELOCITY_LIMIT ACCEL=5000
G1 F7639
G1 X-14.882 Y2.642 E.92536
G1 X13.014 Y2.642 E.92536
M73 P70 R5
G1 X13.014 Y30.537 E.92536
G1 X-14.842 Y30.537 E.92403
SET_VELOCITY_LIMIT ACCEL=10000
G1 X-15.289 Y30.944 F30000
SET_VELOCITY_LIMIT ACCEL=5000
G1 F7639
G1 X-15.289 Y2.234 E.95236
G1 X13.421 Y2.234 E.95236
G1 X13.421 Y30.944 E.95236
G1 X-15.249 Y30.944 E.95104
G1 X-15.724 Y31.379 F30000
;TYPE:Outer wall
;WIDTH:0.42
G1 F7639
G1 X-15.724 Y1.799 E.90891
G1 X13.856 Y1.799 E.90891
G1 X13.856 Y31.379 E.90891
G1 X-15.684 Y31.379 E.90768
SET_VELOCITY_LIMIT ACCEL=10000
G1 E-.8 F2100
;WIPE_START
G1 F12000
G1 X-15.687 Y29.379
;WIPE_END
G1 X-14.264 Y26.286 Z13.6 F30000
G1 Z13.2
G1 E.8 F2100
;TYPE:Sparse infill
;WIDTH:0.45
G1 F7639
G1 X-14.264 Y27.914 E.05401
G1 X-12.661 Y29.919 E.08516
G1 X-8.516 Y29.919 E.1375
G1 X-10.044 Y27.988 E.0817
G1 X-10.26 Y27.773 E.01012
G1 X-12.333 Y26.132 E.08769
G1 X-12.549 Y25.916 E.01012
G1 X-14.264 Y23.769 E.09115
G1 X-14.264 Y19.624 E.1375
G1 X-12.549 Y21.771 E.09115
G1 X-12.333 Y21.986 E.01012
G1 X-10.26 Y23.627 E.08769
G1 X-10.044 Y23.843 E.01012
G1 X-8.403 Y25.916 E.08769
G1 X-8.188 Y26.132 E.01012
G1 X-6.115 Y27.773 E.08769
G1 X-5.899 Y27.988 E.01012
G1 X-4.371 Y29.919 E.0817
G1 X-.225 Y29.919 E.1375
G1 X-1.754 Y27.988 E.0817
G1 X-1.97 Y27.773 E.01012
G1 X-4.043 Y26.132 E.08769
G1 X-4.258 Y25.916 E.01012
G1 X-5.899 Y23.843 E.08769
G1 X-6.115 Y23.627 E.01012
G1 X-8.188 Y21.986 E.08769
G1 X-8.403 Y21.771 E.01012
G1 X-10.044 Y19.698 E.08769
G1 X-10.26 Y19.482 E.01012
G1 X-12.333 Y17.841 E.08769
G1 X-12.549 Y17.626 E.01012
G1 X-14.264 Y15.479 E.09115
G1 X-14.264 Y11.334 E.1375
G1 X-12.549 Y13.481 E.09115
G1 X-12.333 Y13.696 E.01012
G1 X-10.26 Y15.337 E.08769
G1 X-10.044 Y15.553 E.01012
G1 X-8.403 Y17.626 E.08769
G1 X-8.188 Y17.841 E.01012
G1 X-6.115 Y19.482 E.08769
G1 X-5.899 Y19.698 E.01012
G1 X-4.258 Y21.771 E.08769
G1 X-4.043 Y21.986 E.01012
G1 X-1.97 Y23.627 E.08769
G1 X-1.754 Y23.843 E.01012
G1 X-.113 Y25.916 E.08769
G1 X.102 Y26.132 E.01012
G1 X2.175 Y27.773 E.08769
G1 X2.391 Y27.988 E.01012
G1 X3.92 Y29.919 E.0817
G1 X8.065 Y29.919 E.1375
G1 X6.536 Y27.988 E.0817
G1 X6.32 Y27.773 E.01012
G1 X4.247 Y26.132 E.08769
G1 X4.032 Y25.916 E.01012
G1 X2.391 Y23.843 E.08769
G1 X2.175 Y23.627 E.01012
G1 X.102 Y21.986 E.08769
G1 X-.113 Y21.771 E.01012
G1 X-1.754 Y19.698 E.08769
G1 X-1.97 Y19.482 E.01012
G1 X-4.043 Y17.841 E.08769
G1 X-4.258 Y17.626 E.01012
G1 X-5.899 Y15.553 E.08769
G1 X-6.115 Y15.337 E.01012
G1 X-8.188 Y13.696 E.08769
G1 X-8.403 Y13.481 E.01012
G1 X-10.044 Y11.408 E.08769
G1 X-10.26 Y11.192 E.01012
G1 X-12.333 Y9.551 E.08769
G1 X-12.549 Y9.336 E.01012
G1 X-14.264 Y7.189 E.09115
G1 X-14.264 Y3.26 E.13034
G1 X-14.077 Y3.26 E.00618
G1 X-12.549 Y5.191 E.0817
G1 X-12.333 Y5.406 E.01012
G1 X-10.26 Y7.047 E.08769
G1 X-10.044 Y7.263 E.01012
G1 X-8.403 Y9.336 E.08769
G1 X-8.188 Y9.551 E.01012
G1 X-6.115 Y11.192 E.08769
G1 X-5.899 Y11.408 E.01012
G1 X-4.258 Y13.481 E.08769
G1 X-4.043 Y13.696 E.01012
G1 X-1.97 Y15.337 E.08769
G1 X-1.754 Y15.553 E.01012
G1 X-.113 Y17.626 E.08769
G1 X.102 Y17.841 E.01012
G1 X2.175 Y19.482 E.08769
G1 X2.391 Y19.698 E.01012
G1 X4.032 Y21.771 E.08769
G1 X4.247 Y21.986 E.01012
G1 X6.32 Y23.627 E.08769
G1 X6.536 Y23.843 E.01012
G1 X8.177 Y25.916 E.08769
G1 X8.392 Y26.132 E.01012
G1 X10.465 Y27.773 E.08769
G1 X10.681 Y27.988 E.01012
G1 X12.21 Y29.919 E.0817
G1 X12.396 Y29.919 E.00618
G1 X12.396 Y25.99 E.13034
G1 X10.681 Y23.843 E.09115
G1 X10.465 Y23.627 E.01012
G1 X8.392 Y21.986 E.08769
G1 X8.177 Y21.771 E.01012
G1 X6.536 Y19.698 E.08769
G1 X6.32 Y19.482 E.01012
G1 X4.247 Y17.841 E.08769
G1 X4.032 Y17.626 E.01012
G1 X2.391 Y15.553 E.08769
G1 X2.175 Y15.337 E.01012
G1 X.102 Y13.696 E.08769
G1 X-.113 Y13.481 E.01012
G1 X-1.754 Y11.408 E.08769
G1 X-1.97 Y11.192 E.01012
G1 X-4.043 Y9.551 E.08769
G1 X-4.258 Y9.336 E.01012
G1 X-5.899 Y7.263 E.08769
G1 X-6.115 Y7.047 E.01012
G1 X-8.188 Y5.406 E.08769
G1 X-8.403 Y5.191 E.01012
G1 X-9.932 Y3.26 E.0817
G1 X-5.787 Y3.26 E.1375
G1 X-4.258 Y5.191 E.0817
G1 X-4.043 Y5.406 E.01012
G1 X-1.97 Y7.047 E.08769
G1 X-1.754 Y7.263 E.01012
G1 X-.113 Y9.336 E.08769
G1 X.102 Y9.551 E.01012
G1 X2.175 Y11.192 E.08769
G1 X2.391 Y11.408 E.01012
G1 X4.032 Y13.481 E.08769
G1 X4.247 Y13.696 E.01012
G1 X6.32 Y15.337 E.08769
G1 X6.536 Y15.553 E.01012
G1 X8.177 Y17.626 E.08769
G1 X8.392 Y17.841 E.01012
G1 X10.465 Y19.482 E.08769
G1 X10.681 Y19.698 E.01012
G1 X12.396 Y21.845 E.09115
G1 X12.396 Y17.7 E.1375
G1 X10.681 Y15.553 E.09115
G1 X10.465 Y15.337 E.01012
G1 X8.392 Y13.696 E.08769
G1 X8.177 Y13.481 E.01012
G1 X6.536 Y11.408 E.08769
G1 X6.32 Y11.192 E.01012
G1 X4.247 Y9.551 E.08769
G1 X4.032 Y9.336 E.01012
G1 X2.391 Y7.263 E.08769
G1 X2.175 Y7.047 E.01012
G1 X.102 Y5.406 E.08769
G1 X-.113 Y5.191 E.01012
G1 X-1.642 Y3.26 E.0817
G1 X2.503 Y3.26 E.1375
G1 X4.032 Y5.191 E.0817
G1 X4.247 Y5.406 E.01012
G1 X6.32 Y7.047 E.08769
G1 X6.536 Y7.263 E.01012
G1 X8.177 Y9.336 E.08769
G1 X8.392 Y9.551 E.01012
G1 X10.465 Y11.192 E.08769
G1 X10.681 Y11.408 E.01012
G1 X12.396 Y13.555 E.09115
G1 X12.396 Y9.41 E.1375
G1 X10.681 Y7.263 E.09115
G1 X10.465 Y7.047 E.01012
G1 X8.392 Y5.406 E.08769
G1 X8.177 Y5.191 E.01012
G1 X6.648 Y3.26 E.0817
G1 X10.793 Y3.26 E.1375
G1 X12.396 Y5.265 E.08516
G1 X12.396 Y6.893 E.05401
;LAYER_CHANGE
;Z:13.4
;HEIGHT:0.2
;BEFORE_LAYER_CHANGE
;13.4
G1 E-.8 F2100
;WIPE_START
G1 F16200
G1 X12.396 Y5.265
G1 X12.164 Y4.975
;WIPE_END
;AFTER_LAYER_CHANGE
;13.4
;_SET_FAN_SPEED_CHANGING_LAYER
G1 F30000
G1 X11.6569 Y5.26154 Z13.4308
G1 X11.0747 Y5.28005 Z13.4615
G1 X10.5506 Y5.0259 Z13.4923
G1 X10.2046 Y4.55729 Z13.5231
G1 X10.1161 Y3.98158 Z13.5538
G1 X10.3052 Y3.43066 Z13.5846
G1 X10.7287 Y3.03075 Z13.6154
G1 X11.2895 Y2.87344 Z13.6462
G1 X11.8592 Y2.99479 Z13.6769
G1 X12.3073 Y3.36699 Z13.7077
G1 X12.531 Y3.90477 Z13.7385
G1 X12.4792 Y4.48494 Z13.7692
G1 X12.1638 Y4.97459 Z13.8
G1 X-14.475 Y30.13 Z13.8
G1 Z13.4
G1 E.8 F2100
SET_VELOCITY_LIMIT ACCEL=5000
;TYPE:Inner wall
G1 F7749
G1 X-14.475 Y3.049 E.89835
G1 X12.607 Y3.049 E.89835
G1 X12.607 Y30.13 E.89835
G1 X-14.435 Y30.13 E.89702
SET_VELOCITY_LIMIT ACCEL=10000
G1 X-14.882 Y30.537 F30000
SET_VELOCITY_LIMIT ACCEL=5000
G1 F7749
G1 X-14.882 Y2.642 E.92536
G1 X13.014 Y2.642 E.92536
G1 X13.014 Y30.537 E.92536
G1 X-14.842 Y30.537 E.92403
SET_VELOCITY_LIMIT ACCEL=10000
G1 X-15.289 Y30.944 F30000
SET_VELOCITY_LIMIT ACCEL=5000
G1 F7749
G1 X-15.289 Y2.234 E.95236
G1 X13.421 Y2.234 E.95236
G1 X13.421 Y30.944 E.95236
G1 X-15.249 Y30.944 E.95104
G1 X-15.724 Y31.379 F30000
;TYPE:Outer wall
;WIDTH:0.42
G1 F7749
G1 X-15.724 Y1.799 E.90891
G1 X13.856 Y1.799 E.90891
G1 X13.856 Y31.379 E.90891
G1 X-15.684 Y31.379 E.90768
SET_VELOCITY_LIMIT ACCEL=10000
G1 E-.8 F2100
;WIPE_START
G1 F12000
G1 X-15.687 Y29.379
;WIPE_END
G1 X-14.264 Y25.932 Z13.8 F30000
G1 Z13.4
G1 E.8 F2100
;TYPE:Sparse infill
;WIDTH:0.45
G1 F7749
G1 X-14.264 Y27.56 E.05401
G1 X-13.836 Y27.988 E.02007
G1 X-12.966 Y29.919 E.07026
G1 X-8.821 Y29.919 E.1375
G1 X-9.691 Y27.988 E.07026
G1 X-10.26 Y27.419 E.02671
G1 X-12.333 Y26.485 E.07541
G1 X-12.902 Y25.916 E.02671
G1 X-13.836 Y23.843 E.07541
G1 X-14.264 Y23.415 E.02007
G1 X-14.264 Y19.27 E.1375
G1 X-13.836 Y19.698 E.02007
G1 X-12.902 Y21.771 E.07541
G1 X-12.333 Y22.34 E.02671
G1 X-10.26 Y23.274 E.07541
G1 X-9.691 Y23.843 E.02671
G1 X-8.757 Y25.916 E.07541
G1 X-8.188 Y26.485 E.02671
G1 X-6.115 Y27.419 E.07541
G1 X-5.546 Y27.988 E.02671
G1 X-4.676 Y29.919 E.07026
G1 X-.531 Y29.919 E.1375
G1 X-1.401 Y27.988 E.07026
G1 X-1.97 Y27.419 E.02671
G1 X-4.043 Y26.485 E.07541
G1 X-4.612 Y25.916 E.02671
G1 X-5.546 Y23.843 E.07541
G1 X-6.115 Y23.274 E.02671
G1 X-8.188 Y22.34 E.07541
G1 X-8.757 Y21.771 E.02671
G1 X-9.691 Y19.698 E.07541
G1 X-10.26 Y19.129 E.02671
G1 X-12.333 Y18.195 E.07541
G1 X-12.902 Y17.626 E.02671
G1 X-13.836 Y15.553 E.07541
G1 X-14.264 Y15.125 E.02007
G1 X-14.264 Y10.98 E.1375
G1 X-13.836 Y11.408 E.02007
G1 X-12.902 Y13.481 E.07541
G1 X-12.333 Y14.05 E.02671
G1 X-10.26 Y14.984 E.07541
G1 X-9.691 Y15.553 E.02671
G1 X-8.757 Y17.626 E.07541
G1 X-8.188 Y18.195 E.02671
G1 X-6.115 Y19.129 E.07541
G1 X-5.546 Y19.698 E.02671
G1 X-4.612 Y21.771 E.07541
G1 X-4.043 Y22.34 E.02671
G1 X-1.97 Y23.274 E.07541
G1 X-1.401 Y23.843 E.02671
G1 X-.467 Y25.916 E.07541
G1 X.102 Y26.485 E.02671
G1 X2.175 Y27.419 E.07541
G1 X2.744 Y27.988 E.02671
G1 X3.614 Y29.919 E.07026
G1 X7.759 Y29.919 E.1375
G1 X6.889 Y27.988 E.07026
M73 P71 R5
G1 X6.32 Y27.419 E.02671
G1 X4.247 Y26.485 E.07541
G1 X3.678 Y25.916 E.02671
G1 X2.744 Y23.843 E.07541
G1 X2.175 Y23.274 E.02671
G1 X.102 Y22.34 E.07541
G1 X-.467 Y21.771 E.02671
G1 X-1.401 Y19.698 E.07541
G1 X-1.97 Y19.129 E.02671
G1 X-4.043 Y18.195 E.07541
G1 X-4.612 Y17.626 E.02671
G1 X-5.546 Y15.553 E.07541
G1 X-6.115 Y14.984 E.02671
G1 X-8.188 Y14.05 E.07541
G1 X-8.757 Y13.481 E.02671
G1 X-9.691 Y11.408 E.07541
G1 X-10.26 Y10.839 E.02671
G1 X-12.333 Y9.905 E.07541
G1 X-12.902 Y9.336 E.02671
G1 X-13.836 Y7.263 E.07541
G1 X-14.264 Y6.835 E.02007
G1 X-14.264 Y3.26 E.11861
G1 X-13.772 Y3.26 E.01631
G1 X-12.902 Y5.191 E.07026
G1 X-12.333 Y5.76 E.02671
G1 X-10.26 Y6.694 E.07541
G1 X-9.691 Y7.263 E.02671
G1 X-8.757 Y9.336 E.07541
G1 X-8.188 Y9.905 E.02671
G1 X-6.115 Y10.839 E.07541
G1 X-5.546 Y11.408 E.02671
G1 X-4.612 Y13.481 E.07541
G1 X-4.043 Y14.05 E.02671
G1 X-1.97 Y14.984 E.07541
G1 X-1.401 Y15.553 E.02671
G1 X-.467 Y17.626 E.07541
G1 X.102 Y18.195 E.02671
G1 X2.175 Y19.129 E.07541
G1 X2.744 Y19.698 E.02671
G1 X3.678 Y21.771 E.07541
G1 X4.247 Y22.34 E.02671
G1 X6.32 Y23.274 E.07541
G1 X6.889 Y23.843 E.02671
G1 X7.823 Y25.916 E.07541
G1 X8.392 Y26.485 E.02671
G1 X10.465 Y27.419 E.07541
G1 X11.034 Y27.988 E.02671
G1 X11.904 Y29.919 E.07026
G1 X12.396 Y29.919 E.01631
G1 X12.396 Y26.344 E.11861
G1 X11.968 Y25.916 E.02007
G1 X11.034 Y23.843 E.07541
G1 X10.465 Y23.274 E.02671
G1 X8.392 Y22.34 E.07541
G1 X7.823 Y21.771 E.02671
G1 X6.889 Y19.698 E.07541
G1 X6.32 Y19.129 E.02671
G1 X4.247 Y18.195 E.07541
G1 X3.678 Y17.626 E.02671
G1 X2.744 Y15.553 E.07541
G1 X2.175 Y14.984 E.02671
G1 X.102 Y14.05 E.07541
G1 X-.467 Y13.481 E.02671
G1 X-1.401 Y11.408 E.07541
G1 X-1.97 Y10.839 E.02671
G1 X-4.043 Y9.905 E.07541
G1 X-4.612 Y9.336 E.02671
G1 X-5.546 Y7.263 E.07541
G1 X-6.115 Y6.694 E.02671
G1 X-8.188 Y5.76 E.07541
G1 X-8.757 Y5.191 E.02671
G1 X-9.627 Y3.26 E.07026
G1 X-5.482 Y3.26 E.1375
G1 X-4.612 Y5.191 E.07026
G1 X-4.043 Y5.76 E.02671
G1 X-1.97 Y6.694 E.07541
G1 X-1.401 Y7.263 E.02671
G1 X-.467 Y9.336 E.07541
G1 X.102 Y9.905 E.02671
G1 X2.175 Y10.839 E.07541
G1 X2.744 Y11.408 E.02671
G1 X3.678 Y13.481 E.07541
G1 X4.247 Y14.05 E.02671
G1 X6.32 Y14.984 E.07541
G1 X6.889 Y15.553 E.02671
G1 X7.823 Y17.626 E.07541
G1 X8.392 Y18.195 E.02671
G1 X10.465 Y19.129 E.07541
G1 X11.034 Y19.698 E.02671
G1 X11.968 Y21.771 E.07541
G1 X12.396 Y22.199 E.02007
G1 X12.396 Y18.054 E.1375
G1 X11.968 Y17.626 E.02007
G1 X11.034 Y15.553 E.07541
G1 X10.465 Y14.984 E.02671
G1 X8.392 Y14.05 E.07541
G1 X7.823 Y13.481 E.02671
G1 X6.889 Y11.408 E.07541
G1 X6.32 Y10.839 E.02671
G1 X4.247 Y9.905 E.07541
G1 X3.678 Y9.336 E.02671
G1 X2.744 Y7.263 E.07541
G1 X2.175 Y6.694 E.02671
G1 X.102 Y5.76 E.07541
G1 X-.467 Y5.191 E.02671
G1 X-1.337 Y3.26 E.07026
G1 X2.808 Y3.26 E.1375
G1 X3.678 Y5.191 E.07026
G1 X4.247 Y5.76 E.02671
G1 X6.32 Y6.694 E.07541
G1 X6.889 Y7.263 E.02671
G1 X7.823 Y9.336 E.07541
G1 X8.392 Y9.905 E.02671
G1 X10.465 Y10.839 E.07541
G1 X11.034 Y11.408 E.02671
G1 X11.968 Y13.481 E.07541
G1 X12.396 Y13.908 E.02007
G1 X12.396 Y9.763 E.1375
G1 X11.968 Y9.336 E.02007
G1 X11.034 Y7.263 E.07541
G1 X10.465 Y6.694 E.02671
G1 X8.392 Y5.76 E.07541
G1 X7.823 Y5.191 E.02671
G1 X6.953 Y3.26 E.07026
G1 X11.098 Y3.26 E.1375
G1 X11.968 Y5.191 E.07026
G1 X12.396 Y5.618 E.02007
G1 X12.396 Y7.247 E.05401
;LAYER_CHANGE
;Z:13.6
;HEIGHT:0.200001
;BEFORE_LAYER_CHANGE
;13.6
G1 E-.8 F2100
;WIPE_START
G1 F16200
G1 X12.396 Y5.618
G1 X12.133 Y5.356
;WIPE_END
;AFTER_LAYER_CHANGE
;13.6
;_SET_FAN_SPEED_CHANGING_LAYER
G1 F30000
G1 X11.6241 Y5.639 Z13.6308
G1 X11.0418 Y5.65342 Z13.6615
G1 X10.5195 Y5.39558 Z13.6923
G1 X10.1769 Y4.92454 Z13.7231
G1 X10.0924 Y4.34823 Z13.7538
G1 X10.2854 Y3.79866 Z13.7846
G1 X10.7117 Y3.40173 Z13.8154
G1 X11.2736 Y3.24838 Z13.8462
G1 X11.8425 Y3.37373 Z13.8769
G1 X12.2879 Y3.74908 Z13.9077
G1 X12.5078 Y4.28842 Z13.9385
G1 X12.452 Y4.86822 Z13.9692
G1 X12.133 Y5.35563 Z14
G1 X-14.475 Y30.13 Z14
G1 Z13.6
G1 E.8 F2100
SET_VELOCITY_LIMIT ACCEL=5000
;TYPE:Inner wall
G1 F8014
G1 X-14.475 Y3.049 E.89835
G1 X12.607 Y3.049 E.89835
G1 X12.607 Y30.13 E.89835
G1 X-14.435 Y30.13 E.89702
SET_VELOCITY_LIMIT ACCEL=10000
G1 X-14.882 Y30.537 F30000
SET_VELOCITY_LIMIT ACCEL=5000
G1 F8014
G1 X-14.882 Y2.642 E.92536
G1 X13.014 Y2.642 E.92536
G1 X13.014 Y30.537 E.92536
G1 X-14.842 Y30.537 E.92403
SET_VELOCITY_LIMIT ACCEL=10000
G1 X-15.289 Y30.944 F30000
SET_VELOCITY_LIMIT ACCEL=5000
G1 F8014
G1 X-15.289 Y2.234 E.95236
G1 X13.421 Y2.234 E.95236
G1 X13.421 Y30.944 E.95236
G1 X-15.249 Y30.944 E.95104
G1 X-15.724 Y31.379 F30000
;TYPE:Outer wall
;WIDTH:0.42
G1 F8014
G1 X-15.724 Y1.799 E.90891
G1 X13.856 Y1.799 E.90891
G1 X13.856 Y31.379 E.90891
G1 X-15.684 Y31.379 E.90768
SET_VELOCITY_LIMIT ACCEL=10000
G1 E-.8 F2100
;WIPE_START
G1 F12000
G1 X-15.687 Y29.379
;WIPE_END
G1 X-14.264 Y25.579 Z14 F30000
G1 Z13.6
G1 E.8 F2100
;TYPE:Sparse infill
;WIDTH:0.45
G1 F8014
G1 X-14.264 Y27.207 E.05401
G1 X-13.482 Y27.988 E.03665
G1 X-13.271 Y29.919 E.06444
G1 X-9.126 Y29.919 E.1375
G1 X-9.337 Y27.988 E.06444
G1 X-10.26 Y27.065 E.04329
G1 X-12.333 Y26.839 E.06916
G1 X-13.256 Y25.916 E.04329
G1 X-13.482 Y23.843 E.06916
G1 X-14.264 Y23.062 E.03665
G1 X-14.264 Y18.917 E.1375
G1 X-13.482 Y19.698 E.03665
G1 X-13.256 Y21.771 E.06916
G1 X-12.333 Y22.694 E.04329
G1 X-10.26 Y22.92 E.06916
G1 X-9.337 Y23.843 E.04329
G1 X-9.111 Y25.916 E.06916
G1 X-8.188 Y26.839 E.04329
G1 X-6.115 Y27.065 E.06916
G1 X-5.192 Y27.988 E.04329
G1 X-4.981 Y29.919 E.06444
G1 X-.836 Y29.919 E.1375
G1 X-1.047 Y27.988 E.06444
G1 X-1.97 Y27.065 E.04329
G1 X-4.043 Y26.839 E.06916
G1 X-4.966 Y25.916 E.04329
G1 X-5.192 Y23.843 E.06916
G1 X-6.115 Y22.92 E.04329
G1 X-8.188 Y22.694 E.06916
G1 X-9.111 Y21.771 E.04329
G1 X-9.337 Y19.698 E.06916
G1 X-10.26 Y18.775 E.04329
G1 X-12.333 Y18.549 E.06916
G1 X-13.256 Y17.626 E.04329
G1 X-13.482 Y15.553 E.06916
G1 X-14.264 Y14.772 E.03665
G1 X-14.264 Y10.627 E.1375
G1 X-13.482 Y11.408 E.03665
G1 X-13.256 Y13.481 E.06916
G1 X-12.333 Y14.404 E.04329
G1 X-10.26 Y14.63 E.06916
G1 X-9.337 Y15.553 E.04329
G1 X-9.111 Y17.626 E.06916
G1 X-8.188 Y18.549 E.04329
G1 X-6.115 Y18.775 E.06916
G1 X-5.192 Y19.698 E.04329
G1 X-4.966 Y21.771 E.06916
G1 X-4.043 Y22.694 E.04329
G1 X-1.97 Y22.92 E.06916
G1 X-1.047 Y23.843 E.04329
G1 X-.821 Y25.916 E.06916
G1 X.102 Y26.839 E.04329
G1 X2.175 Y27.065 E.06916
G1 X3.098 Y27.988 E.04329
G1 X3.309 Y29.919 E.06444
G1 X7.454 Y29.919 E.1375
G1 X7.243 Y27.988 E.06444
G1 X6.32 Y27.065 E.04329
G1 X4.247 Y26.839 E.06916
G1 X3.324 Y25.916 E.04329
G1 X3.098 Y23.843 E.06916
G1 X2.175 Y22.92 E.04329
G1 X.102 Y22.694 E.06916
G1 X-.821 Y21.771 E.04329
G1 X-1.047 Y19.698 E.06916
G1 X-1.97 Y18.775 E.04329
G1 X-4.043 Y18.549 E.06916
G1 X-4.966 Y17.626 E.04329
G1 X-5.192 Y15.553 E.06916
G1 X-6.115 Y14.63 E.04329
G1 X-8.188 Y14.404 E.06916
G1 X-9.111 Y13.481 E.04329
G1 X-9.337 Y11.408 E.06916
G1 X-10.26 Y10.485 E.04329
G1 X-12.333 Y10.259 E.06916
G1 X-13.256 Y9.336 E.04329
G1 X-13.482 Y7.263 E.06916
G1 X-14.264 Y6.482 E.03665
G1 X-14.264 Y3.26 E.10688
G1 X-13.467 Y3.26 E.02643
G1 X-13.256 Y5.191 E.06444
G1 X-12.333 Y6.114 E.04329
G1 X-10.26 Y6.34 E.06916
G1 X-9.337 Y7.263 E.04329
G1 X-9.111 Y9.336 E.06916
G1 X-8.188 Y10.259 E.04329
G1 X-6.115 Y10.485 E.06916
G1 X-5.192 Y11.408 E.04329
G1 X-4.966 Y13.481 E.06916
G1 X-4.043 Y14.404 E.04329
G1 X-1.97 Y14.63 E.06916
G1 X-1.047 Y15.553 E.04329
G1 X-.821 Y17.626 E.06916
G1 X.102 Y18.549 E.04329
G1 X2.175 Y18.775 E.06916
G1 X3.098 Y19.698 E.04329
G1 X3.324 Y21.771 E.06916
G1 X4.247 Y22.694 E.04329
G1 X6.32 Y22.92 E.06916
G1 X7.243 Y23.843 E.04329
G1 X7.469 Y25.916 E.06916
G1 X8.392 Y26.839 E.04329
G1 X10.465 Y27.065 E.06916
G1 X11.388 Y27.988 E.04329
G1 X11.599 Y29.919 E.06444
G1 X12.396 Y29.919 E.02643
G1 X12.396 Y26.697 E.10688
G1 X11.615 Y25.916 E.03665
G1 X11.388 Y23.843 E.06916
G1 X10.465 Y22.92 E.04329
G1 X8.392 Y22.694 E.06916
G1 X7.469 Y21.771 E.04329
G1 X7.243 Y19.698 E.06916
G1 X6.32 Y18.775 E.04329
G1 X4.247 Y18.549 E.06916
G1 X3.324 Y17.626 E.04329
G1 X3.098 Y15.553 E.06916
G1 X2.175 Y14.63 E.04329
G1 X.102 Y14.404 E.06916
G1 X-.821 Y13.481 E.04329
G1 X-1.047 Y11.408 E.06916
G1 X-1.97 Y10.485 E.04329
G1 X-4.043 Y10.259 E.06916
G1 X-4.966 Y9.336 E.04329
G1 X-5.192 Y7.263 E.06916
G1 X-6.115 Y6.34 E.04329
G1 X-8.188 Y6.114 E.06916
G1 X-9.111 Y5.191 E.04329
G1 X-9.322 Y3.26 E.06444
G1 X-5.177 Y3.26 E.1375
G1 X-4.966 Y5.191 E.06444
G1 X-4.043 Y6.114 E.04329
G1 X-1.97 Y6.34 E.06916
G1 X-1.047 Y7.263 E.04329
G1 X-.821 Y9.336 E.06916
G1 X.102 Y10.259 E.04329
G1 X2.175 Y10.485 E.06916
G1 X3.098 Y11.408 E.04329
G1 X3.324 Y13.481 E.06916
G1 X4.247 Y14.404 E.04329
G1 X6.32 Y14.63 E.06916
G1 X7.243 Y15.553 E.04329
G1 X7.469 Y17.626 E.06916
G1 X8.392 Y18.549 E.04329
G1 X10.465 Y18.775 E.06916
G1 X11.388 Y19.698 E.04329
G1 X11.615 Y21.771 E.06916
G1 X12.396 Y22.552 E.03665
G1 X12.396 Y18.407 E.1375
G1 X11.615 Y17.626 E.03665
G1 X11.388 Y15.553 E.06916
G1 X10.465 Y14.63 E.04329
G1 X8.392 Y14.404 E.06916
G1 X7.469 Y13.481 E.04329
G1 X7.243 Y11.408 E.06916
G1 X6.32 Y10.485 E.04329
G1 X4.247 Y10.259 E.06916
G1 X3.324 Y9.336 E.04329
G1 X3.098 Y7.263 E.06916
G1 X2.175 Y6.34 E.04329
G1 X.102 Y6.114 E.06916
G1 X-.821 Y5.191 E.04329
G1 X-1.032 Y3.26 E.06444
G1 X3.113 Y3.26 E.1375
G1 X3.324 Y5.191 E.06444
G1 X4.247 Y6.114 E.04329
G1 X6.32 Y6.34 E.06916
G1 X7.243 Y7.263 E.04329
G1 X7.469 Y9.336 E.06916
G1 X8.392 Y10.259 E.04329
G1 X10.465 Y10.485 E.06916
G1 X11.388 Y11.408 E.04329
G1 X11.615 Y13.481 E.06916
G1 X12.396 Y14.262 E.03665
G1 X12.396 Y10.117 E.1375
G1 X11.615 Y9.336 E.03665
G1 X11.388 Y7.263 E.06916
G1 X10.465 Y6.34 E.04329
G1 X8.392 Y6.114 E.06916
G1 X7.469 Y5.191 E.04329
G1 X7.258 Y3.26 E.06444
M73 P72 R5
G1 X11.403 Y3.26 E.1375
G1 X11.615 Y5.191 E.06444
G1 X12.396 Y5.972 E.03665
G1 X12.396 Y7.6 E.05401
;LAYER_CHANGE
;Z:13.8
;HEIGHT:0.2
;BEFORE_LAYER_CHANGE
;13.8
G1 E-.8 F2100
;WIPE_START
G1 F16200
G1 X12.396 Y5.972
G1 X12.133 Y5.709
;WIPE_END
;AFTER_LAYER_CHANGE
;13.8
;_SET_FAN_SPEED_CHANGING_LAYER
G1 F30000
G1 X11.6221 Y5.9889 Z13.8308
G1 X11.0397 Y5.99915 Z13.8615
G1 X10.5193 Y5.73757 Z13.8923
G1 X10.18 Y5.26409 Z13.9231
G1 X10.0997 Y4.68719 Z13.9538
G1 X10.2966 Y4.13901 Z13.9846
G1 X10.7257 Y3.74515 Z14.0154
G1 X11.2887 Y3.59583 Z14.0462
G1 X11.8567 Y3.72526 Z14.0769
G1 X12.2994 Y4.10378 Z14.1077
G1 X12.5155 Y4.64469 Z14.1385
G1 X12.4554 Y5.22407 Z14.1692
G1 X12.133 Y5.70918 Z14.2
G1 X-14.475 Y30.13 Z14.2
G1 Z13.8
G1 E.8 F2100
SET_VELOCITY_LIMIT ACCEL=5000
;TYPE:Inner wall
G1 F8478
G1 X-14.475 Y3.049 E.89835
G1 X12.607 Y3.049 E.89835
G1 X12.607 Y30.13 E.89835
G1 X-14.435 Y30.13 E.89702
SET_VELOCITY_LIMIT ACCEL=10000
G1 X-14.882 Y30.537 F30000
SET_VELOCITY_LIMIT ACCEL=5000
G1 F8478
G1 X-14.882 Y2.642 E.92536
G1 X13.014 Y2.642 E.92536
G1 X13.014 Y30.537 E.92536
G1 X-14.842 Y30.537 E.92403
SET_VELOCITY_LIMIT ACCEL=10000
G1 X-15.289 Y30.944 F30000
SET_VELOCITY_LIMIT ACCEL=5000
G1 F8478
G1 X-15.289 Y2.234 E.95236
G1 X13.421 Y2.234 E.95236
G1 X13.421 Y30.944 E.95236
G1 X-15.249 Y30.944 E.95104
G1 X-15.724 Y31.379 F30000
;TYPE:Outer wall
;WIDTH:0.42
G1 F8478
G1 X-15.724 Y1.799 E.90891
G1 X13.856 Y1.799 E.90891
G1 X13.856 Y31.379 E.90891
G1 X-15.684 Y31.379 E.90768
SET_VELOCITY_LIMIT ACCEL=10000
G1 E-.8 F2100
;WIPE_START
G1 F12000
G1 X-15.687 Y29.379
;WIPE_END
G1 X-14.377 Y21.86 Z14.2 F30000
G1 X-14.264 Y21.211 Z14.2
G1 Z13.8
G1 E.8 F2100
;TYPE:Sparse infill
;WIDTH:0.45
G1 F8478
G1 X-14.264 Y22.84 E.05401
G1 X-13.195 Y21.771 E.05015
G1 X-13.543 Y19.698 E.06972
G1 X-12.333 Y18.488 E.05679
G1 X-10.26 Y18.836 E.06972
G1 X-9.05 Y17.626 E.05679
G1 X-9.398 Y15.553 E.06972
G1 X-8.188 Y14.343 E.05679
G1 X-6.115 Y14.691 E.06972
G1 X-4.905 Y13.481 E.05679
G1 X-5.253 Y11.408 E.06972
G1 X-4.043 Y10.198 E.05679
G1 X-1.97 Y10.546 E.06972
G1 X-.76 Y9.336 E.05679
G1 X-1.108 Y7.263 E.06972
G1 X.102 Y6.053 E.05679
G1 X2.175 Y6.401 E.06972
G1 X3.385 Y5.191 E.05679
G1 X3.061 Y3.26 E.06495
G1 X-1.084 Y3.26 E.1375
G1 X-.76 Y5.191 E.06495
G1 X-1.97 Y6.401 E.05679
G1 X-4.043 Y6.053 E.06972
G1 X-5.253 Y7.263 E.05679
G1 X-4.905 Y9.336 E.06972
G1 X-6.115 Y10.546 E.05679
G1 X-8.188 Y10.198 E.06972
G1 X-9.398 Y11.408 E.05679
G1 X-9.05 Y13.481 E.06972
G1 X-10.26 Y14.691 E.05679
G1 X-12.333 Y14.343 E.06972
G1 X-13.543 Y15.553 E.05679
G1 X-13.195 Y17.626 E.06972
G1 X-14.264 Y18.695 E.05015
G1 X-14.264 Y14.55 E.1375
G1 X-13.195 Y13.481 E.05015
G1 X-13.543 Y11.408 E.06972
G1 X-12.333 Y10.198 E.05679
G1 X-10.26 Y10.546 E.06972
G1 X-9.05 Y9.336 E.05679
G1 X-9.398 Y7.263 E.06972
G1 X-8.188 Y6.053 E.05679
G1 X-6.115 Y6.401 E.06972
G1 X-4.905 Y5.191 E.05679
G1 X-5.229 Y3.26 E.06495
G1 X-9.375 Y3.26 E.1375
G1 X-9.05 Y5.191 E.06495
G1 X-10.26 Y6.401 E.05679
G1 X-12.333 Y6.053 E.06972
G1 X-13.543 Y7.263 E.05679
G1 X-13.195 Y9.336 E.06972
G1 X-14.264 Y10.405 E.05015
G1 X-14.264 Y6.26 E.1375
G1 X-13.195 Y5.191 E.05015
G1 X-13.52 Y3.26 E.06495
G1 X-11.891 Y3.26 E.05401
G1 X8.834 Y3.26 F30000
G1 F8478
G1 X7.206 Y3.26 E.05401
G1 X7.53 Y5.191 E.06495
G1 X6.32 Y6.401 E.05679
G1 X4.247 Y6.053 E.06972
G1 X3.037 Y7.263 E.05679
G1 X3.385 Y9.336 E.06972
G1 X2.175 Y10.546 E.05679
G1 X.102 Y10.198 E.06972
G1 X-1.108 Y11.408 E.05679
G1 X-.76 Y13.481 E.06972
G1 X-1.97 Y14.691 E.05679
G1 X-4.043 Y14.343 E.06972
G1 X-5.253 Y15.553 E.05679
G1 X-4.905 Y17.626 E.06972
G1 X-6.115 Y18.836 E.05679
G1 X-8.188 Y18.488 E.06972
G1 X-9.398 Y19.698 E.05679
G1 X-9.05 Y21.771 E.06972
G1 X-10.26 Y22.981 E.05679
G1 X-12.333 Y22.633 E.06972
G1 X-13.543 Y23.843 E.05679
G1 X-13.195 Y25.916 E.06972
G1 X-14.264 Y26.985 E.05015
G1 X-14.264 Y29.919 E.09734
G1 X-13.218 Y29.919 E.03467
G1 X-13.543 Y27.988 E.06496
G1 X-12.333 Y26.778 E.05679
G1 X-10.26 Y27.126 E.06972
G1 X-9.05 Y25.916 E.05679
G1 X-9.398 Y23.843 E.06972
G1 X-8.188 Y22.633 E.05679
G1 X-6.115 Y22.981 E.06972
G1 X-4.905 Y21.771 E.05679
G1 X-5.253 Y19.698 E.06972
G1 X-4.043 Y18.488 E.05679
G1 X-1.97 Y18.836 E.06972
G1 X-.76 Y17.626 E.05679
G1 X-1.108 Y15.553 E.06972
G1 X.102 Y14.343 E.05679
G1 X2.175 Y14.691 E.06972
G1 X3.385 Y13.481 E.05679
G1 X3.037 Y11.408 E.06972
G1 X4.247 Y10.198 E.05679
G1 X6.32 Y10.546 E.06972
G1 X7.53 Y9.336 E.05679
G1 X7.182 Y7.263 E.06972
G1 X8.392 Y6.053 E.05679
G1 X10.465 Y6.401 E.06972
G1 X11.675 Y5.191 E.05679
G1 X11.351 Y3.26 E.06495
G1 X12.396 Y3.26 E.03467
G1 X12.396 Y6.194 E.09734
G1 X11.327 Y7.263 E.05015
G1 X11.675 Y9.336 E.06972
G1 X10.465 Y10.546 E.05679
G1 X8.392 Y10.198 E.06972
G1 X7.182 Y11.408 E.05679
G1 X7.53 Y13.481 E.06972
G1 X6.32 Y14.691 E.05679
G1 X4.247 Y14.343 E.06972
G1 X3.037 Y15.553 E.05679
G1 X3.385 Y17.626 E.06972
G1 X2.175 Y18.836 E.05679
G1 X.102 Y18.488 E.06972
G1 X-1.108 Y19.698 E.05679
G1 X-.76 Y21.771 E.06972
G1 X-1.97 Y22.981 E.05679
G1 X-4.043 Y22.633 E.06972
G1 X-5.253 Y23.843 E.05679
G1 X-4.905 Y25.916 E.06972
G1 X-6.115 Y27.126 E.05679
G1 X-8.188 Y26.778 E.06972
G1 X-9.398 Y27.988 E.05679
G1 X-9.073 Y29.919 E.06496
G1 X-4.928 Y29.919 E.1375
G1 X-5.253 Y27.988 E.06496
G1 X-4.043 Y26.778 E.05679
G1 X-1.97 Y27.126 E.06972
G1 X-.76 Y25.916 E.05679
G1 X-1.108 Y23.843 E.06972
G1 X.102 Y22.633 E.05679
G1 X2.175 Y22.981 E.06972
G1 X3.385 Y21.771 E.05679
G1 X3.037 Y19.698 E.06972
G1 X4.247 Y18.488 E.05679
G1 X6.32 Y18.836 E.06972
G1 X7.53 Y17.626 E.05679
G1 X7.182 Y15.553 E.06972
G1 X8.392 Y14.343 E.05679
G1 X10.465 Y14.691 E.06972
G1 X11.675 Y13.481 E.05679
G1 X11.327 Y11.408 E.06972
G1 X12.396 Y10.339 E.05015
G1 X12.396 Y11.967 E.05401
G1 X10.023 Y29.919 F30000
G1 F8478
G1 X11.652 Y29.919 E.05401
G1 X11.327 Y27.988 E.06496
G1 X12.396 Y26.919 E.05015
G1 X12.396 Y22.774 E.1375
G1 X11.327 Y23.843 E.05015
G1 X11.675 Y25.916 E.06972
G1 X10.465 Y27.126 E.05679
G1 X8.392 Y26.778 E.06972
G1 X7.182 Y27.988 E.05679
G1 X7.507 Y29.919 E.06496
G1 X3.362 Y29.919 E.1375
G1 X3.037 Y27.988 E.06496
G1 X4.247 Y26.778 E.05679
G1 X6.32 Y27.126 E.06972
G1 X7.53 Y25.916 E.05679
G1 X7.182 Y23.843 E.06972
G1 X8.392 Y22.633 E.05679
G1 X10.465 Y22.981 E.06972
G1 X11.675 Y21.771 E.05679
G1 X11.327 Y19.698 E.06972
G1 X12.396 Y18.629 E.05015
G1 X12.396 Y14.484 E.1375
G1 X11.327 Y15.553 E.05015
G1 X11.675 Y17.626 E.06972
G1 X10.465 Y18.836 E.05679
G1 X8.392 Y18.488 E.06972
G1 X7.182 Y19.698 E.05679
G1 X7.53 Y21.771 E.06972
G1 X6.32 Y22.981 E.05679
G1 X4.247 Y22.633 E.06972
G1 X3.037 Y23.843 E.05679
G1 X3.385 Y25.916 E.06972
G1 X2.175 Y27.126 E.05679
G1 X.102 Y26.778 E.06972
G1 X-1.108 Y27.988 E.05679
G1 X-.783 Y29.919 E.06496
G1 X-2.412 Y29.919 E.05401
;LAYER_CHANGE
;Z:14
;HEIGHT:0.2
;BEFORE_LAYER_CHANGE
;14
G1 E-.8 F2100
;WIPE_START
G1 F16200
G1 X-.783 Y29.919
G1 X-.845 Y29.553
;WIPE_END
;AFTER_LAYER_CHANGE
;14
;_SET_FAN_SPEED_CHANGING_LAYER
G1 F30000
G1 X-1.41602 Y29.4374 Z14.0308
G1 X-1.86798 Y29.07 Z14.0615
G1 X-2.0974 Y28.5346 Z14.0923
G1 X-2.05173 Y27.9539 Z14.1231
G1 X-1.74144 Y27.4609 Z14.1538
G1 X-1.23761 Y27.1686 Z14.1846
G1 X-0.65565 Y27.144 Z14.2154
G1 X-0.128894 Y27.3926 Z14.2462
G1 X0.221989 Y27.8575 Z14.2769
G1 X0.316617 Y28.4323 Z14.3077
G1 X0.133311 Y28.9851 Z14.3385
G1 X-0.285935 Y29.3895 Z14.3692
G1 X-0.845078 Y29.5527 Z14.4
G1 X-14.475 Y30.13 Z14.4
G1 Z14
G1 E.8 F2100
SET_VELOCITY_LIMIT ACCEL=5000
;TYPE:Inner wall
G1 F8049
G1 X-14.475 Y3.049 E.89835
G1 X12.607 Y3.049 E.89835
G1 X12.607 Y30.13 E.89835
G1 X-14.435 Y30.13 E.89702
SET_VELOCITY_LIMIT ACCEL=10000
G1 X-14.882 Y30.537 F30000
SET_VELOCITY_LIMIT ACCEL=5000
G1 F8049
G1 X-14.882 Y2.642 E.92536
G1 X13.014 Y2.642 E.92536
G1 X13.014 Y30.537 E.92536
G1 X-14.842 Y30.537 E.92403
M73 P73 R5
SET_VELOCITY_LIMIT ACCEL=10000
G1 X-15.289 Y30.944 F30000
SET_VELOCITY_LIMIT ACCEL=5000
G1 F8049
G1 X-15.289 Y2.234 E.95236
G1 X13.421 Y2.234 E.95236
G1 X13.421 Y30.944 E.95236
G1 X-15.249 Y30.944 E.95104
G1 X-15.724 Y31.379 F30000
;TYPE:Outer wall
;WIDTH:0.42
G1 F8049
G1 X-15.724 Y1.799 E.90891
G1 X13.856 Y1.799 E.90891
G1 X13.856 Y31.379 E.90891
G1 X-15.684 Y31.379 E.90768
SET_VELOCITY_LIMIT ACCEL=10000
G1 E-.8 F2100
;WIPE_START
G1 F12000
G1 X-15.687 Y29.379
;WIPE_END
G1 X-14.43 Y21.851 Z14.4 F30000
G1 X-14.264 Y20.858 Z14.4
G1 Z14
G1 E.8 F2100
;TYPE:Sparse infill
;WIDTH:0.45
G1 F8049
G1 X-14.264 Y22.486 E.05401
G1 X-13.548 Y21.771 E.03357
G1 X-13.19 Y19.698 E.06977
G1 X-12.333 Y18.841 E.04021
G1 X-10.26 Y18.483 E.06977
G1 X-9.403 Y17.626 E.04021
G1 X-9.045 Y15.553 E.06977
G1 X-8.188 Y14.696 E.04021
G1 X-6.115 Y14.338 E.06977
G1 X-5.258 Y13.481 E.04021
G1 X-4.9 Y11.408 E.06977
G1 X-4.043 Y10.551 E.04021
G1 X-1.97 Y10.193 E.06977
G1 X-1.113 Y9.336 E.04021
G1 X-.755 Y7.263 E.06977
G1 X.102 Y6.406 E.04021
G1 X2.175 Y6.048 E.06977
G1 X3.032 Y5.191 E.04021
G1 X3.366 Y3.26 E.06501
G1 X-.779 Y3.26 E.1375
G1 X-1.113 Y5.191 E.06501
G1 X-1.97 Y6.048 E.04021
G1 X-4.043 Y6.406 E.06977
G1 X-4.9 Y7.263 E.04021
G1 X-5.258 Y9.336 E.06977
G1 X-6.115 Y10.193 E.04021
G1 X-8.188 Y10.551 E.06977
G1 X-9.045 Y11.408 E.04021
G1 X-9.403 Y13.481 E.06977
G1 X-10.26 Y14.338 E.04021
G1 X-12.333 Y14.696 E.06977
G1 X-13.19 Y15.553 E.04021
G1 X-13.548 Y17.626 E.06977
G1 X-14.264 Y18.341 E.03357
G1 X-14.264 Y14.196 E.1375
G1 X-13.548 Y13.481 E.03357
G1 X-13.19 Y11.408 E.06977
G1 X-12.333 Y10.551 E.04021
G1 X-10.26 Y10.193 E.06977
G1 X-9.403 Y9.336 E.04021
G1 X-9.045 Y7.263 E.06977
G1 X-8.188 Y6.406 E.04021
G1 X-6.115 Y6.048 E.06977
G1 X-5.258 Y5.191 E.04021
G1 X-4.924 Y3.26 E.06501
G1 X-9.069 Y3.26 E.1375
G1 X-9.403 Y5.191 E.06501
G1 X-10.26 Y6.048 E.04021
G1 X-12.333 Y6.406 E.06977
G1 X-13.19 Y7.263 E.04021
G1 X-13.548 Y9.336 E.06977
G1 X-14.264 Y10.051 E.03357
G1 X-14.264 Y5.906 E.1375
G1 X-13.548 Y5.191 E.03357
G1 X-13.214 Y3.26 E.06501
G1 X-11.586 Y3.26 E.05401
G1 X9.139 Y3.26 F30000
G1 F8049
G1 X7.511 Y3.26 E.05401
G1 X7.177 Y5.191 E.06501
G1 X6.32 Y6.048 E.04021
G1 X4.247 Y6.406 E.06977
G1 X3.39 Y7.263 E.04021
G1 X3.032 Y9.336 E.06977
G1 X2.175 Y10.193 E.04021
G1 X.102 Y10.551 E.06977
G1 X-.755 Y11.408 E.04021
G1 X-1.113 Y13.481 E.06977
G1 X-1.97 Y14.338 E.04021
G1 X-4.043 Y14.696 E.06977
G1 X-4.9 Y15.553 E.04021
G1 X-5.258 Y17.626 E.06977
G1 X-6.115 Y18.483 E.04021
G1 X-8.188 Y18.841 E.06977
G1 X-9.045 Y19.698 E.04021
G1 X-9.403 Y21.771 E.06977
G1 X-10.26 Y22.628 E.04021
G1 X-12.333 Y22.986 E.06977
G1 X-13.19 Y23.843 E.04021
G1 X-13.548 Y25.916 E.06977
G1 X-14.264 Y26.631 E.03357
G1 X-14.264 Y29.919 E.10907
G1 X-13.524 Y29.919 E.02455
G1 X-13.19 Y27.988 E.06501
G1 X-12.333 Y27.131 E.04021
G1 X-10.26 Y26.773 E.06977
G1 X-9.403 Y25.916 E.04021
G1 X-9.045 Y23.843 E.06977
G1 X-8.188 Y22.986 E.04021
G1 X-6.115 Y22.628 E.06977
G1 X-5.258 Y21.771 E.04021
G1 X-4.9 Y19.698 E.06977
G1 X-4.043 Y18.841 E.04021
G1 X-1.97 Y18.483 E.06977
G1 X-1.113 Y17.626 E.04021
G1 X-.755 Y15.553 E.06977
G1 X.102 Y14.696 E.04021
G1 X2.175 Y14.338 E.06977
G1 X3.032 Y13.481 E.04021
G1 X3.39 Y11.408 E.06977
G1 X4.247 Y10.551 E.04021
G1 X6.32 Y10.193 E.06977
G1 X7.177 Y9.336 E.04021
G1 X7.535 Y7.263 E.06977
G1 X8.392 Y6.406 E.04021
G1 X10.465 Y6.048 E.06977
G1 X11.322 Y5.191 E.04021
G1 X11.656 Y3.26 E.06501
G1 X12.396 Y3.26 E.02455
G1 X12.396 Y6.548 E.10907
G1 X11.68 Y7.263 E.03357
G1 X11.322 Y9.336 E.06977
G1 X10.465 Y10.193 E.04021
G1 X8.392 Y10.551 E.06977
G1 X7.535 Y11.408 E.04021
G1 X7.177 Y13.481 E.06977
G1 X6.32 Y14.338 E.04021
G1 X4.247 Y14.696 E.06977
G1 X3.39 Y15.553 E.04021
G1 X3.032 Y17.626 E.06977
G1 X2.175 Y18.483 E.04021
G1 X.102 Y18.841 E.06977
G1 X-.755 Y19.698 E.04021
G1 X-1.113 Y21.771 E.06977
G1 X-1.97 Y22.628 E.04021
G1 X-4.043 Y22.986 E.06977
G1 X-4.9 Y23.843 E.04021
G1 X-5.258 Y25.916 E.06977
G1 X-6.115 Y26.773 E.04021
G1 X-8.188 Y27.131 E.06977
G1 X-9.045 Y27.988 E.04021
G1 X-9.379 Y29.919 E.06501
G1 X-5.234 Y29.919 E.1375
G1 X-4.9 Y27.988 E.06501
G1 X-4.043 Y27.131 E.04021
G1 X-1.97 Y26.773 E.06977
G1 X-1.113 Y25.916 E.04021
G1 X-.755 Y23.843 E.06977
G1 X.102 Y22.986 E.04021
G1 X2.175 Y22.628 E.06977
G1 X3.032 Y21.771 E.04021
G1 X3.39 Y19.698 E.06977
G1 X4.247 Y18.841 E.04021
G1 X6.32 Y18.483 E.06977
G1 X7.177 Y17.626 E.04021
G1 X7.535 Y15.553 E.06977
G1 X8.392 Y14.696 E.04021
G1 X10.465 Y14.338 E.06977
G1 X11.322 Y13.481 E.04021
G1 X11.68 Y11.408 E.06977
G1 X12.396 Y10.693 E.03357
G1 X12.396 Y12.321 E.05401
G1 X12.396 Y24.756 F30000
G1 F8049
G1 X12.396 Y23.128 E.05401
G1 X11.68 Y23.843 E.03357
G1 X11.322 Y25.916 E.06977
G1 X10.465 Y26.773 E.04021
G1 X8.392 Y27.131 E.06977
G1 X7.535 Y27.988 E.04021
G1 X7.201 Y29.919 E.06501
G1 X11.346 Y29.919 E.1375
G1 X11.68 Y27.988 E.06501
G1 X12.396 Y27.273 E.03357
G1 X12.396 Y28.901 E.05401
G1 X4.685 Y29.919 F30000
G1 F8049
G1 X3.056 Y29.919 E.05401
G1 X3.39 Y27.988 E.06501
G1 X4.247 Y27.131 E.04021
G1 X6.32 Y26.773 E.06977
G1 X7.177 Y25.916 E.04021
G1 X7.535 Y23.843 E.06977
G1 X8.392 Y22.986 E.04021
G1 X10.465 Y22.628 E.06977
G1 X11.322 Y21.771 E.04021
G1 X11.68 Y19.698 E.06977
G1 X12.396 Y18.983 E.03357
G1 X12.396 Y14.838 E.1375
G1 X11.68 Y15.553 E.03357
G1 X11.322 Y17.626 E.06977
G1 X10.465 Y18.483 E.04021
G1 X8.392 Y18.841 E.06977
G1 X7.535 Y19.698 E.04021
G1 X7.177 Y21.771 E.06977
G1 X6.32 Y22.628 E.04021
G1 X4.247 Y22.986 E.06977
G1 X3.39 Y23.843 E.04021
G1 X3.032 Y25.916 E.06977
G1 X2.175 Y26.773 E.04021
G1 X.102 Y27.131 E.06977
G1 X-.755 Y27.988 E.04021
G1 X-1.089 Y29.919 E.06501
G1 X-2.717 Y29.919 E.05401
;LAYER_CHANGE
;Z:14.2
;HEIGHT:0.2
;BEFORE_LAYER_CHANGE
;14.2
G1 E-.8 F2100
;WIPE_START
G1 F16200
G1 X-1.089 Y29.919
G1 X-1.025 Y29.553
;WIPE_END
;AFTER_LAYER_CHANGE
;14.2
;_SET_FAN_SPEED_CHANGING_LAYER
G1 F30000
G1 X-1.59635 Y29.438 Z14.2308
G1 X-2.04851 Y29.0708 Z14.2615
G1 X-2.27822 Y28.5355 Z14.2923
G1 X-2.23287 Y27.9548 Z14.3231
G1 X-1.92285 Y27.4617 Z14.3538
G1 X-1.41917 Y27.1691 Z14.3846
G1 X-0.837231 Y27.1442 Z14.4154
G1 X-0.310339 Y27.3925 Z14.4462
G1 X0.0407979 Y27.8572 Z14.4769
G1 X0.135739 Y28.4319 Z14.5077
G1 X-0.0472646 Y28.9849 Z14.5385
G1 X-0.46629 Y29.3895 Z14.5692
G1 X-1.02534 Y29.553 Z14.6
G1 X-14.475 Y30.13 Z14.6
G1 Z14.2
G1 E.8 F2100
SET_VELOCITY_LIMIT ACCEL=5000
;TYPE:Inner wall
G1 F7828
G1 X-14.475 Y3.049 E.89835
G1 X12.607 Y3.049 E.89835
G1 X12.607 Y30.13 E.89835
G1 X-14.435 Y30.13 E.89702
SET_VELOCITY_LIMIT ACCEL=10000
G1 X-14.882 Y30.537 F30000
M73 P73 R4
SET_VELOCITY_LIMIT ACCEL=5000
G1 F7828
G1 X-14.882 Y2.642 E.92536
G1 X13.014 Y2.642 E.92536
G1 X13.014 Y30.537 E.92536
G1 X-14.842 Y30.537 E.92403
SET_VELOCITY_LIMIT ACCEL=10000
G1 X-15.289 Y30.944 F30000
SET_VELOCITY_LIMIT ACCEL=5000
G1 F7828
G1 X-15.289 Y2.234 E.95236
G1 X13.421 Y2.234 E.95236
G1 X13.421 Y30.944 E.95236
G1 X-15.249 Y30.944 E.95104
G1 X-15.724 Y31.379 F30000
;TYPE:Outer wall
;WIDTH:0.42
G1 F7828
G1 X-15.724 Y1.799 E.90891
G1 X13.856 Y1.799 E.90891
G1 X13.856 Y31.379 E.90891
G1 X-15.684 Y31.379 E.90768
SET_VELOCITY_LIMIT ACCEL=10000
G1 E-.8 F2100
;WIPE_START
G1 F12000
G1 X-15.687 Y29.379
;WIPE_END
G1 X-14.478 Y21.843 Z14.6 F30000
M73 P74 R4
G1 X-14.264 Y20.504 Z14.6
G1 Z14.2
G1 E.8 F2100
;TYPE:Sparse infill
;WIDTH:0.45
G1 F7828
G1 X-14.264 Y22.133 E.05401
G1 X-13.902 Y21.771 E.01698
G1 X-12.836 Y19.698 E.0773
G1 X-12.333 Y19.195 E.02362
G1 X-10.26 Y18.129 E.0773
G1 X-9.757 Y17.626 E.02362
G1 X-8.691 Y15.553 E.0773
G1 X-8.188 Y15.05 E.02362
G1 X-6.115 Y13.984 E.0773
G1 X-5.612 Y13.481 E.02362
G1 X-4.546 Y11.408 E.0773
G1 X-4.043 Y10.905 E.02362
G1 X-1.97 Y9.839 E.0773
G1 X-1.467 Y9.336 E.02362
G1 X-.401 Y7.263 E.0773
G1 X.102 Y6.76 E.02362
G1 X2.175 Y5.694 E.0773
G1 X2.678 Y5.191 E.02362
G1 X3.671 Y3.26 E.07202
G1 X7.816 Y3.26 E.1375
G1 X6.823 Y5.191 E.07202
G1 X6.32 Y5.694 E.02362
G1 X4.247 Y6.76 E.0773
G1 X3.744 Y7.263 E.02362
G1 X2.678 Y9.336 E.0773
G1 X2.175 Y9.839 E.02362
G1 X.102 Y10.905 E.0773
G1 X-.401 Y11.408 E.02362
G1 X-1.467 Y13.481 E.0773
G1 X-1.97 Y13.984 E.02362
G1 X-4.043 Y15.05 E.0773
G1 X-4.546 Y15.553 E.02362
G1 X-5.612 Y17.626 E.0773
G1 X-6.115 Y18.129 E.02362
G1 X-8.188 Y19.195 E.0773
G1 X-8.691 Y19.698 E.02362
G1 X-9.757 Y21.771 E.0773
G1 X-10.26 Y22.274 E.02362
G1 X-12.333 Y23.34 E.0773
G1 X-12.836 Y23.843 E.02362
G1 X-13.902 Y25.916 E.0773
G1 X-14.264 Y26.278 E.01698
G1 X-14.264 Y29.919 E.1208
G1 X-13.829 Y29.919 E.01442
G1 X-12.836 Y27.988 E.07202
G1 X-12.333 Y27.485 E.02362
G1 X-10.26 Y26.419 E.0773
G1 X-9.757 Y25.916 E.02362
G1 X-8.691 Y23.843 E.0773
G1 X-8.188 Y23.34 E.02362
G1 X-6.115 Y22.274 E.0773
G1 X-5.612 Y21.771 E.02362
G1 X-4.546 Y19.698 E.0773
G1 X-4.043 Y19.195 E.02362
G1 X-1.97 Y18.129 E.0773
G1 X-1.467 Y17.626 E.02362
G1 X-.401 Y15.553 E.0773
G1 X.102 Y15.05 E.02362
G1 X2.175 Y13.984 E.0773
G1 X2.678 Y13.481 E.02362
G1 X3.744 Y11.408 E.0773
G1 X4.247 Y10.905 E.02362
G1 X6.32 Y9.839 E.0773
G1 X6.823 Y9.336 E.02362
G1 X7.889 Y7.263 E.0773
G1 X8.392 Y6.76 E.02362
G1 X10.465 Y5.694 E.0773
G1 X10.968 Y5.191 E.02362
G1 X11.961 Y3.26 E.07202
G1 X12.396 Y3.26 E.01442
G1 X12.396 Y6.901 E.1208
G1 X12.034 Y7.263 E.01698
G1 X10.968 Y9.336 E.0773
G1 X10.465 Y9.839 E.02362
G1 X8.392 Y10.905 E.0773
G1 X7.889 Y11.408 E.02362
G1 X6.823 Y13.481 E.0773
G1 X6.32 Y13.984 E.02362
G1 X4.247 Y15.05 E.0773
G1 X3.744 Y15.553 E.02362
G1 X2.678 Y17.626 E.0773
G1 X2.175 Y18.129 E.02362
G1 X.102 Y19.195 E.0773
G1 X-.401 Y19.698 E.02362
G1 X-1.467 Y21.771 E.0773
G1 X-1.97 Y22.274 E.02362
G1 X-4.043 Y23.34 E.0773
G1 X-4.546 Y23.843 E.02362
G1 X-5.612 Y25.916 E.0773
G1 X-6.115 Y26.419 E.02362
G1 X-8.188 Y27.485 E.0773
G1 X-8.691 Y27.988 E.02362
G1 X-9.684 Y29.919 E.07202
G1 X-5.539 Y29.919 E.1375
G1 X-4.546 Y27.988 E.07202
G1 X-4.043 Y27.485 E.02362
G1 X-1.97 Y26.419 E.0773
G1 X-1.467 Y25.916 E.02362
G1 X-.401 Y23.843 E.0773
G1 X.102 Y23.34 E.02362
G1 X2.175 Y22.274 E.0773
G1 X2.678 Y21.771 E.02362
G1 X3.744 Y19.698 E.0773
G1 X4.247 Y19.195 E.02362
G1 X6.32 Y18.129 E.0773
G1 X6.823 Y17.626 E.02362
G1 X7.889 Y15.553 E.0773
G1 X8.392 Y15.05 E.02362
G1 X10.465 Y13.984 E.0773
G1 X10.968 Y13.481 E.02362
G1 X12.034 Y11.408 E.0773
G1 X12.396 Y11.046 E.01698
G1 X12.396 Y12.675 E.05401
G1 X1.154 Y3.26 F30000
G1 F7828
G1 X-.474 Y3.26 E.05401
G1 X-1.467 Y5.191 E.07202
G1 X-1.97 Y5.694 E.02362
G1 X-4.043 Y6.76 E.0773
G1 X-4.546 Y7.263 E.02362
G1 X-5.612 Y9.336 E.0773
G1 X-6.115 Y9.839 E.02362
G1 X-8.188 Y10.905 E.0773
G1 X-8.691 Y11.408 E.02362
G1 X-9.757 Y13.481 E.0773
G1 X-10.26 Y13.984 E.02362
G1 X-12.333 Y15.05 E.0773
G1 X-12.836 Y15.553 E.02362
G1 X-13.902 Y17.626 E.0773
G1 X-14.264 Y17.988 E.01698
G1 X-14.264 Y13.843 E.1375
G1 X-13.902 Y13.481 E.01698
G1 X-12.836 Y11.408 E.0773
G1 X-12.333 Y10.905 E.02362
G1 X-10.26 Y9.839 E.0773
G1 X-9.757 Y9.336 E.02362
G1 X-8.691 Y7.263 E.0773
G1 X-8.188 Y6.76 E.02362
G1 X-6.115 Y5.694 E.0773
G1 X-5.612 Y5.191 E.02362
G1 X-4.619 Y3.26 E.07202
G1 X-8.764 Y3.26 E.1375
G1 X-9.757 Y5.191 E.07202
G1 X-10.26 Y5.694 E.02362
G1 X-12.333 Y6.76 E.0773
G1 X-12.836 Y7.263 E.02362
G1 X-13.902 Y9.336 E.0773
G1 X-14.264 Y9.698 E.01698
G1 X-14.264 Y5.553 E.1375
G1 X-13.902 Y5.191 E.01698
G1 X-12.909 Y3.26 E.07202
G1 X-11.281 Y3.26 E.05401
G1 X-3.022 Y29.919 F30000
G1 F7828
G1 X-1.394 Y29.919 E.05401
G1 X-.401 Y27.988 E.07202
G1 X.102 Y27.485 E.02362
G1 X2.175 Y26.419 E.0773
G1 X2.678 Y25.916 E.02362
G1 X3.744 Y23.843 E.0773
G1 X4.247 Y23.34 E.02362
G1 X6.32 Y22.274 E.0773
G1 X6.823 Y21.771 E.02362
G1 X7.889 Y19.698 E.0773
G1 X8.392 Y19.195 E.02362
G1 X10.465 Y18.129 E.0773
G1 X10.968 Y17.626 E.02362
G1 X12.034 Y15.553 E.0773
G1 X12.396 Y15.191 E.01698
G1 X12.396 Y19.336 E.1375
G1 X12.034 Y19.698 E.01698
G1 X10.968 Y21.771 E.0773
G1 X10.465 Y22.274 E.02362
G1 X8.392 Y23.34 E.0773
G1 X7.889 Y23.843 E.02362
G1 X6.823 Y25.916 E.0773
G1 X6.32 Y26.419 E.02362
G1 X4.247 Y27.485 E.0773
G1 X3.744 Y27.988 E.02362
G1 X2.751 Y29.919 E.07202
G1 X6.896 Y29.919 E.1375
G1 X7.889 Y27.988 E.07202
G1 X8.392 Y27.485 E.02362
G1 X10.465 Y26.419 E.0773
G1 X10.968 Y25.916 E.02362
G1 X12.034 Y23.843 E.0773
G1 X12.396 Y23.481 E.01698
G1 X12.396 Y27.626 E.1375
G1 X12.034 Y27.988 E.01698
G1 X11.041 Y29.919 E.07202
G1 X9.413 Y29.919 E.05401
;LAYER_CHANGE
;Z:14.4
;HEIGHT:0.2
;BEFORE_LAYER_CHANGE
;14.4
G1 E-.8 F2100
;WIPE_START
G1 F16200
G1 X11.041 Y29.919
G1 X11.211 Y29.589
;WIPE_END
;AFTER_LAYER_CHANGE
;14.4
;_SET_FAN_SPEED_CHANGING_LAYER
G1 F30000
G1 X10.6427 Y29.4613 Z14.4308
G1 X10.1986 Y29.0843 Z14.4615
G1 X9.98066 Y28.5441 Z14.4923
G1 X10.0387 Y27.9646 Z14.5231
G1 X10.3594 Y27.4783 Z14.5538
G1 X10.8693 Y27.1968 Z14.5846
G1 X11.4517 Y27.1845 Z14.6154
G1 X11.973 Y27.4443 Z14.6462
G1 X12.3139 Y27.9166 Z14.6769
G1 X12.3963 Y28.4932 Z14.7077
G1 X12.2013 Y29.0421 Z14.7385
G1 X11.7735 Y29.4374 Z14.7692
G1 X11.211 Y29.5887 Z14.8
G1 X-14.475 Y30.13 Z14.8
G1 Z14.4
G1 E.8 F2100
SET_VELOCITY_LIMIT ACCEL=5000
;TYPE:Inner wall
G1 F7680
G1 X-14.475 Y3.049 E.89835
G1 X12.607 Y3.049 E.89835
G1 X12.607 Y30.13 E.89835
G1 X-14.435 Y30.13 E.89702
SET_VELOCITY_LIMIT ACCEL=10000
G1 X-14.882 Y30.537 F30000
SET_VELOCITY_LIMIT ACCEL=5000
G1 F7680
G1 X-14.882 Y2.642 E.92536
G1 X13.014 Y2.642 E.92536
G1 X13.014 Y30.537 E.92536
G1 X-14.842 Y30.537 E.92403
SET_VELOCITY_LIMIT ACCEL=10000
G1 X-15.289 Y30.944 F30000
SET_VELOCITY_LIMIT ACCEL=5000
G1 F7680
G1 X-15.289 Y2.234 E.95236
G1 X13.421 Y2.234 E.95236
G1 X13.421 Y30.944 E.95236
G1 X-15.249 Y30.944 E.95104
G1 X-15.724 Y31.379 F30000
;TYPE:Outer wall
;WIDTH:0.42
G1 F7680
G1 X-15.724 Y1.799 E.90891
G1 X13.856 Y1.799 E.90891
G1 X13.856 Y31.379 E.90891
G1 X-15.684 Y31.379 E.90768
SET_VELOCITY_LIMIT ACCEL=10000
G1 E-.8 F2100
;WIPE_START
G1 F12000
G1 X-15.687 Y29.379
;WIPE_END
G1 X-8.056 Y29.546 Z14.8 F30000
G1 X8.978 Y29.919 Z14.8
G1 Z14.4
G1 E.8 F2100
;TYPE:Sparse infill
;WIDTH:0.45
G1 F7680
G1 X10.606 Y29.919 E.05401
G1 X12.396 Y28.13 E.08395
G1 X12.396 Y23.985 E.1375
G1 X6.461 Y29.919 E.2784
G1 X2.316 Y29.919 E.1375
G1 X12.396 Y19.84 E.47285
G1 X12.396 Y15.695 E.1375
G1 X-1.829 Y29.919 E.6673
G1 X-5.974 Y29.919 E.1375
G1 X12.396 Y11.55 E.86175
G1 X12.396 Y7.405 E.1375
G1 X-10.119 Y29.919 E1.05621
G1 X-14.264 Y29.919 E.1375
G1 X12.396 Y3.26 E1.25066
G1 X8.251 Y3.26 E.1375
G1 X-14.264 Y25.774 E1.05621
G1 X-14.264 Y21.629 E.1375
G1 X4.106 Y3.26 E.86175
G1 X-.039 Y3.26 E.1375
G1 X-14.264 Y17.484 E.6673
G1 X-14.264 Y13.339 E.1375
G1 X-4.184 Y3.26 E.47285
G1 X-8.329 Y3.26 E.1375
G1 X-14.264 Y9.194 E.2784
G1 X-14.264 Y5.049 E.1375
G1 X-12.474 Y3.26 E.08395
G1 X-10.846 Y3.26 E.05401
;LAYER_CHANGE
;Z:14.6
;HEIGHT:0.200001
;BEFORE_LAYER_CHANGE
;14.6
G1 E-.8 F2100
;WIPE_START
G1 F16200
G1 X-12.474 Y3.26
G1 X-12.737 Y3.522
;WIPE_END
;AFTER_LAYER_CHANGE
;14.6
;_SET_FAN_SPEED_CHANGING_LAYER
G1 F30000
G1 X-12.913 Y4.07774 Z14.6308
G1 X-13.3269 Y4.48763 Z14.6615
G1 X-13.8838 Y4.65825 Z14.6923
G1 X-14.4562 Y4.55051 Z14.7231
G1 X-14.913 Y4.18908 Z14.7538
G1 X-15.1495 Y3.65678 Z14.7846
G1 X-15.1116 Y3.07554 Z14.8154
M73 P75 R4
G1 X-14.8078 Y2.57852 Z14.8462
G1 X-14.3079 Y2.27958 Z14.8769
G1 X-13.7264 Y2.2472 Z14.9077
G1 X-13.1964 Y2.4888 Z14.9385
G1 X-12.8393 Y2.94904 Z14.9692
G1 X-12.7371 Y3.52247 Z15
G1 X-14.475 Y30.13 Z15
G1 Z14.6
G1 E.8 F2100
SET_VELOCITY_LIMIT ACCEL=5000
;TYPE:Inner wall
G1 F7680
G1 X-14.475 Y3.049 E.89835
G1 X12.607 Y3.049 E.89835
G1 X12.607 Y30.13 E.89835
G1 X-14.435 Y30.13 E.89702
SET_VELOCITY_LIMIT ACCEL=10000
G1 X-14.882 Y30.537 F30000
SET_VELOCITY_LIMIT ACCEL=5000
G1 F7680
G1 X-14.882 Y2.642 E.92536
G1 X13.014 Y2.642 E.92536
G1 X13.014 Y30.537 E.92536
G1 X-14.842 Y30.537 E.92403
SET_VELOCITY_LIMIT ACCEL=10000
G1 X-15.289 Y30.944 F30000
SET_VELOCITY_LIMIT ACCEL=5000
G1 F7680
G1 X-15.289 Y2.234 E.95236
G1 X13.421 Y2.234 E.95236
G1 X13.421 Y30.944 E.95236
G1 X-15.249 Y30.944 E.95104
G1 X-15.724 Y31.379 F30000
;TYPE:Outer wall
;WIDTH:0.42
G1 F7680
G1 X-15.724 Y1.799 E.90891
G1 X13.856 Y1.799 E.90891
G1 X13.856 Y31.379 E.90891
G1 X-15.684 Y31.379 E.90768
SET_VELOCITY_LIMIT ACCEL=10000
G1 E-.8 F2100
;WIPE_START
G1 F12000
G1 X-15.687 Y29.379
;WIPE_END
G1 X-8.056 Y29.546 Z15 F30000
G1 X8.978 Y29.919 Z15
G1 Z14.6
G1 E.8 F2100
;TYPE:Sparse infill
;WIDTH:0.45
G1 F7680
G1 X10.606 Y29.919 E.05401
G1 X12.396 Y28.13 E.08395
G1 X12.396 Y23.985 E.1375
G1 X6.461 Y29.919 E.2784
G1 X2.316 Y29.919 E.1375
G1 X12.396 Y19.84 E.47285
G1 X12.396 Y15.695 E.1375
G1 X-1.829 Y29.919 E.6673
G1 X-5.974 Y29.919 E.1375
G1 X12.396 Y11.55 E.86175
G1 X12.396 Y7.405 E.1375
G1 X-10.119 Y29.919 E1.05621
G1 X-14.264 Y29.919 E.1375
G1 X12.396 Y3.26 E1.25066
G1 X8.251 Y3.26 E.1375
G1 X-14.264 Y25.774 E1.05621
G1 X-14.264 Y21.629 E.1375
G1 X4.106 Y3.26 E.86175
G1 X-.039 Y3.26 E.1375
G1 X-14.264 Y17.484 E.6673
G1 X-14.264 Y13.339 E.1375
G1 X-4.184 Y3.26 E.47285
G1 X-8.329 Y3.26 E.1375
G1 X-14.264 Y9.194 E.2784
G1 X-14.264 Y5.049 E.1375
G1 X-12.474 Y3.26 E.08395
G1 X-10.846 Y3.26 E.05401
;LAYER_CHANGE
;Z:14.8
;HEIGHT:0.2
;BEFORE_LAYER_CHANGE
;14.8
G1 E-.8 F2100
;WIPE_START
G1 F16200
G1 X-12.474 Y3.26
G1 X-12.737 Y3.522
;WIPE_END
;AFTER_LAYER_CHANGE
;14.8
;_SET_FAN_SPEED_CHANGING_LAYER
G1 F30000
G1 X-12.913 Y4.07774 Z14.8308
G1 X-13.3269 Y4.48763 Z14.8615
G1 X-13.8838 Y4.65825 Z14.8923
G1 X-14.4562 Y4.55051 Z14.9231
G1 X-14.913 Y4.18908 Z14.9538
G1 X-15.1495 Y3.65678 Z14.9846
G1 X-15.1116 Y3.07554 Z15.0154
G1 X-14.8078 Y2.57852 Z15.0462
G1 X-14.3079 Y2.27958 Z15.0769
G1 X-13.7264 Y2.2472 Z15.1077
G1 X-13.1964 Y2.4888 Z15.1385
G1 X-12.8393 Y2.94904 Z15.1692
G1 X-12.7371 Y3.52247 Z15.2
G1 X-14.475 Y30.13 Z15.2
G1 Z14.8
G1 E.8 F2100
SET_VELOCITY_LIMIT ACCEL=5000
;TYPE:Inner wall
G1 F7680
G1 X-14.475 Y3.049 E.89835
G1 X12.607 Y3.049 E.89835
G1 X12.607 Y30.13 E.89835
G1 X-14.435 Y30.13 E.89702
SET_VELOCITY_LIMIT ACCEL=10000
G1 X-14.882 Y30.537 F30000
SET_VELOCITY_LIMIT ACCEL=5000
G1 F7680
G1 X-14.882 Y2.642 E.92536
G1 X13.014 Y2.642 E.92536
G1 X13.014 Y30.537 E.92536
G1 X-14.842 Y30.537 E.92403
SET_VELOCITY_LIMIT ACCEL=10000
G1 X-15.289 Y30.944 F30000
SET_VELOCITY_LIMIT ACCEL=5000
G1 F7680
G1 X-15.289 Y2.234 E.95236
G1 X13.421 Y2.234 E.95236
G1 X13.421 Y30.944 E.95236
G1 X-15.249 Y30.944 E.95104
G1 X-15.724 Y31.379 F30000
;TYPE:Outer wall
;WIDTH:0.42
G1 F7680
G1 X-15.724 Y1.799 E.90891
G1 X13.856 Y1.799 E.90891
G1 X13.856 Y31.379 E.90891
G1 X-15.684 Y31.379 E.90768
SET_VELOCITY_LIMIT ACCEL=10000
G1 E-.8 F2100
M73 P76 R4
;WIPE_START
G1 F12000
G1 X-15.687 Y29.379
;WIPE_END
G1 X-8.056 Y29.546 Z15.2 F30000
G1 X8.978 Y29.919 Z15.2
G1 Z14.8
G1 E.8 F2100
;TYPE:Sparse infill
;WIDTH:0.45
G1 F7680
G1 X10.606 Y29.919 E.05401
G1 X12.396 Y28.13 E.08395
G1 X12.396 Y23.985 E.1375
G1 X6.461 Y29.919 E.2784
G1 X2.316 Y29.919 E.1375
G1 X12.396 Y19.84 E.47285
G1 X12.396 Y15.695 E.1375
G1 X-1.829 Y29.919 E.6673
G1 X-5.974 Y29.919 E.1375
G1 X12.396 Y11.55 E.86175
G1 X12.396 Y7.405 E.1375
G1 X-10.119 Y29.919 E1.05621
G1 X-14.264 Y29.919 E.1375
G1 X12.396 Y3.26 E1.25066
G1 X8.251 Y3.26 E.1375
G1 X-14.264 Y25.774 E1.05621
G1 X-14.264 Y21.629 E.1375
G1 X4.106 Y3.26 E.86175
G1 X-.039 Y3.26 E.1375
G1 X-14.264 Y17.484 E.6673
G1 X-14.264 Y13.339 E.1375
G1 X-4.184 Y3.26 E.47285
G1 X-8.329 Y3.26 E.1375
G1 X-14.264 Y9.194 E.2784
G1 X-14.264 Y5.049 E.1375
G1 X-12.474 Y3.26 E.08395
G1 X-10.846 Y3.26 E.05401
;LAYER_CHANGE
;Z:15
;HEIGHT:0.2
;BEFORE_LAYER_CHANGE
;15
G1 E-.8 F2100
;WIPE_START
G1 F16200
G1 X-12.474 Y3.26
G1 X-12.737 Y3.522
;WIPE_END
;AFTER_LAYER_CHANGE
;15
;_SET_FAN_SPEED_CHANGING_LAYER
G1 F30000
G1 X-12.913 Y4.07774 Z15.0308
G1 X-13.3269 Y4.48763 Z15.0615
G1 X-13.8838 Y4.65825 Z15.0923
G1 X-14.4562 Y4.55051 Z15.1231
G1 X-14.913 Y4.18908 Z15.1538
G1 X-15.1495 Y3.65678 Z15.1846
G1 X-15.1116 Y3.07554 Z15.2154
G1 X-14.8078 Y2.57852 Z15.2462
G1 X-14.3079 Y2.27958 Z15.2769
G1 X-13.7264 Y2.2472 Z15.3077
G1 X-13.1964 Y2.4888 Z15.3385
G1 X-12.8393 Y2.94904 Z15.3692
G1 X-12.7371 Y3.52247 Z15.4
G1 X-14.475 Y30.13 Z15.4
G1 Z15
G1 E.8 F2100
SET_VELOCITY_LIMIT ACCEL=5000
;TYPE:Inner wall
G1 F7680
G1 X-14.475 Y3.049 E.89835
G1 X12.607 Y3.049 E.89835
G1 X12.607 Y30.13 E.89835
G1 X-14.435 Y30.13 E.89702
SET_VELOCITY_LIMIT ACCEL=10000
G1 X-14.882 Y30.537 F30000
SET_VELOCITY_LIMIT ACCEL=5000
G1 F7680
G1 X-14.882 Y2.642 E.92536
G1 X13.014 Y2.642 E.92536
G1 X13.014 Y30.537 E.92536
G1 X-14.842 Y30.537 E.92403
SET_VELOCITY_LIMIT ACCEL=10000
G1 X-15.289 Y30.944 F30000
SET_VELOCITY_LIMIT ACCEL=5000
G1 F7680
G1 X-15.289 Y2.234 E.95236
G1 X13.421 Y2.234 E.95236
G1 X13.421 Y30.944 E.95236
G1 X-15.249 Y30.944 E.95104
G1 X-15.724 Y31.379 F30000
;TYPE:Outer wall
;WIDTH:0.42
G1 F7680
G1 X-15.724 Y1.799 E.90891
G1 X13.856 Y1.799 E.90891
G1 X13.856 Y31.379 E.90891
G1 X-15.684 Y31.379 E.90768
SET_VELOCITY_LIMIT ACCEL=10000
G1 E-.8 F2100
;WIPE_START
G1 F12000
G1 X-15.687 Y29.379
;WIPE_END
G1 X-8.056 Y29.546 Z15.4 F30000
G1 X8.978 Y29.919 Z15.4
G1 Z15
G1 E.8 F2100
;TYPE:Sparse infill
;WIDTH:0.45
G1 F7680
G1 X10.606 Y29.919 E.05401
G1 X12.396 Y28.13 E.08395
G1 X12.396 Y23.985 E.1375
G1 X6.461 Y29.919 E.2784
G1 X2.316 Y29.919 E.1375
G1 X12.396 Y19.84 E.47285
G1 X12.396 Y15.695 E.1375
G1 X-1.829 Y29.919 E.6673
G1 X-5.974 Y29.919 E.1375
G1 X12.396 Y11.55 E.86175
G1 X12.396 Y7.405 E.1375
G1 X-10.119 Y29.919 E1.05621
G1 X-14.264 Y29.919 E.1375
G1 X12.396 Y3.26 E1.25066
G1 X8.251 Y3.26 E.1375
G1 X-14.264 Y25.774 E1.05621
G1 X-14.264 Y21.629 E.1375
G1 X4.106 Y3.26 E.86175
G1 X-.039 Y3.26 E.1375
G1 X-14.264 Y17.484 E.6673
G1 X-14.264 Y13.339 E.1375
G1 X-4.184 Y3.26 E.47285
G1 X-8.329 Y3.26 E.1375
G1 X-14.264 Y9.194 E.2784
G1 X-14.264 Y5.049 E.1375
G1 X-12.474 Y3.26 E.08395
G1 X-10.846 Y3.26 E.05401
;LAYER_CHANGE
;Z:15.2
;HEIGHT:0.2
;BEFORE_LAYER_CHANGE
;15.2
G1 E-.8 F2100
;WIPE_START
G1 F16200
G1 X-12.474 Y3.26
G1 X-12.737 Y3.522
;WIPE_END
;AFTER_LAYER_CHANGE
;15.2
;_SET_FAN_SPEED_CHANGING_LAYER
G1 F30000
G1 X-12.913 Y4.07774 Z15.2308
G1 X-13.3269 Y4.48763 Z15.2615
G1 X-13.8838 Y4.65825 Z15.2923
G1 X-14.4562 Y4.55051 Z15.3231
G1 X-14.913 Y4.18908 Z15.3538
G1 X-15.1495 Y3.65678 Z15.3846
G1 X-15.1116 Y3.07554 Z15.4154
G1 X-14.8078 Y2.57852 Z15.4462
G1 X-14.3079 Y2.27958 Z15.4769
G1 X-13.7264 Y2.2472 Z15.5077
G1 X-13.1964 Y2.4888 Z15.5385
G1 X-12.8393 Y2.94904 Z15.5692
G1 X-12.7371 Y3.52247 Z15.6
G1 X-14.475 Y30.13 Z15.6
G1 Z15.2
G1 E.8 F2100
SET_VELOCITY_LIMIT ACCEL=5000
;TYPE:Inner wall
G1 F7680
G1 X-14.475 Y3.049 E.89835
G1 X12.607 Y3.049 E.89835
G1 X12.607 Y30.13 E.89835
G1 X-14.435 Y30.13 E.89702
SET_VELOCITY_LIMIT ACCEL=10000
G1 X-14.882 Y30.537 F30000
M73 P77 R4
SET_VELOCITY_LIMIT ACCEL=5000
G1 F7680
G1 X-14.882 Y2.642 E.92536
G1 X13.014 Y2.642 E.92536
G1 X13.014 Y30.537 E.92536
G1 X-14.842 Y30.537 E.92403
SET_VELOCITY_LIMIT ACCEL=10000
G1 X-15.289 Y30.944 F30000
SET_VELOCITY_LIMIT ACCEL=5000
G1 F7680
G1 X-15.289 Y2.234 E.95236
G1 X13.421 Y2.234 E.95236
G1 X13.421 Y30.944 E.95236
G1 X-15.249 Y30.944 E.95104
G1 X-15.724 Y31.379 F30000
;TYPE:Outer wall
;WIDTH:0.42
G1 F7680
G1 X-15.724 Y1.799 E.90891
G1 X13.856 Y1.799 E.90891
G1 X13.856 Y31.379 E.90891
G1 X-15.684 Y31.379 E.90768
SET_VELOCITY_LIMIT ACCEL=10000
G1 E-.8 F2100
;WIPE_START
G1 F12000
G1 X-15.687 Y29.379
;WIPE_END
G1 X-8.056 Y29.546 Z15.6 F30000
G1 X8.978 Y29.919 Z15.6
G1 Z15.2
G1 E.8 F2100
;TYPE:Sparse infill
;WIDTH:0.45
G1 F7680
G1 X10.606 Y29.919 E.05401
G1 X12.396 Y28.13 E.08395
G1 X12.396 Y23.985 E.1375
G1 X6.461 Y29.919 E.2784
G1 X2.316 Y29.919 E.1375
G1 X12.396 Y19.84 E.47285
G1 X12.396 Y15.695 E.1375
G1 X-1.829 Y29.919 E.6673
G1 X-5.974 Y29.919 E.1375
G1 X12.396 Y11.55 E.86175
G1 X12.396 Y7.405 E.1375
G1 X-10.119 Y29.919 E1.05621
G1 X-14.264 Y29.919 E.1375
G1 X12.396 Y3.26 E1.25066
G1 X8.251 Y3.26 E.1375
G1 X-14.264 Y25.774 E1.05621
G1 X-14.264 Y21.629 E.1375
G1 X4.106 Y3.26 E.86175
G1 X-.039 Y3.26 E.1375
G1 X-14.264 Y17.484 E.6673
G1 X-14.264 Y13.339 E.1375
G1 X-4.184 Y3.26 E.47285
G1 X-8.329 Y3.26 E.1375
G1 X-14.264 Y9.194 E.2784
G1 X-14.264 Y5.049 E.1375
G1 X-12.474 Y3.26 E.08395
G1 X-10.846 Y3.26 E.05401
;LAYER_CHANGE
;Z:15.4
;HEIGHT:0.2
;BEFORE_LAYER_CHANGE
;15.4
G1 E-.8 F2100
;WIPE_START
G1 F16200
G1 X-12.474 Y3.26
G1 X-12.737 Y3.522
;WIPE_END
;AFTER_LAYER_CHANGE
;15.4
;_SET_FAN_SPEED_CHANGING_LAYER
G1 F30000
G1 X-12.913 Y4.07774 Z15.4308
G1 X-13.3269 Y4.48763 Z15.4615
G1 X-13.8838 Y4.65825 Z15.4923
G1 X-14.4562 Y4.55051 Z15.5231
G1 X-14.913 Y4.18908 Z15.5538
G1 X-15.1495 Y3.65678 Z15.5846
G1 X-15.1116 Y3.07554 Z15.6154
G1 X-14.8078 Y2.57852 Z15.6462
G1 X-14.3079 Y2.27958 Z15.6769
G1 X-13.7264 Y2.2472 Z15.7077
G1 X-13.1964 Y2.4888 Z15.7385
G1 X-12.8393 Y2.94904 Z15.7692
G1 X-12.7371 Y3.52247 Z15.8
G1 X-14.475 Y30.13 Z15.8
G1 Z15.4
G1 E.8 F2100
SET_VELOCITY_LIMIT ACCEL=5000
;TYPE:Inner wall
G1 F7680
G1 X-14.475 Y3.049 E.89835
G1 X12.607 Y3.049 E.89835
G1 X12.607 Y30.13 E.89835
G1 X-14.435 Y30.13 E.89702
SET_VELOCITY_LIMIT ACCEL=10000
G1 X-14.882 Y30.537 F30000
SET_VELOCITY_LIMIT ACCEL=5000
G1 F7680
G1 X-14.882 Y2.642 E.92536
G1 X13.014 Y2.642 E.92536
G1 X13.014 Y30.537 E.92536
G1 X-14.842 Y30.537 E.92403
SET_VELOCITY_LIMIT ACCEL=10000
G1 X-15.289 Y30.944 F30000
SET_VELOCITY_LIMIT ACCEL=5000
G1 F7680
G1 X-15.289 Y2.234 E.95236
G1 X13.421 Y2.234 E.95236
G1 X13.421 Y30.944 E.95236
G1 X-15.249 Y30.944 E.95104
G1 X-15.724 Y31.379 F30000
;TYPE:Outer wall
;WIDTH:0.42
G1 F7680
G1 X-15.724 Y1.799 E.90891
G1 X13.856 Y1.799 E.90891
G1 X13.856 Y31.379 E.90891
G1 X-15.684 Y31.379 E.90768
SET_VELOCITY_LIMIT ACCEL=10000
G1 E-.8 F2100
;WIPE_START
G1 F12000
G1 X-15.687 Y29.379
;WIPE_END
G1 X-8.056 Y29.546 Z15.8 F30000
G1 X8.978 Y29.919 Z15.8
G1 Z15.4
G1 E.8 F2100
;TYPE:Sparse infill
;WIDTH:0.45
G1 F7680
G1 X10.606 Y29.919 E.05401
G1 X12.396 Y28.13 E.08395
G1 X12.396 Y23.985 E.1375
G1 X6.461 Y29.919 E.2784
G1 X2.316 Y29.919 E.1375
G1 X12.396 Y19.84 E.47285
G1 X12.396 Y15.695 E.1375
G1 X-1.829 Y29.919 E.6673
G1 X-5.974 Y29.919 E.1375
G1 X12.396 Y11.55 E.86175
G1 X12.396 Y7.405 E.1375
M73 P78 R4
G1 X-10.119 Y29.919 E1.05621
G1 X-14.264 Y29.919 E.1375
G1 X12.396 Y3.26 E1.25066
G1 X8.251 Y3.26 E.1375
G1 X-14.264 Y25.774 E1.05621
G1 X-14.264 Y21.629 E.1375
G1 X4.106 Y3.26 E.86175
G1 X-.039 Y3.26 E.1375
G1 X-14.264 Y17.484 E.6673
G1 X-14.264 Y13.339 E.1375
G1 X-4.184 Y3.26 E.47285
G1 X-8.329 Y3.26 E.1375
G1 X-14.264 Y9.194 E.2784
G1 X-14.264 Y5.049 E.1375
G1 X-12.474 Y3.26 E.08395
G1 X-10.846 Y3.26 E.05401
;LAYER_CHANGE
;Z:15.6
;HEIGHT:0.200001
;BEFORE_LAYER_CHANGE
;15.6
G1 E-.8 F2100
;WIPE_START
G1 F16200
G1 X-12.474 Y3.26
G1 X-12.737 Y3.522
;WIPE_END
;AFTER_LAYER_CHANGE
;15.6
;_SET_FAN_SPEED_CHANGING_LAYER
G1 F30000
G1 X-12.913 Y4.07774 Z15.6308
G1 X-13.3269 Y4.48763 Z15.6615
G1 X-13.8838 Y4.65825 Z15.6923
G1 X-14.4562 Y4.55051 Z15.7231
G1 X-14.913 Y4.18908 Z15.7538
G1 X-15.1495 Y3.65678 Z15.7846
G1 X-15.1116 Y3.07554 Z15.8154
G1 X-14.8078 Y2.57852 Z15.8462
G1 X-14.3079 Y2.27958 Z15.8769
G1 X-13.7264 Y2.2472 Z15.9077
G1 X-13.1964 Y2.4888 Z15.9385
G1 X-12.8393 Y2.94904 Z15.9692
G1 X-12.7371 Y3.52247 Z16
G1 X-14.475 Y30.13 Z16
G1 Z15.6
G1 E.8 F2100
SET_VELOCITY_LIMIT ACCEL=5000
;TYPE:Inner wall
G1 F7680
G1 X-14.475 Y3.049 E.89835
G1 X12.607 Y3.049 E.89835
G1 X12.607 Y30.13 E.89835
G1 X-14.435 Y30.13 E.89702
SET_VELOCITY_LIMIT ACCEL=10000
G1 X-14.882 Y30.537 F30000
SET_VELOCITY_LIMIT ACCEL=5000
G1 F7680
G1 X-14.882 Y2.642 E.92536
G1 X13.014 Y2.642 E.92536
G1 X13.014 Y30.537 E.92536
G1 X-14.842 Y30.537 E.92403
SET_VELOCITY_LIMIT ACCEL=10000
G1 X-15.289 Y30.944 F30000
SET_VELOCITY_LIMIT ACCEL=5000
G1 F7680
G1 X-15.289 Y2.234 E.95236
G1 X13.421 Y2.234 E.95236
G1 X13.421 Y30.944 E.95236
G1 X-15.249 Y30.944 E.95104
G1 X-15.724 Y31.379 F30000
;TYPE:Outer wall
;WIDTH:0.42
G1 F7680
G1 X-15.724 Y1.799 E.90891
G1 X13.856 Y1.799 E.90891
G1 X13.856 Y31.379 E.90891
G1 X-15.684 Y31.379 E.90768
SET_VELOCITY_LIMIT ACCEL=10000
G1 E-.8 F2100
;WIPE_START
G1 F12000
G1 X-15.687 Y29.379
;WIPE_END
G1 X-8.056 Y29.546 Z16 F30000
G1 X8.978 Y29.919 Z16
G1 Z15.6
G1 E.8 F2100
;TYPE:Sparse infill
;WIDTH:0.45
G1 F7680
G1 X10.606 Y29.919 E.05401
G1 X12.396 Y28.13 E.08395
G1 X12.396 Y23.985 E.1375
G1 X6.461 Y29.919 E.2784
G1 X2.316 Y29.919 E.1375
G1 X12.396 Y19.84 E.47285
G1 X12.396 Y15.695 E.1375
G1 X-1.829 Y29.919 E.6673
G1 X-5.974 Y29.919 E.1375
G1 X12.396 Y11.55 E.86175
G1 X12.396 Y7.405 E.1375
G1 X-10.119 Y29.919 E1.05621
G1 X-14.264 Y29.919 E.1375
G1 X12.396 Y3.26 E1.25066
G1 X8.251 Y3.26 E.1375
G1 X-14.264 Y25.774 E1.05621
G1 X-14.264 Y21.629 E.1375
G1 X4.106 Y3.26 E.86175
G1 X-.039 Y3.26 E.1375
G1 X-14.264 Y17.484 E.6673
G1 X-14.264 Y13.339 E.1375
G1 X-4.184 Y3.26 E.47285
G1 X-8.329 Y3.26 E.1375
G1 X-14.264 Y9.194 E.2784
G1 X-14.264 Y5.049 E.1375
G1 X-12.474 Y3.26 E.08395
G1 X-10.846 Y3.26 E.05401
;LAYER_CHANGE
;Z:15.8
;HEIGHT:0.2
;BEFORE_LAYER_CHANGE
;15.8
G1 E-.8 F2100
;WIPE_START
G1 F16200
G1 X-12.474 Y3.26
G1 X-12.737 Y3.522
;WIPE_END
;AFTER_LAYER_CHANGE
;15.8
;_SET_FAN_SPEED_CHANGING_LAYER
G1 F30000
G1 X-12.913 Y4.07774 Z15.8308
G1 X-13.3269 Y4.48763 Z15.8615
G1 X-13.8838 Y4.65825 Z15.8923
G1 X-14.4562 Y4.55051 Z15.9231
G1 X-14.913 Y4.18908 Z15.9538
G1 X-15.1495 Y3.65678 Z15.9846
G1 X-15.1116 Y3.07554 Z16.0154
G1 X-14.8078 Y2.57852 Z16.0462
G1 X-14.3079 Y2.27958 Z16.0769
G1 X-13.7264 Y2.2472 Z16.1077
G1 X-13.1964 Y2.4888 Z16.1385
G1 X-12.8393 Y2.94904 Z16.1692
G1 X-12.7371 Y3.52247 Z16.2
G1 X-14.475 Y30.13 Z16.2
G1 Z15.8
G1 E.8 F2100
SET_VELOCITY_LIMIT ACCEL=5000
;TYPE:Inner wall
G1 F7680
G1 X-14.475 Y3.049 E.89835
G1 X12.607 Y3.049 E.89835
G1 X12.607 Y30.13 E.89835
G1 X-14.435 Y30.13 E.89702
SET_VELOCITY_LIMIT ACCEL=10000
G1 X-14.882 Y30.537 F30000
SET_VELOCITY_LIMIT ACCEL=5000
G1 F7680
G1 X-14.882 Y2.642 E.92536
G1 X13.014 Y2.642 E.92536
G1 X13.014 Y30.537 E.92536
G1 X-14.842 Y30.537 E.92403
SET_VELOCITY_LIMIT ACCEL=10000
G1 X-15.289 Y30.944 F30000
M73 P79 R3
SET_VELOCITY_LIMIT ACCEL=5000
G1 F7680
G1 X-15.289 Y2.234 E.95236
G1 X13.421 Y2.234 E.95236
G1 X13.421 Y30.944 E.95236
G1 X-15.249 Y30.944 E.95104
G1 X-15.724 Y31.379 F30000
;TYPE:Outer wall
;WIDTH:0.42
G1 F7680
G1 X-15.724 Y1.799 E.90891
G1 X13.856 Y1.799 E.90891
G1 X13.856 Y31.379 E.90891
G1 X-15.684 Y31.379 E.90768
SET_VELOCITY_LIMIT ACCEL=10000
G1 E-.8 F2100
;WIPE_START
G1 F12000
G1 X-15.687 Y29.379
;WIPE_END
G1 X-8.056 Y29.546 Z16.2 F30000
G1 X8.978 Y29.919 Z16.2
G1 Z15.8
G1 E.8 F2100
;TYPE:Sparse infill
;WIDTH:0.45
G1 F7680
G1 X10.606 Y29.919 E.05401
G1 X12.396 Y28.13 E.08395
G1 X12.396 Y23.985 E.1375
G1 X6.461 Y29.919 E.2784
G1 X2.316 Y29.919 E.1375
G1 X12.396 Y19.84 E.47285
G1 X12.396 Y15.695 E.1375
G1 X-1.829 Y29.919 E.6673
G1 X-5.974 Y29.919 E.1375
G1 X12.396 Y11.55 E.86175
G1 X12.396 Y7.405 E.1375
G1 X-10.119 Y29.919 E1.05621
G1 X-14.264 Y29.919 E.1375
G1 X12.396 Y3.26 E1.25066
G1 X8.251 Y3.26 E.1375
G1 X-14.264 Y25.774 E1.05621
G1 X-14.264 Y21.629 E.1375
G1 X4.106 Y3.26 E.86175
G1 X-.039 Y3.26 E.1375
G1 X-14.264 Y17.484 E.6673
G1 X-14.264 Y13.339 E.1375
G1 X-4.184 Y3.26 E.47285
G1 X-8.329 Y3.26 E.1375
G1 X-14.264 Y9.194 E.2784
G1 X-14.264 Y5.049 E.1375
G1 X-12.474 Y3.26 E.08395
G1 X-10.846 Y3.26 E.05401
;LAYER_CHANGE
;Z:16
;HEIGHT:0.2
;BEFORE_LAYER_CHANGE
;16
G1 E-.8 F2100
;WIPE_START
G1 F16200
G1 X-12.474 Y3.26
G1 X-12.737 Y3.522
;WIPE_END
;AFTER_LAYER_CHANGE
;16
;_SET_FAN_SPEED_CHANGING_LAYER
G1 F30000
G1 X-12.913 Y4.07774 Z16.0308
G1 X-13.3269 Y4.48763 Z16.0615
G1 X-13.8838 Y4.65825 Z16.0923
G1 X-14.4562 Y4.55051 Z16.1231
G1 X-14.913 Y4.18908 Z16.1538
G1 X-15.1495 Y3.65678 Z16.1846
G1 X-15.1116 Y3.07554 Z16.2154
G1 X-14.8078 Y2.57852 Z16.2462
G1 X-14.3079 Y2.27958 Z16.2769
G1 X-13.7264 Y2.2472 Z16.3077
G1 X-13.1964 Y2.4888 Z16.3385
G1 X-12.8393 Y2.94904 Z16.3692
G1 X-12.7371 Y3.52247 Z16.4
G1 X-14.475 Y30.13 Z16.4
G1 Z16
G1 E.8 F2100
SET_VELOCITY_LIMIT ACCEL=5000
;TYPE:Inner wall
G1 F7778
G1 X-14.475 Y3.049 E.89835
G1 X12.607 Y3.049 E.89835
G1 X12.607 Y30.13 E.89835
G1 X-14.435 Y30.13 E.89702
SET_VELOCITY_LIMIT ACCEL=10000
G1 X-14.882 Y30.537 F30000
SET_VELOCITY_LIMIT ACCEL=5000
G1 F7778
G1 X-14.882 Y2.642 E.92536
G1 X13.014 Y2.642 E.92536
G1 X13.014 Y30.537 E.92536
G1 X-14.842 Y30.537 E.92403
SET_VELOCITY_LIMIT ACCEL=10000
G1 X-15.289 Y30.944 F30000
SET_VELOCITY_LIMIT ACCEL=5000
G1 F7778
G1 X-15.289 Y2.234 E.95236
G1 X13.421 Y2.234 E.95236
G1 X13.421 Y30.944 E.95236
G1 X-15.249 Y30.944 E.95104
G1 X-15.724 Y31.379 F30000
;TYPE:Outer wall
;WIDTH:0.42
G1 F7778
G1 X-15.724 Y1.799 E.90891
G1 X13.856 Y1.799 E.90891
G1 X13.856 Y31.379 E.90891
G1 X-15.684 Y31.379 E.90768
SET_VELOCITY_LIMIT ACCEL=10000
G1 E-.8 F2100
;WIPE_START
G1 F12000
G1 X-15.687 Y29.379
;WIPE_END
G1 X-14.497 Y21.84 Z16.4 F30000
G1 X-14.264 Y20.36 Z16.4
G1 Z16
G1 E.8 F2100
;TYPE:Sparse infill
;WIDTH:0.45
G1 F7778
G1 X-14.264 Y21.988 E.05401
G1 X-14.046 Y21.771 E.01021
G1 X-12.692 Y19.698 E.08212
G1 X-12.333 Y19.339 E.01685
G1 X-10.26 Y17.985 E.08212
G1 X-9.901 Y17.626 E.01685
G1 X-8.547 Y15.553 E.08212
G1 X-8.188 Y15.194 E.01685
G1 X-6.115 Y13.84 E.08212
G1 X-5.756 Y13.481 E.01685
G1 X-4.402 Y11.408 E.08212
G1 X-4.043 Y11.049 E.01685
G1 X-1.97 Y9.695 E.08212
G1 X-1.611 Y9.336 E.01685
G1 X-.257 Y7.263 E.08212
G1 X.102 Y6.904 E.01685
G1 X2.175 Y5.55 E.08212
G1 X2.534 Y5.191 E.01685
G1 X3.796 Y3.26 E.07652
G1 X7.941 Y3.26 E.1375
G1 X6.679 Y5.191 E.07652
G1 X6.32 Y5.55 E.01685
G1 X4.247 Y6.904 E.08212
G1 X3.888 Y7.263 E.01685
G1 X2.534 Y9.336 E.08212
G1 X2.175 Y9.695 E.01685
G1 X.102 Y11.049 E.08212
G1 X-.257 Y11.408 E.01685
G1 X-1.611 Y13.481 E.08212
G1 X-1.97 Y13.84 E.01685
G1 X-4.043 Y15.194 E.08212
G1 X-4.402 Y15.553 E.01685
G1 X-5.756 Y17.626 E.08212
G1 X-6.115 Y17.985 E.01685
G1 X-8.188 Y19.339 E.08212
G1 X-8.547 Y19.698 E.01685
G1 X-9.901 Y21.771 E.08212
G1 X-10.26 Y22.13 E.01685
G1 X-12.333 Y23.484 E.08212
G1 X-12.692 Y23.843 E.01685
G1 X-14.046 Y25.916 E.08212
G1 X-14.264 Y26.133 E.01021
G1 X-14.264 Y29.919 E.12558
G1 X-13.954 Y29.919 E.01029
G1 X-12.692 Y27.988 E.07652
G1 X-12.333 Y27.629 E.01685
G1 X-10.26 Y26.275 E.08212
G1 X-9.901 Y25.916 E.01685
G1 X-8.547 Y23.843 E.08212
G1 X-8.188 Y23.484 E.01685
G1 X-6.115 Y22.13 E.08212
G1 X-5.756 Y21.771 E.01685
G1 X-4.402 Y19.698 E.08212
G1 X-4.043 Y19.339 E.01685
G1 X-1.97 Y17.985 E.08212
G1 X-1.611 Y17.626 E.01685
G1 X-.257 Y15.553 E.08212
G1 X.102 Y15.194 E.01685
G1 X2.175 Y13.84 E.08212
G1 X2.534 Y13.481 E.01685
G1 X3.888 Y11.408 E.08212
G1 X4.247 Y11.049 E.01685
G1 X6.32 Y9.695 E.08212
G1 X6.679 Y9.336 E.01685
G1 X8.033 Y7.263 E.08212
G1 X8.392 Y6.904 E.01685
G1 X10.465 Y5.55 E.08212
G1 X10.824 Y5.191 E.01685
G1 X12.086 Y3.26 E.07652
G1 X12.396 Y3.26 E.01029
G1 X12.396 Y7.045 E.12558
G1 X12.178 Y7.263 E.01021
G1 X10.824 Y9.336 E.08212
G1 X10.465 Y9.695 E.01685
G1 X8.392 Y11.049 E.08212
G1 X8.033 Y11.408 E.01685
G1 X6.679 Y13.481 E.08212
G1 X6.32 Y13.84 E.01685
G1 X4.247 Y15.194 E.08212
G1 X3.888 Y15.553 E.01685
G1 X2.534 Y17.626 E.08212
G1 X2.175 Y17.985 E.01685
G1 X.102 Y19.339 E.08212
G1 X-.257 Y19.698 E.01685
G1 X-1.611 Y21.771 E.08212
G1 X-1.97 Y22.13 E.01685
G1 X-4.043 Y23.484 E.08212
G1 X-4.402 Y23.843 E.01685
G1 X-5.756 Y25.916 E.08212
G1 X-6.115 Y26.275 E.01685
G1 X-8.188 Y27.629 E.08212
G1 X-8.547 Y27.988 E.01685
G1 X-9.809 Y29.919 E.07652
G1 X-5.664 Y29.919 E.1375
G1 X-4.402 Y27.988 E.07652
G1 X-4.043 Y27.629 E.01685
G1 X-1.97 Y26.275 E.08212
G1 X-1.611 Y25.916 E.01685
G1 X-.257 Y23.843 E.08212
G1 X.102 Y23.484 E.01685
G1 X2.175 Y22.13 E.08212
G1 X2.534 Y21.771 E.01685
G1 X3.888 Y19.698 E.08212
G1 X4.247 Y19.339 E.01685
G1 X6.32 Y17.985 E.08212
G1 X6.679 Y17.626 E.01685
G1 X8.033 Y15.553 E.08212
G1 X8.392 Y15.194 E.01685
G1 X10.465 Y13.84 E.08212
G1 X10.824 Y13.481 E.01685
G1 X12.178 Y11.408 E.08212
G1 X12.396 Y11.191 E.01021
M73 P80 R3
G1 X12.396 Y12.819 E.05401
G1 X1.279 Y3.26 F30000
G1 F7778
G1 X-.349 Y3.26 E.05401
G1 X-1.611 Y5.191 E.07652
G1 X-1.97 Y5.55 E.01685
G1 X-4.043 Y6.904 E.08212
G1 X-4.402 Y7.263 E.01685
G1 X-5.756 Y9.336 E.08212
G1 X-6.115 Y9.695 E.01685
G1 X-8.188 Y11.049 E.08212
G1 X-8.547 Y11.408 E.01685
G1 X-9.901 Y13.481 E.08212
G1 X-10.26 Y13.84 E.01685
G1 X-12.333 Y15.194 E.08212
G1 X-12.692 Y15.553 E.01685
G1 X-14.046 Y17.626 E.08212
G1 X-14.264 Y17.843 E.01021
G1 X-14.264 Y13.698 E.1375
G1 X-14.046 Y13.481 E.01021
G1 X-12.692 Y11.408 E.08212
G1 X-12.333 Y11.049 E.01685
G1 X-10.26 Y9.695 E.08212
G1 X-9.901 Y9.336 E.01685
G1 X-8.547 Y7.263 E.08212
G1 X-8.188 Y6.904 E.01685
G1 X-6.115 Y5.55 E.08212
G1 X-5.756 Y5.191 E.01685
G1 X-4.494 Y3.26 E.07652
G1 X-8.639 Y3.26 E.1375
G1 X-9.901 Y5.191 E.07652
G1 X-10.26 Y5.55 E.01685
G1 X-12.333 Y6.904 E.08212
G1 X-12.692 Y7.263 E.01685
G1 X-14.046 Y9.336 E.08212
G1 X-14.264 Y9.553 E.01021
G1 X-14.264 Y5.408 E.1375
G1 X-14.046 Y5.191 E.01021
G1 X-12.784 Y3.26 E.07652
G1 X-11.156 Y3.26 E.05401
G1 X-3.147 Y29.919 F30000
G1 F7778
G1 X-1.519 Y29.919 E.05401
G1 X-.257 Y27.988 E.07652
G1 X.102 Y27.629 E.01685
G1 X2.175 Y26.275 E.08212
G1 X2.534 Y25.916 E.01685
G1 X3.888 Y23.843 E.08212
G1 X4.247 Y23.484 E.01685
G1 X6.32 Y22.13 E.08212
G1 X6.679 Y21.771 E.01685
G1 X8.033 Y19.698 E.08212
G1 X8.392 Y19.339 E.01685
G1 X10.465 Y17.985 E.08212
G1 X10.824 Y17.626 E.01685
G1 X12.178 Y15.553 E.08212
G1 X12.396 Y15.336 E.01021
G1 X12.396 Y19.481 E.1375
G1 X12.178 Y19.698 E.01021
G1 X10.824 Y21.771 E.08212
G1 X10.465 Y22.13 E.01685
G1 X8.392 Y23.484 E.08212
G1 X8.033 Y23.843 E.01685
G1 X6.679 Y25.916 E.08212
G1 X6.32 Y26.275 E.01685
G1 X4.247 Y27.629 E.08212
G1 X3.888 Y27.988 E.01685
G1 X2.626 Y29.919 E.07652
G1 X6.771 Y29.919 E.1375
G1 X8.033 Y27.988 E.07652
G1 X8.392 Y27.629 E.01685
G1 X10.465 Y26.275 E.08212
G1 X10.824 Y25.916 E.01685
G1 X12.178 Y23.843 E.08212
G1 X12.396 Y23.626 E.01021
G1 X12.396 Y27.771 E.1375
G1 X12.178 Y27.988 E.01021
G1 X10.917 Y29.919 E.07652
G1 X9.288 Y29.919 E.05401
;LAYER_CHANGE
;Z:16.2
;HEIGHT:0.200001
;BEFORE_LAYER_CHANGE
;16.2
G1 E-.8 F2100
;WIPE_START
G1 F16200
G1 X10.917 Y29.919
G1 X11.12 Y29.608
;WIPE_END
;AFTER_LAYER_CHANGE
;16.2
;_SET_FAN_SPEED_CHANGING_LAYER
G1 F30000
G1 X10.5515 Y29.4803 Z16.2308
G1 X10.1077 Y29.103 Z16.2615
G1 X9.89013 Y28.5627 Z16.2923
G1 X9.94853 Y27.9832 Z16.3231
G1 X10.2696 Y27.4971 Z16.3538
G1 X10.7797 Y27.216 Z16.3846
G1 X11.3621 Y27.2041 Z16.4154
G1 X11.8832 Y27.4642 Z16.4462
G1 X12.2238 Y27.9367 Z16.4769
G1 X12.3058 Y28.5134 Z16.5077
G1 X12.1104 Y29.0621 Z16.5385
G1 X11.6824 Y29.4572 Z16.5692
G1 X11.1198 Y29.6081 Z16.6
G1 X-14.475 Y30.13 Z16.6
G1 Z16.2
G1 E.8 F2100
SET_VELOCITY_LIMIT ACCEL=5000
;TYPE:Inner wall
G1 F7945
G1 X-14.475 Y3.049 E.89835
G1 X12.607 Y3.049 E.89835
G1 X12.607 Y30.13 E.89835
G1 X-14.435 Y30.13 E.89702
SET_VELOCITY_LIMIT ACCEL=10000
G1 X-14.882 Y30.537 F30000
SET_VELOCITY_LIMIT ACCEL=5000
G1 F7945
G1 X-14.882 Y2.642 E.92536
G1 X13.014 Y2.642 E.92536
G1 X13.014 Y30.537 E.92536
G1 X-14.842 Y30.537 E.92403
SET_VELOCITY_LIMIT ACCEL=10000
G1 X-15.289 Y30.944 F30000
SET_VELOCITY_LIMIT ACCEL=5000
G1 F7945
G1 X-15.289 Y2.234 E.95236
G1 X13.421 Y2.234 E.95236
G1 X13.421 Y30.944 E.95236
G1 X-15.249 Y30.944 E.95104
G1 X-15.724 Y31.379 F30000
;TYPE:Outer wall
;WIDTH:0.42
G1 F7945
G1 X-15.724 Y1.799 E.90891
G1 X13.856 Y1.799 E.90891
G1 X13.856 Y31.379 E.90891
G1 X-15.684 Y31.379 E.90768
SET_VELOCITY_LIMIT ACCEL=10000
G1 E-.8 F2100
;WIPE_START
G1 F12000
G1 X-15.687 Y29.379
;WIPE_END
G1 X-14.45 Y21.848 Z16.6 F30000
G1 X-14.264 Y20.714 Z16.6
G1 Z16.2
G1 E.8 F2100
;TYPE:Sparse infill
;WIDTH:0.45
G1 F7945
G1 X-14.264 Y22.342 E.05401
G1 X-13.693 Y21.771 E.0268
G1 X-13.045 Y19.698 E.07202
G1 X-12.333 Y18.985 E.03344
G1 X-10.26 Y18.338 E.07202
G1 X-9.548 Y17.626 E.03344
G1 X-8.9 Y15.553 E.07202
G1 X-8.188 Y14.84 E.03344
G1 X-6.115 Y14.193 E.07202
G1 X-5.402 Y13.481 E.03344
G1 X-4.755 Y11.408 E.07202
G1 X-4.043 Y10.695 E.03344
G1 X-1.97 Y10.048 E.07202
G1 X-1.257 Y9.336 E.03344
G1 X-.61 Y7.263 E.07202
G1 X.102 Y6.55 E.03344
G1 X2.175 Y5.903 E.07202
G1 X2.888 Y5.191 E.03344
G1 X3.49 Y3.26 E.0671
G1 X7.635 Y3.26 E.1375
G1 X7.033 Y5.191 E.0671
G1 X6.32 Y5.903 E.03344
G1 X4.247 Y6.55 E.07202
G1 X3.535 Y7.263 E.03344
G1 X2.888 Y9.336 E.07202
G1 X2.175 Y10.048 E.03344
G1 X.102 Y10.695 E.07202
G1 X-.61 Y11.408 E.03344
G1 X-1.257 Y13.481 E.07202
G1 X-1.97 Y14.193 E.03344
G1 X-4.043 Y14.84 E.07202
G1 X-4.755 Y15.553 E.03344
G1 X-5.402 Y17.626 E.07202
G1 X-6.115 Y18.338 E.03344
G1 X-8.188 Y18.985 E.07202
G1 X-8.9 Y19.698 E.03344
G1 X-9.548 Y21.771 E.07202
G1 X-10.26 Y22.483 E.03344
G1 X-12.333 Y23.131 E.07202
G1 X-13.045 Y23.843 E.03344
G1 X-13.693 Y25.916 E.07202
G1 X-14.264 Y26.487 E.0268
G1 X-14.264 Y29.919 E.11386
G1 X-13.648 Y29.919 E.02041
G1 X-13.045 Y27.988 E.0671
G1 X-12.333 Y27.276 E.03344
G1 X-10.26 Y26.628 E.07202
G1 X-9.548 Y25.916 E.03344
G1 X-8.9 Y23.843 E.07202
G1 X-8.188 Y23.131 E.03344
G1 X-6.115 Y22.483 E.07202
G1 X-5.402 Y21.771 E.03344
G1 X-4.755 Y19.698 E.07202
G1 X-4.043 Y18.985 E.03344
G1 X-1.97 Y18.338 E.07202
G1 X-1.257 Y17.626 E.03344
G1 X-.61 Y15.553 E.07202
G1 X.102 Y14.84 E.03344
G1 X2.175 Y14.193 E.07202
G1 X2.888 Y13.481 E.03344
G1 X3.535 Y11.408 E.07202
G1 X4.247 Y10.695 E.03344
G1 X6.32 Y10.048 E.07202
G1 X7.033 Y9.336 E.03344
G1 X7.68 Y7.263 E.07202
G1 X8.392 Y6.55 E.03344
G1 X10.465 Y5.903 E.07202
G1 X11.178 Y5.191 E.03344
G1 X11.78 Y3.26 E.0671
G1 X12.396 Y3.26 E.02041
G1 X12.396 Y6.692 E.11386
G1 X11.825 Y7.263 E.0268
G1 X11.178 Y9.336 E.07202
G1 X10.465 Y10.048 E.03344
G1 X8.392 Y10.695 E.07202
G1 X7.68 Y11.408 E.03344
G1 X7.033 Y13.481 E.07202
G1 X6.32 Y14.193 E.03344
G1 X4.247 Y14.84 E.07202
G1 X3.535 Y15.553 E.03344
G1 X2.888 Y17.626 E.07202
G1 X2.175 Y18.338 E.03344
G1 X.102 Y18.985 E.07202
G1 X-.61 Y19.698 E.03344
G1 X-1.257 Y21.771 E.07202
G1 X-1.97 Y22.483 E.03344
G1 X-4.043 Y23.131 E.07202
G1 X-4.755 Y23.843 E.03344
G1 X-5.402 Y25.916 E.07202
G1 X-6.115 Y26.628 E.03344
G1 X-8.188 Y27.276 E.07202
G1 X-8.9 Y27.988 E.03344
G1 X-9.503 Y29.919 E.0671
G1 X-5.358 Y29.919 E.1375
G1 X-4.755 Y27.988 E.0671
G1 X-4.043 Y27.276 E.03344
G1 X-1.97 Y26.628 E.07202
G1 X-1.257 Y25.916 E.03344
G1 X-.61 Y23.843 E.07202
G1 X.102 Y23.131 E.03344
G1 X2.175 Y22.483 E.07202
G1 X2.888 Y21.771 E.03344
G1 X3.535 Y19.698 E.07202
G1 X4.247 Y18.985 E.03344
G1 X6.32 Y18.338 E.07202
G1 X7.033 Y17.626 E.03344
G1 X7.68 Y15.553 E.07202
G1 X8.392 Y14.84 E.03344
G1 X10.465 Y14.193 E.07202
G1 X11.178 Y13.481 E.03344
G1 X11.825 Y11.408 E.07202
G1 X12.396 Y10.837 E.0268
G1 X12.396 Y12.465 E.05401
G1 X.974 Y3.26 F30000
G1 F7945
G1 X-.655 Y3.26 E.05401
G1 X-1.257 Y5.191 E.0671
G1 X-1.97 Y5.903 E.03344
G1 X-4.043 Y6.55 E.07202
G1 X-4.755 Y7.263 E.03344
G1 X-5.402 Y9.336 E.07202
G1 X-6.115 Y10.048 E.03344
G1 X-8.188 Y10.695 E.07202
G1 X-8.9 Y11.408 E.03344
G1 X-9.548 Y13.481 E.07202
G1 X-10.26 Y14.193 E.03344
G1 X-12.333 Y14.84 E.07202
G1 X-13.045 Y15.553 E.03344
G1 X-13.693 Y17.626 E.07202
G1 X-14.264 Y18.197 E.0268
G1 X-14.264 Y14.052 E.1375
G1 X-13.693 Y13.481 E.0268
G1 X-13.045 Y11.408 E.07202
G1 X-12.333 Y10.695 E.03344
G1 X-10.26 Y10.048 E.07202
G1 X-9.548 Y9.336 E.03344
G1 X-8.9 Y7.263 E.07202
G1 X-8.188 Y6.55 E.03344
G1 X-6.115 Y5.903 E.07202
G1 X-5.402 Y5.191 E.03344
G1 X-4.8 Y3.26 E.0671
G1 X-8.945 Y3.26 E.1375
G1 X-9.548 Y5.191 E.0671
G1 X-10.26 Y5.903 E.03344
G1 X-12.333 Y6.55 E.07202
G1 X-13.045 Y7.263 E.03344
G1 X-13.693 Y9.336 E.07202
G1 X-14.264 Y9.907 E.0268
G1 X-14.264 Y5.762 E.1375
G1 X-13.693 Y5.191 E.0268
G1 X-13.09 Y3.26 E.0671
G1 X-11.461 Y3.26 E.05401
G1 X-2.842 Y29.919 F30000
G1 F7945
G1 X-1.213 Y29.919 E.05401
G1 X-.61 Y27.988 E.0671
G1 X.102 Y27.276 E.03344
G1 X2.175 Y26.628 E.07202
G1 X2.888 Y25.916 E.03344
G1 X3.535 Y23.843 E.07202
G1 X4.247 Y23.131 E.03344
G1 X6.32 Y22.483 E.07202
G1 X7.033 Y21.771 E.03344
G1 X7.68 Y19.698 E.07202
G1 X8.392 Y18.985 E.03344
G1 X10.465 Y18.338 E.07202
G1 X11.178 Y17.626 E.03344
G1 X11.825 Y15.553 E.07202
G1 X12.396 Y14.982 E.0268
G1 X12.396 Y19.127 E.1375
G1 X11.825 Y19.698 E.0268
G1 X11.178 Y21.771 E.07202
G1 X10.465 Y22.483 E.03344
G1 X8.392 Y23.131 E.07202
G1 X7.68 Y23.843 E.03344
G1 X7.033 Y25.916 E.07202
G1 X6.32 Y26.628 E.03344
G1 X4.247 Y27.276 E.07202
G1 X3.535 Y27.988 E.03344
G1 X2.932 Y29.919 E.0671
G1 X7.077 Y29.919 E.1375
G1 X7.68 Y27.988 E.0671
G1 X8.392 Y27.276 E.03344
G1 X10.465 Y26.628 E.07202
G1 X11.178 Y25.916 E.03344
G1 X11.825 Y23.843 E.07202
G1 X12.396 Y23.272 E.0268
G1 X12.396 Y27.417 E.1375
G1 X11.825 Y27.988 E.0268
G1 X11.222 Y29.919 E.0671
G1 X9.593 Y29.919 E.05401
;LAYER_CHANGE
;Z:16.4
;HEIGHT:0.199999
;BEFORE_LAYER_CHANGE
;16.4
G1 E-.8 F2100
;WIPE_START
G1 F16200
G1 X11.222 Y29.919
G1 X11.333 Y29.564
;WIPE_END
;AFTER_LAYER_CHANGE
;16.4
;_SET_FAN_SPEED_CHANGING_LAYER
G1 F30000
G1 X10.7641 Y29.4375 Z16.4308
G1 X10.3197 Y29.0609 Z16.4615
G1 X10.1013 Y28.5209 Z16.4923
G1 X10.1588 Y27.9413 Z16.5231
G1 X10.4791 Y27.4548 Z16.5538
G1 X10.9888 Y27.1729 Z16.5846
G1 X11.5711 Y27.1601 Z16.6154
G1 X12.0927 Y27.4194 Z16.6462
G1 X12.434 Y27.8914 Z16.6769
G1 X12.5169 Y28.468 Z16.7077
G1 X12.3223 Y29.017 Z16.7385
G1 X11.8949 Y29.4127 Z16.7692
G1 X11.3325 Y29.5645 Z16.8
G1 X-14.475 Y30.13 Z16.8
G1 Z16.4
G1 E.8 F2100
SET_VELOCITY_LIMIT ACCEL=5000
;TYPE:Inner wall
G1 F8279
G1 X-14.475 Y3.049 E.89835
G1 X12.607 Y3.049 E.89835
G1 X12.607 Y30.13 E.89835
G1 X-14.435 Y30.13 E.89702
M73 P81 R3
SET_VELOCITY_LIMIT ACCEL=10000
G1 X-14.882 Y30.537 F30000
SET_VELOCITY_LIMIT ACCEL=5000
G1 F8279
G1 X-14.882 Y2.642 E.92536
G1 X13.014 Y2.642 E.92536
G1 X13.014 Y30.537 E.92536
G1 X-14.842 Y30.537 E.92403
SET_VELOCITY_LIMIT ACCEL=10000
G1 X-15.289 Y30.944 F30000
SET_VELOCITY_LIMIT ACCEL=5000
G1 F8279
G1 X-15.289 Y2.234 E.95236
G1 X13.421 Y2.234 E.95236
G1 X13.421 Y30.944 E.95236
G1 X-15.249 Y30.944 E.95104
G1 X-15.724 Y31.379 F30000
;TYPE:Outer wall
;WIDTH:0.42
G1 F8279
G1 X-15.724 Y1.799 E.90891
G1 X13.856 Y1.799 E.90891
G1 X13.856 Y31.379 E.90891
G1 X-15.684 Y31.379 E.90768
SET_VELOCITY_LIMIT ACCEL=10000
G1 E-.8 F2100
;WIPE_START
G1 F12000
G1 X-15.687 Y29.379
;WIPE_END
G1 X-14.399 Y21.856 Z16.8 F30000
G1 X-14.264 Y21.067 Z16.8
G1 Z16.4
G1 E.8 F2100
;TYPE:Sparse infill
;WIDTH:0.45
G1 F8279
G1 X-14.264 Y22.695 E.05401
G1 X-13.339 Y21.771 E.04338
G1 X-13.399 Y19.698 E.06878
G1 X-12.333 Y18.632 E.05002
G1 X-10.26 Y18.692 E.06878
G1 X-9.194 Y17.626 E.05002
G1 X-9.254 Y15.553 E.06878
G1 X-8.188 Y14.487 E.05002
G1 X-6.115 Y14.547 E.06878
G1 X-5.049 Y13.481 E.05002
G1 X-5.109 Y11.408 E.06878
G1 X-4.043 Y10.342 E.05002
G1 X-1.97 Y10.402 E.06878
G1 X-.904 Y9.336 E.05002
G1 X-.964 Y7.263 E.06878
G1 X.102 Y6.197 E.05002
G1 X2.175 Y6.257 E.06878
G1 X3.241 Y5.191 E.05002
G1 X3.185 Y3.26 E.06408
G1 X-.96 Y3.26 E.1375
G1 X-.904 Y5.191 E.06408
G1 X-1.97 Y6.257 E.05002
G1 X-4.043 Y6.197 E.06878
G1 X-5.109 Y7.263 E.05002
G1 X-5.049 Y9.336 E.06878
G1 X-6.115 Y10.402 E.05002
G1 X-8.188 Y10.342 E.06878
G1 X-9.254 Y11.408 E.05002
G1 X-9.194 Y13.481 E.06878
G1 X-10.26 Y14.547 E.05002
G1 X-12.333 Y14.487 E.06878
G1 X-13.399 Y15.553 E.05002
G1 X-13.339 Y17.626 E.06878
G1 X-14.264 Y18.55 E.04338
G1 X-14.264 Y14.405 E.1375
G1 X-13.339 Y13.481 E.04338
G1 X-13.399 Y11.408 E.06878
G1 X-12.333 Y10.342 E.05002
G1 X-10.26 Y10.402 E.06878
G1 X-9.194 Y9.336 E.05002
G1 X-9.254 Y7.263 E.06878
G1 X-8.188 Y6.197 E.05002
G1 X-6.115 Y6.257 E.06878
G1 X-5.049 Y5.191 E.05002
G1 X-5.105 Y3.26 E.06408
G1 X-9.25 Y3.26 E.1375
G1 X-9.194 Y5.191 E.06408
G1 X-10.26 Y6.257 E.05002
G1 X-12.333 Y6.197 E.06878
G1 X-13.399 Y7.263 E.05002
G1 X-13.339 Y9.336 E.06878
G1 X-14.264 Y10.26 E.04338
G1 X-14.264 Y6.115 E.1375
G1 X-13.339 Y5.191 E.04338
G1 X-13.395 Y3.26 E.06408
G1 X-11.767 Y3.26 E.05401
G1 X8.958 Y3.26 F30000
G1 F8279
G1 X7.33 Y3.26 E.05401
G1 X7.386 Y5.191 E.06408
G1 X6.32 Y6.257 E.05002
G1 X4.247 Y6.197 E.06878
G1 X3.181 Y7.263 E.05002
G1 X3.241 Y9.336 E.06878
G1 X2.175 Y10.402 E.05002
G1 X.102 Y10.342 E.06878
G1 X-.964 Y11.408 E.05002
G1 X-.904 Y13.481 E.06878
G1 X-1.97 Y14.547 E.05002
G1 X-4.043 Y14.487 E.06878
G1 X-5.109 Y15.553 E.05002
G1 X-5.049 Y17.626 E.06878
G1 X-6.115 Y18.692 E.05002
G1 X-8.188 Y18.632 E.06878
G1 X-9.254 Y19.698 E.05002
G1 X-9.194 Y21.771 E.06878
G1 X-10.26 Y22.837 E.05002
G1 X-12.333 Y22.777 E.06878
G1 X-13.399 Y23.843 E.05002
G1 X-13.339 Y25.916 E.06878
G1 X-14.264 Y26.841 E.04338
G1 X-14.264 Y29.919 E.10213
G1 X-13.343 Y29.919 E.03054
G1 X-13.399 Y27.988 E.06408
G1 X-12.333 Y26.922 E.05002
G1 X-10.26 Y26.982 E.06878
G1 X-9.194 Y25.916 E.05002
G1 X-9.254 Y23.843 E.06878
G1 X-8.188 Y22.777 E.05002
G1 X-6.115 Y22.837 E.06878
G1 X-5.049 Y21.771 E.05002
G1 X-5.109 Y19.698 E.06878
G1 X-4.043 Y18.632 E.05002
G1 X-1.97 Y18.692 E.06878
G1 X-.904 Y17.626 E.05002
G1 X-.964 Y15.553 E.06878
G1 X.102 Y14.487 E.05002
G1 X2.175 Y14.547 E.06878
G1 X3.241 Y13.481 E.05002
G1 X3.181 Y11.408 E.06878
G1 X4.247 Y10.342 E.05002
G1 X6.32 Y10.402 E.06878
G1 X7.386 Y9.336 E.05002
G1 X7.326 Y7.263 E.06878
G1 X8.392 Y6.197 E.05002
G1 X10.465 Y6.257 E.06878
G1 X11.531 Y5.191 E.05002
G1 X11.475 Y3.26 E.06408
G1 X12.396 Y3.26 E.03054
G1 X12.396 Y6.338 E.10213
G1 X11.471 Y7.263 E.04338
G1 X11.531 Y9.336 E.06878
G1 X10.465 Y10.402 E.05002
G1 X8.392 Y10.342 E.06878
G1 X7.326 Y11.408 E.05002
G1 X7.386 Y13.481 E.06878
G1 X6.32 Y14.547 E.05002
G1 X4.247 Y14.487 E.06878
G1 X3.181 Y15.553 E.05002
G1 X3.241 Y17.626 E.06878
G1 X2.175 Y18.692 E.05002
G1 X.102 Y18.632 E.06878
G1 X-.964 Y19.698 E.05002
G1 X-.904 Y21.771 E.06878
G1 X-1.97 Y22.837 E.05002
G1 X-4.043 Y22.777 E.06878
G1 X-5.109 Y23.843 E.05002
G1 X-5.049 Y25.916 E.06878
G1 X-6.115 Y26.982 E.05002
G1 X-8.188 Y26.922 E.06878
G1 X-9.254 Y27.988 E.05002
G1 X-9.198 Y29.919 E.06408
G1 X-5.053 Y29.919 E.1375
G1 X-5.109 Y27.988 E.06408
G1 X-4.043 Y26.922 E.05002
G1 X-1.97 Y26.982 E.06878
G1 X-.904 Y25.916 E.05002
G1 X-.964 Y23.843 E.06878
G1 X.102 Y22.777 E.05002
G1 X2.175 Y22.837 E.06878
G1 X3.241 Y21.771 E.05002
G1 X3.181 Y19.698 E.06878
G1 X4.247 Y18.632 E.05002
G1 X6.32 Y18.692 E.06878
G1 X7.386 Y17.626 E.05002
G1 X7.326 Y15.553 E.06878
G1 X8.392 Y14.487 E.05002
G1 X10.465 Y14.547 E.06878
G1 X11.531 Y13.481 E.05002
G1 X11.471 Y11.408 E.06878
G1 X12.396 Y10.483 E.04338
G1 X12.396 Y12.112 E.05401
G1 X9.899 Y29.919 F30000
G1 F8279
G1 X11.527 Y29.919 E.05401
G1 X11.471 Y27.988 E.06408
G1 X12.396 Y27.063 E.04338
G1 X12.396 Y22.918 E.1375
G1 X11.471 Y23.843 E.04338
G1 X11.531 Y25.916 E.06878
G1 X10.465 Y26.982 E.05002
G1 X8.392 Y26.922 E.06878
G1 X7.326 Y27.988 E.05002
G1 X7.382 Y29.919 E.06408
G1 X3.237 Y29.919 E.1375
G1 X3.181 Y27.988 E.06408
G1 X4.247 Y26.922 E.05002
G1 X6.32 Y26.982 E.06878
G1 X7.386 Y25.916 E.05002
G1 X7.326 Y23.843 E.06878
G1 X8.392 Y22.777 E.05002
G1 X10.465 Y22.837 E.06878
G1 X11.531 Y21.771 E.05002
G1 X11.471 Y19.698 E.06878
G1 X12.396 Y18.773 E.04338
G1 X12.396 Y14.628 E.1375
G1 X11.471 Y15.553 E.04338
G1 X11.531 Y17.626 E.06878
G1 X10.465 Y18.692 E.05002
G1 X8.392 Y18.632 E.06878
G1 X7.326 Y19.698 E.05002
G1 X7.386 Y21.771 E.06878
G1 X6.32 Y22.837 E.05002
G1 X4.247 Y22.777 E.06878
G1 X3.181 Y23.843 E.05002
G1 X3.241 Y25.916 E.06878
G1 X2.175 Y26.982 E.05002
G1 X.102 Y26.922 E.06878
G1 X-.964 Y27.988 E.05002
G1 X-.908 Y29.919 E.06408
G1 X-2.536 Y29.919 E.05401
;LAYER_CHANGE
;Z:16.6
;HEIGHT:0.200001
;BEFORE_LAYER_CHANGE
;16.6
G1 E-.8 F2100
;WIPE_START
G1 F16200
G1 X-.908 Y29.919
G1 X-.919 Y29.548
;WIPE_END
;AFTER_LAYER_CHANGE
;16.6
;_SET_FAN_SPEED_CHANGING_LAYER
G1 F30000
G1 X-1.4898 Y29.4327 Z16.6308
G1 X-1.94197 Y29.0656 Z16.6615
G1 X-2.17171 Y28.5303 Z16.6923
G1 X-2.12639 Y27.9496 Z16.7231
G1 X-1.8164 Y27.4565 Z16.7538
G1 X-1.31274 Y27.1639 Z16.7846
G1 X-0.730795 Y27.1389 Z16.8154
G1 X-0.203891 Y27.3872 Z16.8462
G1 X0.147271 Y27.8519 Z16.8769
G1 X0.242242 Y28.4266 Z16.9077
G1 X0.0592668 Y28.9796 Z16.9385
G1 X-0.359738 Y29.3842 Z16.9692
G1 X-0.918783 Y29.5477 Z17
G1 X-14.475 Y30.13 Z17
G1 Z16.6
G1 E.8 F2100
SET_VELOCITY_LIMIT ACCEL=5000
;TYPE:Inner wall
G1 F8177
G1 X-14.475 Y3.049 E.89835
G1 X12.607 Y3.049 E.89835
G1 X12.607 Y30.13 E.89835
G1 X-14.435 Y30.13 E.89702
SET_VELOCITY_LIMIT ACCEL=10000
G1 X-14.882 Y30.537 F30000
SET_VELOCITY_LIMIT ACCEL=5000
G1 F8177
G1 X-14.882 Y2.642 E.92536
G1 X13.014 Y2.642 E.92536
G1 X13.014 Y30.537 E.92536
G1 X-14.842 Y30.537 E.92403
SET_VELOCITY_LIMIT ACCEL=10000
G1 X-15.289 Y30.944 F30000
SET_VELOCITY_LIMIT ACCEL=5000
G1 F8177
G1 X-15.289 Y2.234 E.95236
G1 X13.421 Y2.234 E.95236
G1 X13.421 Y30.944 E.95236
G1 X-15.249 Y30.944 E.95104
G1 X-15.724 Y31.379 F30000
;TYPE:Outer wall
;WIDTH:0.42
G1 F8177
G1 X-15.724 Y1.799 E.90891
G1 X13.856 Y1.799 E.90891
M73 P82 R3
G1 X13.856 Y31.379 E.90891
G1 X-15.684 Y31.379 E.90768
SET_VELOCITY_LIMIT ACCEL=10000
G1 E-.8 F2100
;WIPE_START
G1 F12000
G1 X-15.687 Y29.379
;WIPE_END
G1 X-14.264 Y25.434 Z17 F30000
G1 Z16.6
G1 E.8 F2100
;TYPE:Sparse infill
;WIDTH:0.45
G1 F8177
G1 X-14.264 Y27.063 E.05401
G1 X-13.338 Y27.988 E.04342
G1 X-13.396 Y29.919 E.06408
G1 X-9.251 Y29.919 E.1375
G1 X-9.193 Y27.988 E.06408
G1 X-10.26 Y26.921 E.05006
G1 X-12.333 Y26.983 E.06878
G1 X-13.4 Y25.916 E.05006
G1 X-13.338 Y23.843 E.06878
G1 X-14.264 Y22.918 E.04342
G1 X-14.264 Y18.773 E.1375
G1 X-13.338 Y19.698 E.04342
G1 X-13.4 Y21.771 E.06878
G1 X-12.333 Y22.838 E.05006
G1 X-10.26 Y22.776 E.06878
G1 X-9.193 Y23.843 E.05006
G1 X-9.255 Y25.916 E.06878
G1 X-8.188 Y26.983 E.05006
G1 X-6.115 Y26.921 E.06878
G1 X-5.048 Y27.988 E.05006
G1 X-5.106 Y29.919 E.06408
G1 X-.961 Y29.919 E.1375
G1 X-.903 Y27.988 E.06408
G1 X-1.97 Y26.921 E.05006
G1 X-4.043 Y26.983 E.06878
G1 X-5.11 Y25.916 E.05006
G1 X-5.048 Y23.843 E.06878
G1 X-6.115 Y22.776 E.05006
G1 X-8.188 Y22.838 E.06878
G1 X-9.255 Y21.771 E.05006
G1 X-9.193 Y19.698 E.06878
G1 X-10.26 Y18.631 E.05006
G1 X-12.333 Y18.693 E.06878
G1 X-13.4 Y17.626 E.05006
G1 X-13.338 Y15.553 E.06878
G1 X-14.264 Y14.628 E.04342
G1 X-14.264 Y10.483 E.1375
G1 X-13.338 Y11.408 E.04342
G1 X-13.4 Y13.481 E.06878
G1 X-12.333 Y14.548 E.05006
G1 X-10.26 Y14.486 E.06878
G1 X-9.193 Y15.553 E.05006
G1 X-9.255 Y17.626 E.06878
G1 X-8.188 Y18.693 E.05006
G1 X-6.115 Y18.631 E.06878
G1 X-5.048 Y19.698 E.05006
G1 X-5.11 Y21.771 E.06878
G1 X-4.043 Y22.838 E.05006
G1 X-1.97 Y22.776 E.06878
G1 X-.903 Y23.843 E.05006
G1 X-.965 Y25.916 E.06878
G1 X.102 Y26.983 E.05006
G1 X2.175 Y26.921 E.06878
G1 X3.242 Y27.988 E.05006
G1 X3.184 Y29.919 E.06408
G1 X7.329 Y29.919 E.1375
G1 X7.387 Y27.988 E.06408
G1 X6.32 Y26.921 E.05006
G1 X4.247 Y26.983 E.06878
G1 X3.18 Y25.916 E.05006
G1 X3.242 Y23.843 E.06878
G1 X2.175 Y22.776 E.05006
G1 X.102 Y22.838 E.06878
G1 X-.965 Y21.771 E.05006
G1 X-.903 Y19.698 E.06878
G1 X-1.97 Y18.631 E.05006
G1 X-4.043 Y18.693 E.06878
G1 X-5.11 Y17.626 E.05006
G1 X-5.048 Y15.553 E.06878
G1 X-6.115 Y14.486 E.05006
G1 X-8.188 Y14.548 E.06878
G1 X-9.255 Y13.481 E.05006
G1 X-9.193 Y11.408 E.06878
G1 X-10.26 Y10.341 E.05006
G1 X-12.333 Y10.403 E.06878
G1 X-13.4 Y9.336 E.05006
G1 X-13.338 Y7.263 E.06878
G1 X-14.264 Y6.338 E.04342
G1 X-14.264 Y3.26 E.1021
G1 X-13.342 Y3.26 E.03057
G1 X-13.4 Y5.191 E.06408
G1 X-12.333 Y6.258 E.05006
G1 X-10.26 Y6.196 E.06878
G1 X-9.193 Y7.263 E.05006
G1 X-9.255 Y9.336 E.06878
G1 X-8.188 Y10.403 E.05006
G1 X-6.115 Y10.341 E.06878
G1 X-5.048 Y11.408 E.05006
G1 X-5.11 Y13.481 E.06878
G1 X-4.043 Y14.548 E.05006
G1 X-1.97 Y14.486 E.06878
G1 X-.903 Y15.553 E.05006
G1 X-.965 Y17.626 E.06878
G1 X.102 Y18.693 E.05006
G1 X2.175 Y18.631 E.06878
G1 X3.242 Y19.698 E.05006
G1 X3.18 Y21.771 E.06878
G1 X4.247 Y22.838 E.05006
G1 X6.32 Y22.776 E.06878
G1 X7.387 Y23.843 E.05006
G1 X7.325 Y25.916 E.06878
G1 X8.392 Y26.983 E.05006
G1 X10.465 Y26.921 E.06878
G1 X11.532 Y27.988 E.05006
G1 X11.474 Y29.919 E.06408
G1 X12.396 Y29.919 E.03057
G1 X12.396 Y26.841 E.1021
G1 X11.47 Y25.916 E.04342
G1 X11.532 Y23.843 E.06878
G1 X10.465 Y22.776 E.05006
G1 X8.392 Y22.838 E.06878
G1 X7.325 Y21.771 E.05006
G1 X7.387 Y19.698 E.06878
G1 X6.32 Y18.631 E.05006
G1 X4.247 Y18.693 E.06878
G1 X3.18 Y17.626 E.05006
G1 X3.242 Y15.553 E.06878
G1 X2.175 Y14.486 E.05006
G1 X.102 Y14.548 E.06878
G1 X-.965 Y13.481 E.05006
G1 X-.903 Y11.408 E.06878
G1 X-1.97 Y10.341 E.05006
G1 X-4.043 Y10.403 E.06878
G1 X-5.11 Y9.336 E.05006
G1 X-5.048 Y7.263 E.06878
G1 X-6.115 Y6.196 E.05006
G1 X-8.188 Y6.258 E.06878
G1 X-9.255 Y5.191 E.05006
G1 X-9.197 Y3.26 E.06408
G1 X-5.052 Y3.26 E.1375
G1 X-5.11 Y5.191 E.06408
G1 X-4.043 Y6.258 E.05006
G1 X-1.97 Y6.196 E.06878
G1 X-.903 Y7.263 E.05006
G1 X-.965 Y9.336 E.06878
G1 X.102 Y10.403 E.05006
G1 X2.175 Y10.341 E.06878
G1 X3.242 Y11.408 E.05006
G1 X3.18 Y13.481 E.06878
G1 X4.247 Y14.548 E.05006
G1 X6.32 Y14.486 E.06878
G1 X7.387 Y15.553 E.05006
G1 X7.325 Y17.626 E.06878
G1 X8.392 Y18.693 E.05006
G1 X10.465 Y18.631 E.06878
G1 X11.532 Y19.698 E.05006
G1 X11.47 Y21.771 E.06878
G1 X12.396 Y22.696 E.04342
G1 X12.396 Y18.551 E.1375
G1 X11.47 Y17.626 E.04342
G1 X11.532 Y15.553 E.06878
G1 X10.465 Y14.486 E.05006
G1 X8.392 Y14.548 E.06878
G1 X7.325 Y13.481 E.05006
G1 X7.387 Y11.408 E.06878
G1 X6.32 Y10.341 E.05006
G1 X4.247 Y10.403 E.06878
G1 X3.18 Y9.336 E.05006
G1 X3.242 Y7.263 E.06878
G1 X2.175 Y6.196 E.05006
G1 X.102 Y6.258 E.06878
G1 X-.965 Y5.191 E.05006
G1 X-.907 Y3.26 E.06408
G1 X3.238 Y3.26 E.1375
G1 X3.18 Y5.191 E.06408
G1 X4.247 Y6.258 E.05006
G1 X6.32 Y6.196 E.06878
G1 X7.387 Y7.263 E.05006
G1 X7.325 Y9.336 E.06878
G1 X8.392 Y10.403 E.05006
G1 X10.465 Y10.341 E.06878
G1 X11.532 Y11.408 E.05006
G1 X11.47 Y13.481 E.06878
G1 X12.396 Y14.406 E.04342
G1 X12.396 Y10.261 E.1375
G1 X11.47 Y9.336 E.04342
G1 X11.532 Y7.263 E.06878
G1 X10.465 Y6.196 E.05006
G1 X8.392 Y6.258 E.06878
G1 X7.325 Y5.191 E.05006
G1 X7.383 Y3.26 E.06408
G1 X11.528 Y3.26 E.1375
G1 X11.47 Y5.191 E.06408
G1 X12.396 Y6.116 E.04342
G1 X12.396 Y7.745 E.05401
;LAYER_CHANGE
;Z:16.8
;HEIGHT:0.199999
;BEFORE_LAYER_CHANGE
;16.8
G1 E-.8 F2100
;WIPE_START
G1 F16200
G1 X12.396 Y6.116
G1 X12.133 Y5.853
;WIPE_END
;AFTER_LAYER_CHANGE
;16.8
;_SET_FAN_SPEED_CHANGING_LAYER
G1 F30000
G1 X11.6213 Y6.1317 Z16.8308
G1 X11.0389 Y6.14023 Z16.8615
G1 X10.5192 Y5.87712 Z16.8923
G1 X10.1814 Y5.40264 Z16.9231
G1 X10.1027 Y4.8255 Z16.9538
G1 X10.3012 Y4.27791 Z16.9846
G1 X10.7315 Y3.88532 Z17.0154
G1 X11.295 Y3.73766 Z17.0462
G1 X11.8625 Y3.86876 Z17.0769
G1 X12.3041 Y4.24859 Z17.1077
G1 X12.5186 Y4.79014 Z17.1385
G1 X12.4569 Y5.36933 Z17.1692
G1 X12.133 Y5.85349 Z17.2
G1 X-14.475 Y30.13 Z17.2
G1 Z16.8
G1 E.8 F2100
SET_VELOCITY_LIMIT ACCEL=5000
;TYPE:Inner wall
G1 F7835
G1 X-14.475 Y3.049 E.89835
G1 X12.607 Y3.049 E.89835
G1 X12.607 Y30.13 E.89835
G1 X-14.435 Y30.13 E.89702
SET_VELOCITY_LIMIT ACCEL=10000
G1 X-14.882 Y30.537 F30000
SET_VELOCITY_LIMIT ACCEL=5000
G1 F7835
G1 X-14.882 Y2.642 E.92536
G1 X13.014 Y2.642 E.92536
G1 X13.014 Y30.537 E.92536
G1 X-14.842 Y30.537 E.92403
SET_VELOCITY_LIMIT ACCEL=10000
G1 X-15.289 Y30.944 F30000
SET_VELOCITY_LIMIT ACCEL=5000
G1 F7835
G1 X-15.289 Y2.234 E.95236
G1 X13.421 Y2.234 E.95236
G1 X13.421 Y30.944 E.95236
G1 X-15.249 Y30.944 E.95104
G1 X-15.724 Y31.379 F30000
;TYPE:Outer wall
;WIDTH:0.42
G1 F7835
G1 X-15.724 Y1.799 E.90891
G1 X13.856 Y1.799 E.90891
G1 X13.856 Y31.379 E.90891
G1 X-15.684 Y31.379 E.90768
SET_VELOCITY_LIMIT ACCEL=10000
G1 E-.8 F2100
;WIPE_START
G1 F12000
G1 X-15.687 Y29.379
;WIPE_END
G1 X-14.264 Y25.788 Z17.2 F30000
G1 Z16.8
G1 E.8 F2100
;TYPE:Sparse infill
;WIDTH:0.45
G1 F7835
G1 X-14.264 Y27.416 E.05401
G1 X-13.692 Y27.988 E.02684
G1 X-13.09 Y29.919 E.06709
G1 X-8.945 Y29.919 E.1375
G1 X-9.547 Y27.988 E.06709
G1 X-10.26 Y27.275 E.03348
G1 X-12.333 Y26.629 E.072
G1 X-13.046 Y25.916 E.03348
G1 X-13.692 Y23.843 E.072
G1 X-14.264 Y23.271 E.02684
G1 X-14.264 Y19.126 E.1375
G1 X-13.692 Y19.698 E.02684
G1 X-13.046 Y21.771 E.072
G1 X-12.333 Y22.484 E.03348
G1 X-10.26 Y23.13 E.072
G1 X-9.547 Y23.843 E.03348
G1 X-8.901 Y25.916 E.072
G1 X-8.188 Y26.629 E.03348
G1 X-6.115 Y27.275 E.072
G1 X-5.402 Y27.988 E.03348
G1 X-4.8 Y29.919 E.06709
G1 X-.655 Y29.919 E.1375
G1 X-1.257 Y27.988 E.06709
G1 X-1.97 Y27.275 E.03348
G1 X-4.043 Y26.629 E.072
G1 X-4.756 Y25.916 E.03348
G1 X-5.402 Y23.843 E.072
G1 X-6.115 Y23.13 E.03348
G1 X-8.188 Y22.484 E.072
G1 X-8.901 Y21.771 E.03348
G1 X-9.547 Y19.698 E.072
G1 X-10.26 Y18.985 E.03348
G1 X-12.333 Y18.339 E.072
G1 X-13.046 Y17.626 E.03348
G1 X-13.692 Y15.553 E.072
G1 X-14.264 Y14.981 E.02684
G1 X-14.264 Y10.836 E.1375
G1 X-13.692 Y11.408 E.02684
G1 X-13.046 Y13.481 E.072
G1 X-12.333 Y14.194 E.03348
G1 X-10.26 Y14.84 E.072
G1 X-9.547 Y15.553 E.03348
G1 X-8.901 Y17.626 E.072
G1 X-8.188 Y18.339 E.03348
G1 X-6.115 Y18.985 E.072
G1 X-5.402 Y19.698 E.03348
G1 X-4.756 Y21.771 E.072
G1 X-4.043 Y22.484 E.03348
G1 X-1.97 Y23.13 E.072
G1 X-1.257 Y23.843 E.03348
G1 X-.611 Y25.916 E.072
G1 X.102 Y26.629 E.03348
M73 P83 R3
G1 X2.175 Y27.275 E.072
G1 X2.888 Y27.988 E.03348
G1 X3.49 Y29.919 E.06709
G1 X7.635 Y29.919 E.1375
G1 X7.033 Y27.988 E.06709
G1 X6.32 Y27.275 E.03348
G1 X4.247 Y26.629 E.072
G1 X3.534 Y25.916 E.03348
G1 X2.888 Y23.843 E.072
G1 X2.175 Y23.13 E.03348
G1 X.102 Y22.484 E.072
G1 X-.611 Y21.771 E.03348
G1 X-1.257 Y19.698 E.072
G1 X-1.97 Y18.985 E.03348
G1 X-4.043 Y18.339 E.072
G1 X-4.756 Y17.626 E.03348
G1 X-5.402 Y15.553 E.072
G1 X-6.115 Y14.84 E.03348
G1 X-8.188 Y14.194 E.072
G1 X-8.901 Y13.481 E.03348
G1 X-9.547 Y11.408 E.072
G1 X-10.26 Y10.695 E.03348
G1 X-12.333 Y10.049 E.072
G1 X-13.046 Y9.336 E.03348
G1 X-13.692 Y7.263 E.072
G1 X-14.264 Y6.691 E.02684
G1 X-14.264 Y3.26 E.11383
G1 X-13.648 Y3.26 E.02044
G1 X-13.046 Y5.191 E.06709
G1 X-12.333 Y5.904 E.03348
G1 X-10.26 Y6.55 E.072
G1 X-9.547 Y7.263 E.03348
G1 X-8.901 Y9.336 E.072
G1 X-8.188 Y10.049 E.03348
G1 X-6.115 Y10.695 E.072
G1 X-5.402 Y11.408 E.03348
G1 X-4.756 Y13.481 E.072
G1 X-4.043 Y14.194 E.03348
G1 X-1.97 Y14.84 E.072
G1 X-1.257 Y15.553 E.03348
G1 X-.611 Y17.626 E.072
G1 X.102 Y18.339 E.03348
G1 X2.175 Y18.985 E.072
G1 X2.888 Y19.698 E.03348
G1 X3.534 Y21.771 E.072
G1 X4.247 Y22.484 E.03348
G1 X6.32 Y23.13 E.072
G1 X7.033 Y23.843 E.03348
G1 X7.679 Y25.916 E.072
G1 X8.392 Y26.629 E.03348
G1 X10.465 Y27.275 E.072
G1 X11.178 Y27.988 E.03348
G1 X11.78 Y29.919 E.06709
G1 X12.396 Y29.919 E.02044
G1 X12.396 Y26.488 E.11383
G1 X11.824 Y25.916 E.02684
G1 X11.178 Y23.843 E.072
G1 X10.465 Y23.13 E.03348
G1 X8.392 Y22.484 E.072
G1 X7.679 Y21.771 E.03348
G1 X7.033 Y19.698 E.072
G1 X6.32 Y18.985 E.03348
G1 X4.247 Y18.339 E.072
G1 X3.534 Y17.626 E.03348
G1 X2.888 Y15.553 E.072
G1 X2.175 Y14.84 E.03348
G1 X.102 Y14.194 E.072
G1 X-.611 Y13.481 E.03348
G1 X-1.257 Y11.408 E.072
G1 X-1.97 Y10.695 E.03348
G1 X-4.043 Y10.049 E.072
G1 X-4.756 Y9.336 E.03348
G1 X-5.402 Y7.263 E.072
G1 X-6.115 Y6.55 E.03348
G1 X-8.188 Y5.904 E.072
G1 X-8.901 Y5.191 E.03348
G1 X-9.503 Y3.26 E.06709
G1 X-5.358 Y3.26 E.1375
G1 X-4.756 Y5.191 E.06709
G1 X-4.043 Y5.904 E.03348
G1 X-1.97 Y6.55 E.072
G1 X-1.257 Y7.263 E.03348
G1 X-.611 Y9.336 E.072
G1 X.102 Y10.049 E.03348
G1 X2.175 Y10.695 E.072
G1 X2.888 Y11.408 E.03348
G1 X3.534 Y13.481 E.072
G1 X4.247 Y14.194 E.03348
G1 X6.32 Y14.84 E.072
G1 X7.033 Y15.553 E.03348
G1 X7.679 Y17.626 E.072
G1 X8.392 Y18.339 E.03348
G1 X10.465 Y18.985 E.072
G1 X11.178 Y19.698 E.03348
G1 X11.824 Y21.771 E.072
G1 X12.396 Y22.343 E.02684
G1 X12.396 Y18.198 E.1375
G1 X11.824 Y17.626 E.02684
G1 X11.178 Y15.553 E.072
G1 X10.465 Y14.84 E.03348
G1 X8.392 Y14.194 E.072
G1 X7.679 Y13.481 E.03348
G1 X7.033 Y11.408 E.072
G1 X6.32 Y10.695 E.03348
G1 X4.247 Y10.049 E.072
G1 X3.534 Y9.336 E.03348
G1 X2.888 Y7.263 E.072
G1 X2.175 Y6.55 E.03348
G1 X.102 Y5.904 E.072
G1 X-.611 Y5.191 E.03348
G1 X-1.213 Y3.26 E.06709
G1 X2.933 Y3.26 E.1375
G1 X3.534 Y5.191 E.06709
G1 X4.247 Y5.904 E.03348
G1 X6.32 Y6.55 E.072
G1 X7.033 Y7.263 E.03348
G1 X7.679 Y9.336 E.072
G1 X8.392 Y10.049 E.03348
G1 X10.465 Y10.695 E.072
G1 X11.178 Y11.408 E.03348
G1 X11.824 Y13.481 E.072
G1 X12.396 Y14.053 E.02684
G1 X12.396 Y9.908 E.1375
G1 X11.824 Y9.336 E.02684
G1 X11.178 Y7.263 E.072
G1 X10.465 Y6.55 E.03348
G1 X8.392 Y5.904 E.072
G1 X7.679 Y5.191 E.03348
G1 X7.078 Y3.26 E.06709
G1 X11.223 Y3.26 E.1375
G1 X11.824 Y5.191 E.06709
G1 X12.396 Y5.763 E.02684
G1 X12.396 Y7.391 E.05401
;LAYER_CHANGE
;Z:17
;HEIGHT:0.200001
;BEFORE_LAYER_CHANGE
;17
G1 E-.8 F2100
;WIPE_START
G1 F16200
G1 X12.396 Y5.763
G1 X12.133 Y5.5
;WIPE_END
;AFTER_LAYER_CHANGE
;17
;_SET_FAN_SPEED_CHANGING_LAYER
G1 F30000
G1 X11.6233 Y5.78183 Z17.0308
G1 X11.041 Y5.79455 Z17.0615
G1 X10.5194 Y5.53519 Z17.0923
G1 X10.1782 Y5.06316 Z17.1231
G1 X10.0953 Y4.4866 Z17.1538
G1 X10.2899 Y3.93759 Z17.1846
G1 X10.7174 Y3.54191 Z17.2154
G1 X11.2798 Y3.3902 Z17.2462
G1 X11.8482 Y3.51721 Z17.2769
G1 X12.2926 Y3.89385 Z17.3077
G1 X12.5109 Y4.43383 Z17.3385
G1 X12.4534 Y5.01346 Z17.3692
G1 X12.133 Y5.49994 Z17.4
G1 X-14.475 Y30.13 Z17.4
G1 Z17
G1 E.8 F2100
SET_VELOCITY_LIMIT ACCEL=5000
;TYPE:Inner wall
G1 F7669
G1 X-14.475 Y3.049 E.89835
G1 X12.607 Y3.049 E.89835
G1 X12.607 Y30.13 E.89835
G1 X-14.435 Y30.13 E.89702
SET_VELOCITY_LIMIT ACCEL=10000
G1 X-14.882 Y30.537 F30000
SET_VELOCITY_LIMIT ACCEL=5000
G1 F7669
G1 X-14.882 Y2.642 E.92536
G1 X13.014 Y2.642 E.92536
G1 X13.014 Y30.537 E.92536
G1 X-14.842 Y30.537 E.92403
SET_VELOCITY_LIMIT ACCEL=10000
G1 X-15.289 Y30.944 F30000
SET_VELOCITY_LIMIT ACCEL=5000
G1 F7669
G1 X-15.289 Y2.234 E.95236
G1 X13.421 Y2.234 E.95236
G1 X13.421 Y30.944 E.95236
G1 X-15.249 Y30.944 E.95104
G1 X-15.724 Y31.379 F30000
;TYPE:Outer wall
;WIDTH:0.42
G1 F7669
G1 X-15.724 Y1.799 E.90891
G1 X13.856 Y1.799 E.90891
G1 X13.856 Y31.379 E.90891
G1 X-15.684 Y31.379 E.90768
SET_VELOCITY_LIMIT ACCEL=10000
G1 E-.8 F2100
;WIPE_START
G1 F12000
G1 X-15.687 Y29.379
;WIPE_END
G1 X-14.264 Y26.141 Z17.4 F30000
G1 Z17
G1 E.8 F2100
;TYPE:Sparse infill
;WIDTH:0.45
G1 F7669
G1 X-14.264 Y27.77 E.05401
G1 X-14.045 Y27.988 E.01025
G1 X-12.785 Y29.919 E.07649
G1 X-8.64 Y29.919 E.1375
G1 X-9.9 Y27.988 E.07649
G1 X-10.26 Y27.628 E.01689
G1 X-12.333 Y26.276 E.08209
G1 X-12.693 Y25.916 E.01689
G1 X-14.045 Y23.843 E.08209
G1 X-14.264 Y23.625 E.01025
G1 X-14.264 Y19.48 E.1375
G1 X-14.045 Y19.698 E.01025
G1 X-12.693 Y21.771 E.08209
G1 X-12.333 Y22.131 E.01689
G1 X-10.26 Y23.483 E.08209
G1 X-9.9 Y23.843 E.01689
G1 X-8.548 Y25.916 E.08209
G1 X-8.188 Y26.276 E.01689
G1 X-6.115 Y27.628 E.08209
G1 X-5.755 Y27.988 E.01689
G1 X-4.495 Y29.919 E.07649
G1 X-.35 Y29.919 E.1375
G1 X-1.61 Y27.988 E.07649
G1 X-1.97 Y27.628 E.01689
G1 X-4.043 Y26.276 E.08209
G1 X-4.403 Y25.916 E.01689
G1 X-5.755 Y23.843 E.08209
G1 X-6.115 Y23.483 E.01689
G1 X-8.188 Y22.131 E.08209
G1 X-8.548 Y21.771 E.01689
G1 X-9.9 Y19.698 E.08209
G1 X-10.26 Y19.338 E.01689
G1 X-12.333 Y17.986 E.08209
G1 X-12.693 Y17.626 E.01689
G1 X-14.045 Y15.553 E.08209
G1 X-14.264 Y15.335 E.01025
G1 X-14.264 Y11.19 E.1375
G1 X-14.045 Y11.408 E.01025
G1 X-12.693 Y13.481 E.08209
G1 X-12.333 Y13.841 E.01689
G1 X-10.26 Y15.193 E.08209
G1 X-9.9 Y15.553 E.01689
G1 X-8.548 Y17.626 E.08209
G1 X-8.188 Y17.986 E.01689
G1 X-6.115 Y19.338 E.08209
G1 X-5.755 Y19.698 E.01689
G1 X-4.403 Y21.771 E.08209
G1 X-4.043 Y22.131 E.01689
G1 X-1.97 Y23.483 E.08209
G1 X-1.61 Y23.843 E.01689
G1 X-.258 Y25.916 E.08209
G1 X.102 Y26.276 E.01689
G1 X2.175 Y27.628 E.08209
G1 X2.535 Y27.988 E.01689
G1 X3.795 Y29.919 E.07649
G1 X7.94 Y29.919 E.1375
G1 X6.68 Y27.988 E.07649
G1 X6.32 Y27.628 E.01689
G1 X4.247 Y26.276 E.08209
G1 X3.887 Y25.916 E.01689
G1 X2.535 Y23.843 E.08209
G1 X2.175 Y23.483 E.01689
G1 X.102 Y22.131 E.08209
G1 X-.258 Y21.771 E.01689
G1 X-1.61 Y19.698 E.08209
G1 X-1.97 Y19.338 E.01689
G1 X-4.043 Y17.986 E.08209
G1 X-4.403 Y17.626 E.01689
G1 X-5.755 Y15.553 E.08209
G1 X-6.115 Y15.193 E.01689
G1 X-8.188 Y13.841 E.08209
G1 X-8.548 Y13.481 E.01689
G1 X-9.9 Y11.408 E.08209
G1 X-10.26 Y11.048 E.01689
G1 X-12.333 Y9.696 E.08209
G1 X-12.693 Y9.336 E.01689
G1 X-14.045 Y7.263 E.08209
G1 X-14.264 Y7.045 E.01025
G1 X-14.264 Y3.26 E.12555
G1 X-13.953 Y3.26 E.01031
G1 X-12.693 Y5.191 E.07649
G1 X-12.333 Y5.551 E.01689
G1 X-10.26 Y6.903 E.08209
G1 X-9.9 Y7.263 E.01689
G1 X-8.548 Y9.336 E.08209
G1 X-8.188 Y9.696 E.01689
G1 X-6.115 Y11.048 E.08209
G1 X-5.755 Y11.408 E.01689
G1 X-4.403 Y13.481 E.08209
G1 X-4.043 Y13.841 E.01689
G1 X-1.97 Y15.193 E.08209
G1 X-1.61 Y15.553 E.01689
G1 X-.258 Y17.626 E.08209
G1 X.102 Y17.986 E.01689
G1 X2.175 Y19.338 E.08209
G1 X2.535 Y19.698 E.01689
G1 X3.887 Y21.771 E.08209
G1 X4.247 Y22.131 E.01689
G1 X6.32 Y23.483 E.08209
G1 X6.68 Y23.843 E.01689
G1 X8.032 Y25.916 E.08209
G1 X8.392 Y26.276 E.01689
G1 X10.465 Y27.628 E.08209
G1 X10.825 Y27.988 E.01689
G1 X12.085 Y29.919 E.07649
G1 X12.396 Y29.919 E.01031
G1 X12.396 Y26.134 E.12555
G1 X12.177 Y25.916 E.01025
G1 X10.825 Y23.843 E.08209
G1 X10.465 Y23.483 E.01689
G1 X8.392 Y22.131 E.08209
G1 X8.032 Y21.771 E.01689
G1 X6.68 Y19.698 E.08209
G1 X6.32 Y19.338 E.01689
G1 X4.247 Y17.986 E.08209
G1 X3.887 Y17.626 E.01689
G1 X2.535 Y15.553 E.08209
G1 X2.175 Y15.193 E.01689
G1 X.102 Y13.841 E.08209
G1 X-.258 Y13.481 E.01689
G1 X-1.61 Y11.408 E.08209
G1 X-1.97 Y11.048 E.01689
G1 X-4.043 Y9.696 E.08209
G1 X-4.403 Y9.336 E.01689
G1 X-5.755 Y7.263 E.08209
G1 X-6.115 Y6.903 E.01689
G1 X-8.188 Y5.551 E.08209
G1 X-8.548 Y5.191 E.01689
G1 X-9.808 Y3.26 E.07649
G1 X-5.663 Y3.26 E.1375
G1 X-4.403 Y5.191 E.07649
G1 X-4.043 Y5.551 E.01689
G1 X-1.97 Y6.903 E.08209
G1 X-1.61 Y7.263 E.01689
G1 X-.258 Y9.336 E.08209
G1 X.102 Y9.696 E.01689
G1 X2.175 Y11.048 E.08209
G1 X2.535 Y11.408 E.01689
G1 X3.887 Y13.481 E.08209
G1 X4.247 Y13.841 E.01689
G1 X6.32 Y15.193 E.08209
G1 X6.68 Y15.553 E.01689
G1 X8.032 Y17.626 E.08209
G1 X8.392 Y17.986 E.01689
G1 X10.465 Y19.338 E.08209
G1 X10.825 Y19.698 E.01689
G1 X12.177 Y21.771 E.08209
G1 X12.396 Y21.989 E.01025
G1 X12.396 Y17.844 E.1375
G1 X12.177 Y17.626 E.01025
G1 X10.825 Y15.553 E.08209
G1 X10.465 Y15.193 E.01689
G1 X8.392 Y13.841 E.08209
G1 X8.032 Y13.481 E.01689
G1 X6.68 Y11.408 E.08209
G1 X6.32 Y11.048 E.01689
G1 X4.247 Y9.696 E.08209
G1 X3.887 Y9.336 E.01689
G1 X2.535 Y7.263 E.08209
G1 X2.175 Y6.903 E.01689
G1 X.102 Y5.551 E.08209
G1 X-.258 Y5.191 E.01689
G1 X-1.518 Y3.26 E.07649
G1 X2.627 Y3.26 E.1375
G1 X3.887 Y5.191 E.07649
G1 X4.247 Y5.551 E.01689
G1 X6.32 Y6.903 E.08209
G1 X6.68 Y7.263 E.01689
G1 X8.032 Y9.336 E.08209
G1 X8.392 Y9.696 E.01689
G1 X10.465 Y11.048 E.08209
G1 X10.825 Y11.408 E.01689
G1 X12.177 Y13.481 E.08209
G1 X12.396 Y13.699 E.01025
G1 X12.396 Y9.554 E.1375
G1 X12.177 Y9.336 E.01025
G1 X10.825 Y7.263 E.08209
G1 X10.465 Y6.903 E.01689
G1 X8.392 Y5.551 E.08209
G1 X8.032 Y5.191 E.01689
G1 X6.772 Y3.26 E.07649
G1 X10.917 Y3.26 E.1375
G1 X12.177 Y5.191 E.07649
G1 X12.396 Y5.409 E.01025
G1 X12.396 Y7.038 E.05401
;LAYER_CHANGE
;Z:17.2
;HEIGHT:0.200001
;BEFORE_LAYER_CHANGE
;17.2
G1 E-.8 F2100
;WIPE_START
G1 F16200
G1 X12.396 Y5.409
G1 X12.177 Y5.191
G1 X12.143 Y5.138
;WIPE_END
;AFTER_LAYER_CHANGE
;17.2
;_SET_FAN_SPEED_CHANGING_LAYER
G1 F30000
G1 X11.6354 Y5.42372 Z17.2308
G1 X11.0532 Y5.44057 Z17.2615
G1 X10.5298 Y5.1849 Z17.2923
G1 X10.1852 Y4.7153 Z17.3231
G1 X10.0983 Y4.13935 Z17.3538
G1 X10.289 Y3.58897 Z17.3846
G1 X10.7136 Y3.19027 Z17.4154
G1 X11.2749 Y3.03458 Z17.4462
G1 X11.8442 Y3.15756 Z17.4769
G1 X12.2912 Y3.53105 Z17.5077
G1 X12.5134 Y4.06947 Z17.5385
G1 X12.46 Y4.64949 Z17.5692
G1 X12.1431 Y5.13823 Z17.6
G1 X-14.475 Y30.13 Z17.6
G1 Z17.2
G1 E.8 F2100
SET_VELOCITY_LIMIT ACCEL=5000
;TYPE:Inner wall
G1 F7671
G1 X-14.475 Y3.049 E.89835
G1 X12.607 Y3.049 E.89835
M73 P84 R3
G1 X12.607 Y30.13 E.89835
G1 X-14.435 Y30.13 E.89702
SET_VELOCITY_LIMIT ACCEL=10000
G1 X-14.882 Y30.537 F30000
SET_VELOCITY_LIMIT ACCEL=5000
G1 F7671
G1 X-14.882 Y2.642 E.92536
G1 X13.014 Y2.642 E.92536
G1 X13.014 Y30.537 E.92536
G1 X-14.842 Y30.537 E.92403
SET_VELOCITY_LIMIT ACCEL=10000
G1 X-15.289 Y30.944 F30000
SET_VELOCITY_LIMIT ACCEL=5000
G1 F7671
G1 X-15.289 Y2.234 E.95236
G1 X13.421 Y2.234 E.95236
G1 X13.421 Y30.944 E.95236
G1 X-15.249 Y30.944 E.95104
G1 X-15.724 Y31.379 F30000
;TYPE:Outer wall
;WIDTH:0.42
G1 F7671
G1 X-15.724 Y1.799 E.90891
G1 X13.856 Y1.799 E.90891
M73 P84 R2
G1 X13.856 Y31.379 E.90891
G1 X-15.684 Y31.379 E.90768
SET_VELOCITY_LIMIT ACCEL=10000
G1 E-.8 F2100
;WIPE_START
G1 F12000
G1 X-15.687 Y29.379
;WIPE_END
G1 X-10.846 Y29.919 Z17.6 F30000
G1 Z17.2
G1 E.8 F2100
;TYPE:Sparse infill
;WIDTH:0.45
G1 F7671
G1 X-12.474 Y29.919 E.05401
G1 X-14.264 Y28.13 E.08395
G1 X-14.264 Y23.985 E.1375
G1 X-8.329 Y29.919 E.2784
G1 X-4.184 Y29.919 E.1375
G1 X-14.264 Y19.84 E.47285
G1 X-14.264 Y18.211 E.05401
G1 X1.589 Y29.919 F30000
G1 F7671
G1 X-.039 Y29.919 E.05401
G1 X-14.264 Y15.695 E.6673
G1 X-14.264 Y11.55 E.1375
G1 X4.106 Y29.919 E.86175
G1 X8.251 Y29.919 E.1375
G1 X-14.264 Y7.405 E1.05621
G1 X-14.264 Y3.26 E.1375
G1 X12.396 Y29.919 E1.25066
G1 X12.396 Y25.774 E.1375
G1 X-10.119 Y3.26 E1.05621
G1 X-5.974 Y3.26 E.1375
G1 X12.396 Y21.629 E.86175
G1 X12.396 Y17.484 E.1375
G1 X-1.829 Y3.26 E.6673
G1 X2.316 Y3.26 E.1375
G1 X12.396 Y13.339 E.47285
G1 X12.396 Y9.194 E.1375
G1 X6.461 Y3.26 E.2784
G1 X10.606 Y3.26 E.1375
G1 X12.396 Y5.049 E.08395
G1 X12.396 Y6.677 E.05401
;LAYER_CHANGE
;Z:17.4
;HEIGHT:0.199999
;BEFORE_LAYER_CHANGE
;17.4
G1 E-.8 F2100
;WIPE_START
G1 F16200
G1 X12.396 Y5.049
G1 X12.133 Y4.786
;WIPE_END
;AFTER_LAYER_CHANGE
;17.4
;_SET_FAN_SPEED_CHANGING_LAYER
G1 F30000
G1 X11.6274 Y5.07545 Z17.4308
G1 X11.0453 Y5.09646 Z17.4615
G1 X10.5201 Y4.84456 Z17.4923
G1 X10.1721 Y4.37744 Z17.5231
G1 X10.0811 Y3.80212 Z17.5538
G1 X10.2679 Y3.2504 Z17.5846
G1 X10.6896 Y2.84866 Z17.6154
G1 X11.2498 Y2.68895 Z17.6462
G1 X11.82 Y2.80785 Z17.6769
G1 X12.2696 Y3.17812 Z17.7077
G1 X12.4957 Y3.71494 Z17.7385
G1 X12.4464 Y4.29532 Z17.7692
G1 X12.133 Y4.78632 Z17.8
G1 X-14.475 Y30.13 Z17.8
G1 Z17.4
G1 E.8 F2100
SET_VELOCITY_LIMIT ACCEL=5000
;TYPE:Inner wall
G1 F7671
G1 X-14.475 Y3.049 E.89835
G1 X12.607 Y3.049 E.89835
G1 X12.607 Y30.13 E.89835
G1 X-14.435 Y30.13 E.89702
SET_VELOCITY_LIMIT ACCEL=10000
G1 X-14.882 Y30.537 F30000
SET_VELOCITY_LIMIT ACCEL=5000
G1 F7671
G1 X-14.882 Y2.642 E.92536
G1 X13.014 Y2.642 E.92536
G1 X13.014 Y30.537 E.92536
G1 X-14.842 Y30.537 E.92403
SET_VELOCITY_LIMIT ACCEL=10000
G1 X-15.289 Y30.944 F30000
SET_VELOCITY_LIMIT ACCEL=5000
G1 F7671
G1 X-15.289 Y2.234 E.95236
G1 X13.421 Y2.234 E.95236
G1 X13.421 Y30.944 E.95236
G1 X-15.249 Y30.944 E.95104
G1 X-15.724 Y31.379 F30000
;TYPE:Outer wall
;WIDTH:0.42
G1 F7671
G1 X-15.724 Y1.799 E.90891
G1 X13.856 Y1.799 E.90891
G1 X13.856 Y31.379 E.90891
G1 X-15.684 Y31.379 E.90768
SET_VELOCITY_LIMIT ACCEL=10000
G1 E-.8 F2100
;WIPE_START
G1 F12000
G1 X-15.687 Y29.379
;WIPE_END
G1 X-10.846 Y29.919 Z17.8 F30000
G1 Z17.4
G1 E.8 F2100
;TYPE:Sparse infill
;WIDTH:0.45
G1 F7671
G1 X-12.474 Y29.919 E.05401
G1 X-14.264 Y28.13 E.08395
G1 X-14.264 Y23.985 E.1375
G1 X-8.329 Y29.919 E.2784
G1 X-4.184 Y29.919 E.1375
G1 X-14.264 Y19.84 E.47285
M73 P85 R2
G1 X-14.264 Y18.211 E.05401
G1 X1.589 Y29.919 F30000
G1 F7671
G1 X-.039 Y29.919 E.05401
G1 X-14.264 Y15.695 E.6673
G1 X-14.264 Y11.55 E.1375
G1 X4.106 Y29.919 E.86175
G1 X8.251 Y29.919 E.1375
G1 X-14.264 Y7.405 E1.05621
G1 X-14.264 Y3.26 E.1375
G1 X12.396 Y29.919 E1.25066
G1 X12.396 Y25.774 E.1375
G1 X-10.119 Y3.26 E1.05621
G1 X-5.974 Y3.26 E.1375
G1 X12.396 Y21.629 E.86175
G1 X12.396 Y17.484 E.1375
G1 X-1.829 Y3.26 E.6673
G1 X2.316 Y3.26 E.1375
G1 X12.396 Y13.339 E.47285
G1 X12.396 Y9.194 E.1375
G1 X6.461 Y3.26 E.2784
G1 X10.606 Y3.26 E.1375
G1 X12.396 Y5.049 E.08395
G1 X12.396 Y6.677 E.05401
;LAYER_CHANGE
;Z:17.6
;HEIGHT:0.200001
;BEFORE_LAYER_CHANGE
;17.6
G1 E-.8 F2100
;WIPE_START
G1 F16200
G1 X12.396 Y5.049
G1 X12.133 Y4.786
;WIPE_END
;AFTER_LAYER_CHANGE
;17.6
;_SET_FAN_SPEED_CHANGING_LAYER
G1 F30000
G1 X11.6274 Y5.07545 Z17.6308
G1 X11.0453 Y5.09646 Z17.6615
G1 X10.5201 Y4.84456 Z17.6923
G1 X10.1721 Y4.37744 Z17.7231
G1 X10.0811 Y3.80212 Z17.7538
G1 X10.2679 Y3.2504 Z17.7846
G1 X10.6896 Y2.84866 Z17.8154
G1 X11.2498 Y2.68895 Z17.8462
G1 X11.82 Y2.80785 Z17.8769
G1 X12.2696 Y3.17812 Z17.9077
G1 X12.4957 Y3.71494 Z17.9385
G1 X12.4464 Y4.29532 Z17.9692
G1 X12.133 Y4.78632 Z18
G1 X-14.475 Y30.13 Z18
G1 Z17.6
G1 E.8 F2100
SET_VELOCITY_LIMIT ACCEL=5000
;TYPE:Inner wall
G1 F7671
G1 X-14.475 Y3.049 E.89835
G1 X12.607 Y3.049 E.89835
G1 X12.607 Y30.13 E.89835
G1 X-14.435 Y30.13 E.89702
SET_VELOCITY_LIMIT ACCEL=10000
G1 X-14.882 Y30.537 F30000
SET_VELOCITY_LIMIT ACCEL=5000
G1 F7671
G1 X-14.882 Y2.642 E.92536
G1 X13.014 Y2.642 E.92536
G1 X13.014 Y30.537 E.92536
G1 X-14.842 Y30.537 E.92403
SET_VELOCITY_LIMIT ACCEL=10000
G1 X-15.289 Y30.944 F30000
SET_VELOCITY_LIMIT ACCEL=5000
G1 F7671
G1 X-15.289 Y2.234 E.95236
G1 X13.421 Y2.234 E.95236
G1 X13.421 Y30.944 E.95236
G1 X-15.249 Y30.944 E.95104
G1 X-15.724 Y31.379 F30000
;TYPE:Outer wall
;WIDTH:0.42
G1 F7671
G1 X-15.724 Y1.799 E.90891
G1 X13.856 Y1.799 E.90891
G1 X13.856 Y31.379 E.90891
G1 X-15.684 Y31.379 E.90768
SET_VELOCITY_LIMIT ACCEL=10000
G1 E-.8 F2100
;WIPE_START
G1 F12000
G1 X-15.687 Y29.379
;WIPE_END
G1 X-10.846 Y29.919 Z18 F30000
G1 Z17.6
G1 E.8 F2100
;TYPE:Sparse infill
;WIDTH:0.45
G1 F7671
G1 X-12.474 Y29.919 E.05401
G1 X-14.264 Y28.13 E.08395
G1 X-14.264 Y23.985 E.1375
G1 X-8.329 Y29.919 E.2784
G1 X-4.184 Y29.919 E.1375
G1 X-14.264 Y19.84 E.47285
G1 X-14.264 Y18.211 E.05401
G1 X1.589 Y29.919 F30000
G1 F7671
G1 X-.039 Y29.919 E.05401
G1 X-14.264 Y15.695 E.6673
G1 X-14.264 Y11.55 E.1375
G1 X4.106 Y29.919 E.86175
G1 X8.251 Y29.919 E.1375
G1 X-14.264 Y7.405 E1.05621
G1 X-14.264 Y3.26 E.1375
G1 X12.396 Y29.919 E1.25066
G1 X12.396 Y25.774 E.1375
G1 X-10.119 Y3.26 E1.05621
G1 X-5.974 Y3.26 E.1375
G1 X12.396 Y21.629 E.86175
G1 X12.396 Y17.484 E.1375
G1 X-1.829 Y3.26 E.6673
G1 X2.316 Y3.26 E.1375
G1 X12.396 Y13.339 E.47285
G1 X12.396 Y9.194 E.1375
G1 X6.461 Y3.26 E.2784
G1 X10.606 Y3.26 E.1375
G1 X12.396 Y5.049 E.08395
G1 X12.396 Y6.677 E.05401
;LAYER_CHANGE
;Z:17.8
;HEIGHT:0.199999
;BEFORE_LAYER_CHANGE
;17.8
G1 E-.8 F2100
;WIPE_START
G1 F16200
G1 X12.396 Y5.049
G1 X12.133 Y4.786
;WIPE_END
;AFTER_LAYER_CHANGE
;17.8
;_SET_FAN_SPEED_CHANGING_LAYER
G1 F30000
G1 X11.6274 Y5.07545 Z17.8308
G1 X11.0453 Y5.09646 Z17.8615
G1 X10.5201 Y4.84456 Z17.8923
G1 X10.1721 Y4.37744 Z17.9231
G1 X10.0811 Y3.80212 Z17.9538
G1 X10.2679 Y3.2504 Z17.9846
G1 X10.6896 Y2.84866 Z18.0154
G1 X11.2498 Y2.68895 Z18.0462
G1 X11.82 Y2.80785 Z18.0769
G1 X12.2696 Y3.17812 Z18.1077
G1 X12.4957 Y3.71494 Z18.1385
G1 X12.4464 Y4.29532 Z18.1692
G1 X12.133 Y4.78632 Z18.2
G1 X-14.475 Y30.13 Z18.2
G1 Z17.8
G1 E.8 F2100
SET_VELOCITY_LIMIT ACCEL=5000
;TYPE:Inner wall
G1 F7671
G1 X-14.475 Y3.049 E.89835
G1 X12.607 Y3.049 E.89835
G1 X12.607 Y30.13 E.89835
G1 X-14.435 Y30.13 E.89702
SET_VELOCITY_LIMIT ACCEL=10000
G1 X-14.882 Y30.537 F30000
SET_VELOCITY_LIMIT ACCEL=5000
G1 F7671
G1 X-14.882 Y2.642 E.92536
G1 X13.014 Y2.642 E.92536
M73 P86 R2
G1 X13.014 Y30.537 E.92536
G1 X-14.842 Y30.537 E.92403
SET_VELOCITY_LIMIT ACCEL=10000
G1 X-15.289 Y30.944 F30000
SET_VELOCITY_LIMIT ACCEL=5000
G1 F7671
G1 X-15.289 Y2.234 E.95236
G1 X13.421 Y2.234 E.95236
G1 X13.421 Y30.944 E.95236
G1 X-15.249 Y30.944 E.95104
G1 X-15.724 Y31.379 F30000
;TYPE:Outer wall
;WIDTH:0.42
G1 F7671
G1 X-15.724 Y1.799 E.90891
G1 X13.856 Y1.799 E.90891
G1 X13.856 Y31.379 E.90891
G1 X-15.684 Y31.379 E.90768
SET_VELOCITY_LIMIT ACCEL=10000
G1 E-.8 F2100
;WIPE_START
G1 F12000
G1 X-15.687 Y29.379
;WIPE_END
G1 X-10.846 Y29.919 Z18.2 F30000
G1 Z17.8
G1 E.8 F2100
;TYPE:Sparse infill
;WIDTH:0.45
G1 F7671
G1 X-12.474 Y29.919 E.05401
G1 X-14.264 Y28.13 E.08395
G1 X-14.264 Y23.985 E.1375
G1 X-8.329 Y29.919 E.2784
G1 X-4.184 Y29.919 E.1375
G1 X-14.264 Y19.84 E.47285
G1 X-14.264 Y18.211 E.05401
G1 X1.589 Y29.919 F30000
G1 F7671
G1 X-.039 Y29.919 E.05401
G1 X-14.264 Y15.695 E.6673
G1 X-14.264 Y11.55 E.1375
G1 X4.106 Y29.919 E.86175
G1 X8.251 Y29.919 E.1375
G1 X-14.264 Y7.405 E1.05621
G1 X-14.264 Y3.26 E.1375
G1 X12.396 Y29.919 E1.25066
G1 X12.396 Y25.774 E.1375
G1 X-10.119 Y3.26 E1.05621
G1 X-5.974 Y3.26 E.1375
G1 X12.396 Y21.629 E.86175
G1 X12.396 Y17.484 E.1375
G1 X-1.829 Y3.26 E.6673
G1 X2.316 Y3.26 E.1375
G1 X12.396 Y13.339 E.47285
G1 X12.396 Y9.194 E.1375
G1 X6.461 Y3.26 E.2784
G1 X10.606 Y3.26 E.1375
G1 X12.396 Y5.049 E.08395
G1 X12.396 Y6.677 E.05401
;LAYER_CHANGE
;Z:18
;HEIGHT:0.200001
;BEFORE_LAYER_CHANGE
;18
G1 E-.8 F2100
;WIPE_START
G1 F16200
G1 X12.396 Y5.049
G1 X12.133 Y4.786
;WIPE_END
;AFTER_LAYER_CHANGE
;18
;_SET_FAN_SPEED_CHANGING_LAYER
G1 F30000
G1 X11.6274 Y5.07545 Z18.0308
G1 X11.0453 Y5.09646 Z18.0615
G1 X10.5201 Y4.84456 Z18.0923
G1 X10.1721 Y4.37744 Z18.1231
G1 X10.0811 Y3.80212 Z18.1538
G1 X10.2679 Y3.2504 Z18.1846
G1 X10.6896 Y2.84866 Z18.2154
G1 X11.2498 Y2.68895 Z18.2462
G1 X11.82 Y2.80785 Z18.2769
G1 X12.2696 Y3.17812 Z18.3077
G1 X12.4957 Y3.71494 Z18.3385
G1 X12.4464 Y4.29532 Z18.3692
G1 X12.133 Y4.78632 Z18.4
G1 X-14.475 Y30.13 Z18.4
G1 Z18
G1 E.8 F2100
SET_VELOCITY_LIMIT ACCEL=5000
;TYPE:Inner wall
G1 F7671
G1 X-14.475 Y3.049 E.89835
G1 X12.607 Y3.049 E.89835
G1 X12.607 Y30.13 E.89835
G1 X-14.435 Y30.13 E.89702
SET_VELOCITY_LIMIT ACCEL=10000
G1 X-14.882 Y30.537 F30000
SET_VELOCITY_LIMIT ACCEL=5000
G1 F7671
G1 X-14.882 Y2.642 E.92536
G1 X13.014 Y2.642 E.92536
G1 X13.014 Y30.537 E.92536
G1 X-14.842 Y30.537 E.92403
SET_VELOCITY_LIMIT ACCEL=10000
G1 X-15.289 Y30.944 F30000
SET_VELOCITY_LIMIT ACCEL=5000
G1 F7671
G1 X-15.289 Y2.234 E.95236
G1 X13.421 Y2.234 E.95236
G1 X13.421 Y30.944 E.95236
G1 X-15.249 Y30.944 E.95104
G1 X-15.724 Y31.379 F30000
;TYPE:Outer wall
;WIDTH:0.42
G1 F7671
G1 X-15.724 Y1.799 E.90891
G1 X13.856 Y1.799 E.90891
G1 X13.856 Y31.379 E.90891
G1 X-15.684 Y31.379 E.90768
SET_VELOCITY_LIMIT ACCEL=10000
G1 E-.8 F2100
;WIPE_START
G1 F12000
G1 X-15.687 Y29.379
;WIPE_END
G1 X-10.846 Y29.919 Z18.4 F30000
G1 Z18
G1 E.8 F2100
;TYPE:Sparse infill
;WIDTH:0.45
G1 F7671
G1 X-12.474 Y29.919 E.05401
G1 X-14.264 Y28.13 E.08395
G1 X-14.264 Y23.985 E.1375
G1 X-8.329 Y29.919 E.2784
G1 X-4.184 Y29.919 E.1375
G1 X-14.264 Y19.84 E.47285
G1 X-14.264 Y18.211 E.05401
G1 X1.589 Y29.919 F30000
G1 F7671
G1 X-.039 Y29.919 E.05401
G1 X-14.264 Y15.695 E.6673
G1 X-14.264 Y11.55 E.1375
G1 X4.106 Y29.919 E.86175
G1 X8.251 Y29.919 E.1375
G1 X-14.264 Y7.405 E1.05621
G1 X-14.264 Y3.26 E.1375
M73 P87 R2
G1 X12.396 Y29.919 E1.25066
G1 X12.396 Y25.774 E.1375
G1 X-10.119 Y3.26 E1.05621
G1 X-5.974 Y3.26 E.1375
G1 X12.396 Y21.629 E.86175
G1 X12.396 Y17.484 E.1375
G1 X-1.829 Y3.26 E.6673
G1 X2.316 Y3.26 E.1375
G1 X12.396 Y13.339 E.47285
G1 X12.396 Y9.194 E.1375
G1 X6.461 Y3.26 E.2784
G1 X10.606 Y3.26 E.1375
G1 X12.396 Y5.049 E.08395
G1 X12.396 Y6.677 E.05401
;LAYER_CHANGE
;Z:18.2
;HEIGHT:0.200001
;BEFORE_LAYER_CHANGE
;18.2
G1 E-.8 F2100
;WIPE_START
G1 F16200
G1 X12.396 Y5.049
G1 X12.133 Y4.786
;WIPE_END
;AFTER_LAYER_CHANGE
;18.2
;_SET_FAN_SPEED_CHANGING_LAYER
G1 F30000
G1 X11.6274 Y5.07545 Z18.2308
G1 X11.0453 Y5.09646 Z18.2615
G1 X10.5201 Y4.84456 Z18.2923
G1 X10.1721 Y4.37744 Z18.3231
G1 X10.0811 Y3.80212 Z18.3538
G1 X10.2679 Y3.2504 Z18.3846
G1 X10.6896 Y2.84866 Z18.4154
G1 X11.2498 Y2.68895 Z18.4462
G1 X11.82 Y2.80785 Z18.4769
G1 X12.2696 Y3.17812 Z18.5077
G1 X12.4957 Y3.71494 Z18.5385
G1 X12.4464 Y4.29532 Z18.5692
G1 X12.133 Y4.78632 Z18.6
G1 X-14.475 Y30.13 Z18.6
G1 Z18.2
G1 E.8 F2100
SET_VELOCITY_LIMIT ACCEL=5000
;TYPE:Inner wall
G1 F7671
G1 X-14.475 Y3.049 E.89835
G1 X12.607 Y3.049 E.89835
G1 X12.607 Y30.13 E.89835
G1 X-14.435 Y30.13 E.89702
SET_VELOCITY_LIMIT ACCEL=10000
G1 X-14.882 Y30.537 F30000
SET_VELOCITY_LIMIT ACCEL=5000
G1 F7671
G1 X-14.882 Y2.642 E.92536
G1 X13.014 Y2.642 E.92536
G1 X13.014 Y30.537 E.92536
G1 X-14.842 Y30.537 E.92403
SET_VELOCITY_LIMIT ACCEL=10000
G1 X-15.289 Y30.944 F30000
SET_VELOCITY_LIMIT ACCEL=5000
G1 F7671
G1 X-15.289 Y2.234 E.95236
G1 X13.421 Y2.234 E.95236
G1 X13.421 Y30.944 E.95236
G1 X-15.249 Y30.944 E.95104
G1 X-15.724 Y31.379 F30000
;TYPE:Outer wall
;WIDTH:0.42
G1 F7671
G1 X-15.724 Y1.799 E.90891
G1 X13.856 Y1.799 E.90891
G1 X13.856 Y31.379 E.90891
G1 X-15.684 Y31.379 E.90768
SET_VELOCITY_LIMIT ACCEL=10000
G1 E-.8 F2100
;WIPE_START
G1 F12000
G1 X-15.687 Y29.379
;WIPE_END
G1 X-10.846 Y29.919 Z18.6 F30000
G1 Z18.2
G1 E.8 F2100
;TYPE:Sparse infill
;WIDTH:0.45
G1 F7671
G1 X-12.474 Y29.919 E.05401
G1 X-14.264 Y28.13 E.08395
G1 X-14.264 Y23.985 E.1375
G1 X-8.329 Y29.919 E.2784
G1 X-4.184 Y29.919 E.1375
G1 X-14.264 Y19.84 E.47285
G1 X-14.264 Y18.211 E.05401
G1 X1.589 Y29.919 F30000
G1 F7671
G1 X-.039 Y29.919 E.05401
G1 X-14.264 Y15.695 E.6673
G1 X-14.264 Y11.55 E.1375
G1 X4.106 Y29.919 E.86175
G1 X8.251 Y29.919 E.1375
G1 X-14.264 Y7.405 E1.05621
G1 X-14.264 Y3.26 E.1375
G1 X12.396 Y29.919 E1.25066
G1 X12.396 Y25.774 E.1375
G1 X-10.119 Y3.26 E1.05621
G1 X-5.974 Y3.26 E.1375
G1 X12.396 Y21.629 E.86175
G1 X12.396 Y17.484 E.1375
G1 X-1.829 Y3.26 E.6673
G1 X2.316 Y3.26 E.1375
G1 X12.396 Y13.339 E.47285
G1 X12.396 Y9.194 E.1375
G1 X6.461 Y3.26 E.2784
G1 X10.606 Y3.26 E.1375
G1 X12.396 Y5.049 E.08395
G1 X12.396 Y6.677 E.05401
;LAYER_CHANGE
;Z:18.4
;HEIGHT:0.199999
;BEFORE_LAYER_CHANGE
;18.4
G1 E-.8 F2100
;WIPE_START
G1 F16200
G1 X12.396 Y5.049
G1 X12.133 Y4.786
;WIPE_END
;AFTER_LAYER_CHANGE
;18.4
;_SET_FAN_SPEED_CHANGING_LAYER
G1 F30000
G1 X11.6274 Y5.07545 Z18.4308
G1 X11.0453 Y5.09646 Z18.4615
G1 X10.5201 Y4.84456 Z18.4923
G1 X10.1721 Y4.37744 Z18.5231
G1 X10.0811 Y3.80212 Z18.5538
G1 X10.2679 Y3.2504 Z18.5846
G1 X10.6896 Y2.84866 Z18.6154
G1 X11.2498 Y2.68895 Z18.6462
G1 X11.82 Y2.80785 Z18.6769
G1 X12.2696 Y3.17812 Z18.7077
G1 X12.4957 Y3.71494 Z18.7385
G1 X12.4464 Y4.29532 Z18.7692
G1 X12.133 Y4.78632 Z18.8
G1 X-14.475 Y30.13 Z18.8
G1 Z18.4
G1 E.8 F2100
SET_VELOCITY_LIMIT ACCEL=5000
;TYPE:Inner wall
G1 F7671
G1 X-14.475 Y3.049 E.89835
G1 X12.607 Y3.049 E.89835
G1 X12.607 Y30.13 E.89835
G1 X-14.435 Y30.13 E.89702
SET_VELOCITY_LIMIT ACCEL=10000
G1 X-14.882 Y30.537 F30000
SET_VELOCITY_LIMIT ACCEL=5000
G1 F7671
G1 X-14.882 Y2.642 E.92536
G1 X13.014 Y2.642 E.92536
G1 X13.014 Y30.537 E.92536
G1 X-14.842 Y30.537 E.92403
SET_VELOCITY_LIMIT ACCEL=10000
G1 X-15.289 Y30.944 F30000
SET_VELOCITY_LIMIT ACCEL=5000
G1 F7671
G1 X-15.289 Y2.234 E.95236
G1 X13.421 Y2.234 E.95236
M73 P88 R2
G1 X13.421 Y30.944 E.95236
G1 X-15.249 Y30.944 E.95104
G1 X-15.724 Y31.379 F30000
;TYPE:Outer wall
;WIDTH:0.42
G1 F7671
G1 X-15.724 Y1.799 E.90891
G1 X13.856 Y1.799 E.90891
G1 X13.856 Y31.379 E.90891
G1 X-15.684 Y31.379 E.90768
SET_VELOCITY_LIMIT ACCEL=10000
G1 E-.8 F2100
;WIPE_START
G1 F12000
G1 X-15.687 Y29.379
;WIPE_END
G1 X-10.846 Y29.919 Z18.8 F30000
G1 Z18.4
G1 E.8 F2100
;TYPE:Sparse infill
;WIDTH:0.45
G1 F7671
G1 X-12.474 Y29.919 E.05401
G1 X-14.264 Y28.13 E.08395
G1 X-14.264 Y23.985 E.1375
G1 X-8.329 Y29.919 E.2784
G1 X-4.184 Y29.919 E.1375
G1 X-14.264 Y19.84 E.47285
G1 X-14.264 Y18.211 E.05401
G1 X1.589 Y29.919 F30000
G1 F7671
G1 X-.039 Y29.919 E.05401
G1 X-14.264 Y15.695 E.6673
G1 X-14.264 Y11.55 E.1375
G1 X4.106 Y29.919 E.86175
G1 X8.251 Y29.919 E.1375
G1 X-14.264 Y7.405 E1.05621
G1 X-14.264 Y3.26 E.1375
G1 X12.396 Y29.919 E1.25066
G1 X12.396 Y25.774 E.1375
G1 X-10.119 Y3.26 E1.05621
G1 X-5.974 Y3.26 E.1375
G1 X12.396 Y21.629 E.86175
G1 X12.396 Y17.484 E.1375
G1 X-1.829 Y3.26 E.6673
G1 X2.316 Y3.26 E.1375
G1 X12.396 Y13.339 E.47285
G1 X12.396 Y9.194 E.1375
G1 X6.461 Y3.26 E.2784
G1 X10.606 Y3.26 E.1375
G1 X12.396 Y5.049 E.08395
G1 X12.396 Y6.677 E.05401
;LAYER_CHANGE
;Z:18.6
;HEIGHT:0.200001
;BEFORE_LAYER_CHANGE
;18.6
G1 E-.8 F2100
;WIPE_START
G1 F16200
G1 X12.396 Y5.049
G1 X12.133 Y4.786
;WIPE_END
;AFTER_LAYER_CHANGE
;18.6
;_SET_FAN_SPEED_CHANGING_LAYER
G1 F30000
G1 X11.6274 Y5.07545 Z18.6308
G1 X11.0453 Y5.09646 Z18.6615
G1 X10.5201 Y4.84456 Z18.6923
G1 X10.1721 Y4.37744 Z18.7231
G1 X10.0811 Y3.80212 Z18.7538
G1 X10.2679 Y3.2504 Z18.7846
G1 X10.6896 Y2.84866 Z18.8154
G1 X11.2498 Y2.68895 Z18.8462
G1 X11.82 Y2.80785 Z18.8769
G1 X12.2696 Y3.17812 Z18.9077
G1 X12.4957 Y3.71494 Z18.9385
G1 X12.4464 Y4.29532 Z18.9692
G1 X12.133 Y4.78632 Z19
G1 X-14.475 Y30.13 Z19
G1 Z18.6
G1 E.8 F2100
SET_VELOCITY_LIMIT ACCEL=5000
;TYPE:Inner wall
G1 F7671
G1 X-14.475 Y3.049 E.89835
G1 X12.607 Y3.049 E.89835
G1 X12.607 Y30.13 E.89835
G1 X-14.435 Y30.13 E.89702
SET_VELOCITY_LIMIT ACCEL=10000
G1 X-14.882 Y30.537 F30000
SET_VELOCITY_LIMIT ACCEL=5000
G1 F7671
G1 X-14.882 Y2.642 E.92536
G1 X13.014 Y2.642 E.92536
G1 X13.014 Y30.537 E.92536
G1 X-14.842 Y30.537 E.92403
SET_VELOCITY_LIMIT ACCEL=10000
G1 X-15.289 Y30.944 F30000
SET_VELOCITY_LIMIT ACCEL=5000
G1 F7671
G1 X-15.289 Y2.234 E.95236
G1 X13.421 Y2.234 E.95236
G1 X13.421 Y30.944 E.95236
G1 X-15.249 Y30.944 E.95104
G1 X-15.724 Y31.379 F30000
;TYPE:Outer wall
;WIDTH:0.42
G1 F7671
G1 X-15.724 Y1.799 E.90891
G1 X13.856 Y1.799 E.90891
G1 X13.856 Y31.379 E.90891
G1 X-15.684 Y31.379 E.90768
SET_VELOCITY_LIMIT ACCEL=10000
G1 E-.8 F2100
;WIPE_START
G1 F12000
G1 X-15.687 Y29.379
;WIPE_END
G1 X-10.846 Y29.919 Z19 F30000
G1 Z18.6
G1 E.8 F2100
;TYPE:Sparse infill
;WIDTH:0.45
G1 F7671
G1 X-12.474 Y29.919 E.05401
G1 X-14.264 Y28.13 E.08395
G1 X-14.264 Y23.985 E.1375
G1 X-8.329 Y29.919 E.2784
G1 X-4.184 Y29.919 E.1375
G1 X-14.264 Y19.84 E.47285
G1 X-14.264 Y18.211 E.05401
G1 X1.589 Y29.919 F30000
G1 F7671
G1 X-.039 Y29.919 E.05401
G1 X-14.264 Y15.695 E.6673
G1 X-14.264 Y11.55 E.1375
G1 X4.106 Y29.919 E.86175
G1 X8.251 Y29.919 E.1375
G1 X-14.264 Y7.405 E1.05621
G1 X-14.264 Y3.26 E.1375
G1 X12.396 Y29.919 E1.25066
G1 X12.396 Y25.774 E.1375
G1 X-10.119 Y3.26 E1.05621
G1 X-5.974 Y3.26 E.1375
G1 X12.396 Y21.629 E.86175
G1 X12.396 Y17.484 E.1375
M73 P89 R2
G1 X-1.829 Y3.26 E.6673
G1 X2.316 Y3.26 E.1375
G1 X12.396 Y13.339 E.47285
G1 X12.396 Y9.194 E.1375
G1 X6.461 Y3.26 E.2784
G1 X10.606 Y3.26 E.1375
G1 X12.396 Y5.049 E.08395
G1 X12.396 Y6.677 E.05401
;LAYER_CHANGE
;Z:18.8
;HEIGHT:0.199999
;BEFORE_LAYER_CHANGE
;18.8
G1 E-.8 F2100
;WIPE_START
G1 F16200
G1 X12.396 Y5.049
G1 X12.133 Y4.786
;WIPE_END
;AFTER_LAYER_CHANGE
;18.8
;_SET_FAN_SPEED_CHANGING_LAYER
G1 F30000
G1 X11.6274 Y5.07545 Z18.8308
G1 X11.0453 Y5.09646 Z18.8615
G1 X10.5201 Y4.84456 Z18.8923
G1 X10.1721 Y4.37744 Z18.9231
G1 X10.0811 Y3.80212 Z18.9538
G1 X10.2679 Y3.2504 Z18.9846
G1 X10.6896 Y2.84866 Z19.0154
G1 X11.2498 Y2.68895 Z19.0462
G1 X11.82 Y2.80785 Z19.0769
G1 X12.2696 Y3.17812 Z19.1077
G1 X12.4957 Y3.71494 Z19.1385
G1 X12.4464 Y4.29532 Z19.1692
G1 X12.133 Y4.78632 Z19.2
G1 X-14.475 Y30.13 Z19.2
G1 Z18.8
G1 E.8 F2100
SET_VELOCITY_LIMIT ACCEL=5000
;TYPE:Inner wall
G1 F7718
G1 X-14.475 Y3.049 E.89835
G1 X12.607 Y3.049 E.89835
G1 X12.607 Y30.13 E.89835
G1 X-14.435 Y30.13 E.89702
SET_VELOCITY_LIMIT ACCEL=10000
G1 X-14.882 Y30.537 F30000
SET_VELOCITY_LIMIT ACCEL=5000
G1 F7718
G1 X-14.882 Y2.642 E.92536
G1 X13.014 Y2.642 E.92536
G1 X13.014 Y30.537 E.92536
G1 X-14.842 Y30.537 E.92403
SET_VELOCITY_LIMIT ACCEL=10000
G1 X-15.289 Y30.944 F30000
SET_VELOCITY_LIMIT ACCEL=5000
G1 F7718
G1 X-15.289 Y2.234 E.95236
G1 X13.421 Y2.234 E.95236
G1 X13.421 Y30.944 E.95236
G1 X-15.249 Y30.944 E.95104
G1 X-15.724 Y31.379 F30000
;TYPE:Outer wall
;WIDTH:0.42
G1 F7718
G1 X-15.724 Y1.799 E.90891
G1 X13.856 Y1.799 E.90891
G1 X13.856 Y31.379 E.90891
G1 X-15.684 Y31.379 E.90768
SET_VELOCITY_LIMIT ACCEL=10000
G1 E-.8 F2100
;WIPE_START
G1 F12000
G1 X-15.687 Y29.379
;WIPE_END
G1 X-14.264 Y25.999 Z19.2 F30000
G1 Z18.8
G1 E.8 F2100
;TYPE:Sparse infill
;WIDTH:0.45
G1 F7718
G1 X-14.264 Y27.627 E.05401
G1 X-13.903 Y27.988 E.01694
G1 X-12.908 Y29.919 E.07205
G1 X-8.763 Y29.919 E.1375
G1 X-9.758 Y27.988 E.07205
G1 X-10.26 Y27.486 E.02358
G1 X-12.333 Y26.418 E.07733
G1 X-12.835 Y25.916 E.02358
G1 X-13.903 Y23.843 E.07733
G1 X-14.264 Y23.482 E.01694
G1 X-14.264 Y19.337 E.1375
G1 X-13.903 Y19.698 E.01694
G1 X-12.835 Y21.771 E.07733
G1 X-12.333 Y22.273 E.02358
G1 X-10.26 Y23.341 E.07733
G1 X-9.758 Y23.843 E.02358
G1 X-8.69 Y25.916 E.07733
G1 X-8.188 Y26.418 E.02358
G1 X-6.115 Y27.486 E.07733
G1 X-5.613 Y27.988 E.02358
G1 X-4.618 Y29.919 E.07205
G1 X-.473 Y29.919 E.1375
G1 X-1.468 Y27.988 E.07205
G1 X-1.97 Y27.486 E.02358
G1 X-4.043 Y26.418 E.07733
G1 X-4.545 Y25.916 E.02358
G1 X-5.613 Y23.843 E.07733
G1 X-6.115 Y23.341 E.02358
G1 X-8.188 Y22.273 E.07733
G1 X-8.69 Y21.771 E.02358
M73 P89 R1
G1 X-9.758 Y19.698 E.07733
G1 X-10.26 Y19.196 E.02358
G1 X-12.333 Y18.128 E.07733
G1 X-12.835 Y17.626 E.02358
G1 X-13.903 Y15.553 E.07733
G1 X-14.264 Y15.192 E.01694
G1 X-14.264 Y11.047 E.1375
G1 X-13.903 Y11.408 E.01694
G1 X-12.835 Y13.481 E.07733
G1 X-12.333 Y13.983 E.02358
G1 X-10.26 Y15.051 E.07733
G1 X-9.758 Y15.553 E.02358
G1 X-8.69 Y17.626 E.07733
G1 X-8.188 Y18.128 E.02358
G1 X-6.115 Y19.196 E.07733
G1 X-5.613 Y19.698 E.02358
G1 X-4.545 Y21.771 E.07733
G1 X-4.043 Y22.273 E.02358
G1 X-1.97 Y23.341 E.07733
G1 X-1.468 Y23.843 E.02358
G1 X-.4 Y25.916 E.07733
G1 X.102 Y26.418 E.02358
G1 X2.175 Y27.486 E.07733
G1 X2.677 Y27.988 E.02358
G1 X3.672 Y29.919 E.07205
G1 X7.817 Y29.919 E.1375
G1 X6.822 Y27.988 E.07205
G1 X6.32 Y27.486 E.02358
G1 X4.247 Y26.418 E.07733
G1 X3.745 Y25.916 E.02358
G1 X2.677 Y23.843 E.07733
G1 X2.175 Y23.341 E.02358
G1 X.102 Y22.273 E.07733
G1 X-.4 Y21.771 E.02358
G1 X-1.468 Y19.698 E.07733
G1 X-1.97 Y19.196 E.02358
G1 X-4.043 Y18.128 E.07733
G1 X-4.545 Y17.626 E.02358
G1 X-5.613 Y15.553 E.07733
G1 X-6.115 Y15.051 E.02358
G1 X-8.188 Y13.983 E.07733
G1 X-8.69 Y13.481 E.02358
G1 X-9.758 Y11.408 E.07733
G1 X-10.26 Y10.906 E.02358
G1 X-12.333 Y9.838 E.07733
G1 X-12.835 Y9.336 E.02358
G1 X-13.903 Y7.263 E.07733
G1 X-14.264 Y6.902 E.01694
G1 X-14.264 Y3.26 E.12083
G1 X-13.83 Y3.26 E.0144
G1 X-12.835 Y5.191 E.07205
G1 X-12.333 Y5.693 E.02358
G1 X-10.26 Y6.761 E.07733
G1 X-9.758 Y7.263 E.02358
G1 X-8.69 Y9.336 E.07733
G1 X-8.188 Y9.838 E.02358
G1 X-6.115 Y10.906 E.07733
G1 X-5.613 Y11.408 E.02358
G1 X-4.545 Y13.481 E.07733
G1 X-4.043 Y13.983 E.02358
G1 X-1.97 Y15.051 E.07733
G1 X-1.468 Y15.553 E.02358
G1 X-.4 Y17.626 E.07733
G1 X.102 Y18.128 E.02358
G1 X2.175 Y19.196 E.07733
G1 X2.677 Y19.698 E.02358
G1 X3.745 Y21.771 E.07733
G1 X4.247 Y22.273 E.02358
G1 X6.32 Y23.341 E.07733
G1 X6.822 Y23.843 E.02358
G1 X7.89 Y25.916 E.07733
G1 X8.392 Y26.418 E.02358
G1 X10.465 Y27.486 E.07733
G1 X10.967 Y27.988 E.02358
G1 X11.962 Y29.919 E.07205
G1 X12.396 Y29.919 E.0144
G1 X12.396 Y26.277 E.12083
G1 X12.035 Y25.916 E.01694
G1 X10.967 Y23.843 E.07733
G1 X10.465 Y23.341 E.02358
G1 X8.392 Y22.273 E.07733
G1 X7.89 Y21.771 E.02358
G1 X6.822 Y19.698 E.07733
G1 X6.32 Y19.196 E.02358
G1 X4.247 Y18.128 E.07733
G1 X3.745 Y17.626 E.02358
G1 X2.677 Y15.553 E.07733
G1 X2.175 Y15.051 E.02358
G1 X.102 Y13.983 E.07733
G1 X-.4 Y13.481 E.02358
G1 X-1.468 Y11.408 E.07733
G1 X-1.97 Y10.906 E.02358
G1 X-4.043 Y9.838 E.07733
G1 X-4.545 Y9.336 E.02358
G1 X-5.613 Y7.263 E.07733
G1 X-6.115 Y6.761 E.02358
G1 X-8.188 Y5.693 E.07733
G1 X-8.69 Y5.191 E.02358
G1 X-9.685 Y3.26 E.07205
G1 X-5.54 Y3.26 E.1375
G1 X-4.545 Y5.191 E.07205
G1 X-4.043 Y5.693 E.02358
G1 X-1.97 Y6.761 E.07733
G1 X-1.468 Y7.263 E.02358
G1 X-.4 Y9.336 E.07733
G1 X.102 Y9.838 E.02358
G1 X2.175 Y10.906 E.07733
G1 X2.677 Y11.408 E.02358
G1 X3.745 Y13.481 E.07733
G1 X4.247 Y13.983 E.02358
G1 X6.32 Y15.051 E.07733
G1 X6.822 Y15.553 E.02358
G1 X7.89 Y17.626 E.07733
G1 X8.392 Y18.128 E.02358
G1 X10.465 Y19.196 E.07733
G1 X10.967 Y19.698 E.02358
G1 X12.035 Y21.771 E.07733
G1 X12.396 Y22.132 E.01694
G1 X12.396 Y17.987 E.1375
G1 X12.035 Y17.626 E.01694
G1 X10.967 Y15.553 E.07733
G1 X10.465 Y15.051 E.02358
G1 X8.392 Y13.983 E.07733
G1 X7.89 Y13.481 E.02358
G1 X6.822 Y11.408 E.07733
G1 X6.32 Y10.906 E.02358
G1 X4.247 Y9.838 E.07733
G1 X3.745 Y9.336 E.02358
G1 X2.677 Y7.263 E.07733
G1 X2.175 Y6.761 E.02358
G1 X.102 Y5.693 E.07733
G1 X-.4 Y5.191 E.02358
G1 X-1.395 Y3.26 E.07205
G1 X2.75 Y3.26 E.1375
G1 X3.745 Y5.191 E.07205
G1 X4.247 Y5.693 E.02358
G1 X6.32 Y6.761 E.07733
G1 X6.822 Y7.263 E.02358
G1 X7.89 Y9.336 E.07733
G1 X8.392 Y9.838 E.02358
G1 X10.465 Y10.906 E.07733
G1 X10.967 Y11.408 E.02358
G1 X12.035 Y13.481 E.07733
G1 X12.396 Y13.842 E.01694
G1 X12.396 Y9.697 E.1375
G1 X12.035 Y9.336 E.01694
G1 X10.967 Y7.263 E.07733
G1 X10.465 Y6.761 E.02358
G1 X8.392 Y5.693 E.07733
G1 X7.89 Y5.191 E.02358
G1 X6.895 Y3.26 E.07205
G1 X11.04 Y3.26 E.1375
G1 X12.035 Y5.191 E.07205
G1 X12.396 Y5.552 E.01694
G1 X12.396 Y7.18 E.05401
;LAYER_CHANGE
;Z:19
;HEIGHT:0.200001
;BEFORE_LAYER_CHANGE
;19
G1 E-.8 F2100
;WIPE_START
G1 F16200
G1 X12.396 Y5.552
G1 X12.133 Y5.289
;WIPE_END
;AFTER_LAYER_CHANGE
;19
;_SET_FAN_SPEED_CHANGING_LAYER
G1 F30000
G1 X11.6245 Y5.57298 Z19.0308
G1 X11.0422 Y5.58817 Z19.0615
G1 X10.5196 Y5.33103 Z19.0923
G1 X10.1763 Y4.86046 Z19.1231
G1 X10.091 Y4.28426 Z19.1538
G1 X10.2833 Y3.73443 Z19.1846
G1 X10.7091 Y3.33693 Z19.2154
G1 X11.2708 Y3.18283 Z19.2462
G1 X11.8398 Y3.30742 Z19.2769
G1 X12.2857 Y3.68216 Z19.3077
G1 X12.5064 Y4.22122 Z19.3385
G1 X12.4513 Y4.80108 Z19.3692
G1 X12.133 Y5.28892 Z19.4
G1 X-14.475 Y30.13 Z19.4
G1 Z19
G1 E.8 F2100
SET_VELOCITY_LIMIT ACCEL=5000
;TYPE:Inner wall
G1 F8974
G1 X-14.475 Y3.049 E.89835
G1 X12.607 Y3.049 E.89835
G1 X12.607 Y30.13 E.89835
G1 X-14.435 Y30.13 E.89702
SET_VELOCITY_LIMIT ACCEL=10000
G1 X-14.882 Y30.537 F30000
SET_VELOCITY_LIMIT ACCEL=5000
G1 F8974
G1 X-14.882 Y2.642 E.92536
G1 X13.014 Y2.642 E.92536
G1 X13.014 Y30.537 E.92536
G1 X-14.842 Y30.537 E.92403
SET_VELOCITY_LIMIT ACCEL=10000
G1 X-15.289 Y30.944 F30000
SET_VELOCITY_LIMIT ACCEL=5000
G1 F8974
G1 X-15.289 Y2.234 E.95236
G1 X13.421 Y2.234 E.95236
G1 X13.421 Y30.944 E.95236
M73 P90 R1
G1 X-15.249 Y30.944 E.95104
G1 X-15.724 Y31.379 F30000
;TYPE:Outer wall
;WIDTH:0.42
G1 F8974
G1 X-15.724 Y1.799 E.90891
G1 X13.856 Y1.799 E.90891
G1 X13.856 Y31.379 E.90891
G1 X-15.684 Y31.379 E.90768
SET_VELOCITY_LIMIT ACCEL=10000
G1 E-.8 F2100
;WIPE_START
G1 F12000
G1 X-15.687 Y29.379
;WIPE_END
G1 X-13.887 Y26.022 Z19.4 F30000
G1 Z19
G1 E.8 F2100
;TYPE:Sparse infill
;WIDTH:0.45
G1 F8974
G1 X-13.887 Y27.651 E.05401
G1 X-13.549 Y27.988 E.01584
G1 X-13.279 Y29.542 E.05232
G1 X-9.134 Y29.542 E.1375
G1 X-9.404 Y27.988 E.05232
G1 X-10.26 Y27.132 E.04016
G1 X-12.333 Y26.772 E.06978
G1 X-13.189 Y25.916 E.04016
G1 X-13.549 Y23.843 E.06978
G1 X-13.887 Y23.506 E.01584
G1 X-13.887 Y19.361 E.1375
G1 X-13.549 Y19.698 E.01584
G1 X-13.189 Y21.771 E.06978
G1 X-12.333 Y22.627 E.04016
G1 X-10.26 Y22.987 E.06978
G1 X-9.404 Y23.843 E.04016
G1 X-9.044 Y25.916 E.06978
G1 X-8.188 Y26.772 E.04016
G1 X-6.115 Y27.132 E.06978
G1 X-5.259 Y27.988 E.04016
G1 X-4.989 Y29.542 E.05232
G1 X-.844 Y29.542 E.1375
G1 X-1.114 Y27.988 E.05232
G1 X-1.97 Y27.132 E.04016
G1 X-4.043 Y26.772 E.06978
G1 X-4.899 Y25.916 E.04016
G1 X-5.259 Y23.843 E.06978
G1 X-6.115 Y22.987 E.04016
G1 X-8.188 Y22.627 E.06978
G1 X-9.044 Y21.771 E.04016
G1 X-9.404 Y19.698 E.06978
G1 X-10.26 Y18.842 E.04016
G1 X-12.333 Y18.482 E.06978
G1 X-13.189 Y17.626 E.04016
G1 X-13.549 Y15.553 E.06978
G1 X-13.887 Y15.216 E.01584
G1 X-13.887 Y11.071 E.1375
G1 X-13.549 Y11.408 E.01584
G1 X-13.189 Y13.481 E.06978
G1 X-12.333 Y14.337 E.04016
G1 X-10.26 Y14.697 E.06978
G1 X-9.404 Y15.553 E.04016
G1 X-9.044 Y17.626 E.06978
G1 X-8.188 Y18.482 E.04016
G1 X-6.115 Y18.842 E.06978
G1 X-5.259 Y19.698 E.04016
G1 X-4.899 Y21.771 E.06978
G1 X-4.043 Y22.627 E.04016
G1 X-1.97 Y22.987 E.06978
G1 X-1.114 Y23.843 E.04016
G1 X-.754 Y25.916 E.06978
G1 X.102 Y26.772 E.04016
G1 X2.175 Y27.132 E.06978
G1 X3.031 Y27.988 E.04016
G1 X3.301 Y29.542 E.05232
G1 X7.446 Y29.542 E.1375
G1 X7.176 Y27.988 E.05232
G1 X6.32 Y27.132 E.04016
G1 X4.247 Y26.772 E.06978
G1 X3.391 Y25.916 E.04016
G1 X3.031 Y23.843 E.06978
G1 X2.175 Y22.987 E.04016
G1 X.102 Y22.627 E.06978
G1 X-.754 Y21.771 E.04016
G1 X-1.114 Y19.698 E.06978
G1 X-1.97 Y18.842 E.04016
G1 X-4.043 Y18.482 E.06978
G1 X-4.899 Y17.626 E.04016
G1 X-5.259 Y15.553 E.06978
G1 X-6.115 Y14.697 E.04016
G1 X-8.188 Y14.337 E.06978
G1 X-9.044 Y13.481 E.04016
G1 X-9.404 Y11.408 E.06978
G1 X-10.26 Y10.552 E.04016
G1 X-12.333 Y10.192 E.06978
G1 X-13.189 Y9.336 E.04016
G1 X-13.549 Y7.263 E.06978
G1 X-13.887 Y6.926 E.01584
G1 X-13.887 Y3.637 E.1091
G1 X-13.459 Y3.637 E.01419
G1 X-13.189 Y5.191 E.05232
G1 X-12.333 Y6.047 E.04016
G1 X-10.26 Y6.407 E.06978
G1 X-9.404 Y7.263 E.04016
G1 X-9.044 Y9.336 E.06978
G1 X-8.188 Y10.192 E.04016
G1 X-6.115 Y10.552 E.06978
G1 X-5.259 Y11.408 E.04016
G1 X-4.899 Y13.481 E.06978
G1 X-4.043 Y14.337 E.04016
G1 X-1.97 Y14.697 E.06978
G1 X-1.114 Y15.553 E.04016
G1 X-.754 Y17.626 E.06978
G1 X.102 Y18.482 E.04016
G1 X2.175 Y18.842 E.06978
G1 X3.031 Y19.698 E.04016
G1 X3.391 Y21.771 E.06978
G1 X4.247 Y22.627 E.04016
G1 X6.32 Y22.987 E.06978
G1 X7.176 Y23.843 E.04016
G1 X7.536 Y25.916 E.06978
G1 X8.392 Y26.772 E.04016
G1 X10.465 Y27.132 E.06978
G1 X11.321 Y27.988 E.04016
G1 X11.591 Y29.542 E.05232
G1 X12.019 Y29.542 E.01419
G1 X12.019 Y26.253 E.1091
G1 X11.681 Y25.916 E.01584
G1 X11.321 Y23.843 E.06978
G1 X10.465 Y22.987 E.04016
G1 X8.392 Y22.627 E.06978
G1 X7.536 Y21.771 E.04016
G1 X7.176 Y19.698 E.06978
G1 X6.32 Y18.842 E.04016
G1 X4.247 Y18.482 E.06978
G1 X3.391 Y17.626 E.04016
G1 X3.031 Y15.553 E.06978
G1 X2.175 Y14.697 E.04016
G1 X.102 Y14.337 E.06978
G1 X-.754 Y13.481 E.04016
G1 X-1.114 Y11.408 E.06978
G1 X-1.97 Y10.552 E.04016
G1 X-4.043 Y10.192 E.06978
G1 X-4.899 Y9.336 E.04016
G1 X-5.259 Y7.263 E.06978
G1 X-6.115 Y6.407 E.04016
G1 X-8.188 Y6.047 E.06978
G1 X-9.044 Y5.191 E.04016
G1 X-9.314 Y3.637 E.05232
G1 X-5.169 Y3.637 E.1375
G1 X-4.899 Y5.191 E.05232
G1 X-4.043 Y6.047 E.04016
G1 X-1.97 Y6.407 E.06978
G1 X-1.114 Y7.263 E.04016
G1 X-.754 Y9.336 E.06978
G1 X.102 Y10.192 E.04016
G1 X2.175 Y10.552 E.06978
G1 X3.031 Y11.408 E.04016
G1 X3.391 Y13.481 E.06978
G1 X4.247 Y14.337 E.04016
G1 X6.32 Y14.697 E.06978
G1 X7.176 Y15.553 E.04016
G1 X7.536 Y17.626 E.06978
G1 X8.392 Y18.482 E.04016
G1 X10.465 Y18.842 E.06978
G1 X11.321 Y19.698 E.04016
G1 X11.681 Y21.771 E.06978
G1 X12.019 Y22.108 E.01584
G1 X12.019 Y17.963 E.1375
G1 X11.681 Y17.626 E.01584
G1 X11.321 Y15.553 E.06978
G1 X10.465 Y14.697 E.04016
G1 X8.392 Y14.337 E.06978
G1 X7.536 Y13.481 E.04016
G1 X7.176 Y11.408 E.06978
G1 X6.32 Y10.552 E.04016
G1 X4.247 Y10.192 E.06978
G1 X3.391 Y9.336 E.04016
G1 X3.031 Y7.263 E.06978
G1 X2.175 Y6.407 E.04016
G1 X.102 Y6.047 E.06978
G1 X-.754 Y5.191 E.04016
G1 X-1.024 Y3.637 E.05232
G1 X3.121 Y3.637 E.1375
G1 X3.391 Y5.191 E.05232
G1 X4.247 Y6.047 E.04016
G1 X6.32 Y6.407 E.06978
G1 X7.176 Y7.263 E.04016
G1 X7.536 Y9.336 E.06978
G1 X8.392 Y10.192 E.04016
G1 X10.465 Y10.552 E.06978
G1 X11.321 Y11.408 E.04016
G1 X11.681 Y13.481 E.06978
G1 X12.019 Y13.818 E.01584
G1 X12.019 Y9.673 E.1375
G1 X11.681 Y9.336 E.01584
G1 X11.321 Y7.263 E.06978
G1 X10.465 Y6.407 E.04016
G1 X8.392 Y6.047 E.06978
G1 X7.536 Y5.191 E.04016
G1 X7.266 Y3.637 E.05232
G1 X11.411 Y3.637 E.1375
G1 X11.681 Y5.191 E.05232
G1 X12.019 Y5.528 E.01584
G1 X12.019 Y7.157 E.05401
G1 X-14.09 Y3.343 F30000
SET_VELOCITY_LIMIT ACCEL=7000
;TYPE:Internal solid infill
;WIDTH:0.38292
G1 F8974
G1 X-14.181 Y3.361 E.00256
G1 X-14.181 Y29.746 E.73099
G1 X-14.162 Y29.836 E.00256
G1 X12.222 Y29.836 E.73099
G1 X12.313 Y29.817 E.00256
G1 X12.313 Y3.433 E.73099
G1 X12.294 Y3.343 E.00256
G1 X-14.05 Y3.343 E.72989
;LAYER_CHANGE
;Z:19.2
;HEIGHT:0.200001
;BEFORE_LAYER_CHANGE
;19.2
G1 E-.8 F2100
;WIPE_START
G1 F15000
G1 X-12.05 Y3.343
;WIPE_END
;AFTER_LAYER_CHANGE
;19.2
;_SET_FAN_SPEED_CHANGING_LAYER
SET_VELOCITY_LIMIT ACCEL=10000
G1 F30000
G1 X-12.24 Y3.89336 Z19.2308
G1 X-12.664 Y4.29276 Z19.2615
G1 X-13.225 Y4.44937 Z19.2923
G1 X-13.7946 Y4.32733 Z19.3231
G1 X-14.2422 Y3.95458 Z19.3538
G1 X-14.4652 Y3.41652 Z19.3846
G1 X-14.4127 Y2.83641 Z19.4154
G1 X-14.0967 Y2.34715 Z19.4462
G1 X-13.5894 Y2.06083 Z19.4769
G1 X-13.0072 Y2.04303 Z19.5077
G1 X-12.4834 Y2.29783 Z19.5385
G1 X-12.138 Y2.76686 Z19.5692
G1 X-12.0502 Y3.34268 Z19.6
G1 X-14.475 Y30.13 Z19.6
G1 Z19.2
G1 E.8 F2100
SET_VELOCITY_LIMIT ACCEL=5000
;TYPE:Inner wall
;WIDTH:0.45
G1 F18000
G1 X-14.475 Y3.049 E.89835
G1 X12.607 Y3.049 E.89835
G1 X12.607 Y30.13 E.89835
G1 X-14.435 Y30.13 E.89702
SET_VELOCITY_LIMIT ACCEL=10000
G1 X-14.882 Y30.537 F30000
SET_VELOCITY_LIMIT ACCEL=5000
G1 F18000
G1 X-14.882 Y2.642 E.92536
G1 X13.014 Y2.642 E.92536
G1 X13.014 Y30.537 E.92536
G1 X-14.842 Y30.537 E.92403
SET_VELOCITY_LIMIT ACCEL=10000
G1 X-15.289 Y30.944 F30000
SET_VELOCITY_LIMIT ACCEL=5000
G1 F18000
G1 X-15.289 Y2.234 E.95236
G1 X13.421 Y2.234 E.95236
G1 X13.421 Y30.944 E.95236
G1 X-15.249 Y30.944 E.95104
G1 X-15.724 Y31.379 F30000
;TYPE:Outer wall
;WIDTH:0.42
G1 F12000
G1 X-15.724 Y1.799 E.90891
G1 X13.856 Y1.799 E.90891
G1 X13.856 Y31.379 E.90891
G1 X-15.684 Y31.379 E.90768
SET_VELOCITY_LIMIT ACCEL=10000
G1 E-.8 F2100
;WIPE_START
G1 F12000
G1 X-15.687 Y29.379
;WIPE_END
G1 X-8.057 Y29.599 Z19.6 F30000
G1 X9.366 Y30.1 Z19.6
G1 Z19.2
G1 E.8 F2100
SET_VELOCITY_LIMIT ACCEL=2500
;TYPE:Internal Bridge
;WIDTH:0.4
;HEIGHT:0.4
G1 F3000
G1 X12.374 Y29.577 E.15635
G1 X12.374 Y29.121 E.02339
G1 X7.903 Y29.898 E.23237
G1 X5.275 Y29.898 E.13455
G1 X12.374 Y28.664 E.36894
G1 X12.374 Y28.207 E.02339
G1 X2.647 Y29.898 E.50551
G1 X.019 Y29.898 E.13455
G1 X12.374 Y27.75 E.64209
G1 X12.374 Y27.294 E.02339
G1 X-2.609 Y29.898 E.77866
G1 X-5.237 Y29.898 E.13455
G1 X12.374 Y26.837 E.91523
M73 P91 R1
G1 X12.374 Y26.38 E.02339
G1 X-7.865 Y29.898 E1.0518
G1 X-10.493 Y29.898 E.13455
G1 X12.374 Y25.923 E1.18837
G1 X12.374 Y25.467 E.02339
G1 X-13.121 Y29.898 E1.32494
G1 X-14.242 Y29.898 E.0574
G1 X-14.242 Y29.636 E.01341
G1 X12.374 Y25.01 E1.3832
G1 X12.374 Y24.553 E.02339
G1 X-14.242 Y29.179 E1.3832
G1 X-14.242 Y28.722 E.02339
G1 X12.374 Y24.096 E1.3832
G1 X12.374 Y23.64 E.02339
G1 X-14.242 Y28.266 E1.3832
G1 X-14.242 Y27.809 E.02339
G1 X12.374 Y23.183 E1.3832
G1 X12.374 Y22.726 E.02339
G1 X-14.242 Y27.352 E1.3832
G1 X-14.242 Y26.895 E.02339
G1 X12.374 Y22.269 E1.3832
G1 X12.374 Y21.813 E.02339
G1 X-14.242 Y26.439 E1.3832
G1 X-14.242 Y25.982 E.02339
G1 X12.374 Y21.356 E1.3832
G1 X12.374 Y20.899 E.02339
G1 X-14.242 Y25.525 E1.3832
G1 X-14.242 Y25.068 E.02339
G1 X12.374 Y20.442 E1.3832
G1 X12.374 Y19.986 E.02339
G1 X-14.242 Y24.612 E1.3832
G1 X-14.242 Y24.155 E.02339
G1 X12.374 Y19.529 E1.3832
G1 X12.374 Y19.072 E.02339
G1 X-14.242 Y23.698 E1.3832
G1 X-14.242 Y23.241 E.02339
G1 X12.374 Y18.616 E1.3832
G1 X12.374 Y18.159 E.02339
G1 X-14.242 Y22.785 E1.3832
G1 X-14.242 Y22.328 E.02339
G1 X12.374 Y17.702 E1.3832
G1 X12.374 Y17.245 E.02339
M73 P92 R1
G1 X-14.242 Y21.871 E1.3832
G1 X-14.242 Y21.414 E.02339
G1 X12.374 Y16.789 E1.3832
G1 X12.374 Y16.332 E.02339
G1 X-14.242 Y20.958 E1.3832
G1 X-14.242 Y20.501 E.02339
G1 X12.374 Y15.875 E1.3832
G1 X12.374 Y15.418 E.02339
G1 X-14.242 Y20.044 E1.3832
G1 X-14.242 Y19.587 E.02339
G1 X12.374 Y14.962 E1.3832
G1 X12.374 Y14.505 E.02339
G1 X-14.242 Y19.131 E1.3832
G1 X-14.242 Y18.674 E.02339
G1 X12.374 Y14.048 E1.3832
G1 X12.374 Y13.591 E.02339
G1 X-14.242 Y18.217 E1.3832
G1 X-14.242 Y17.761 E.02339
G1 X12.374 Y13.135 E1.3832
G1 X12.374 Y12.678 E.02339
G1 X-14.242 Y17.304 E1.3832
G1 X-14.242 Y16.847 E.02339
G1 X12.374 Y12.221 E1.3832
G1 X12.374 Y11.764 E.02339
G1 X-14.242 Y16.39 E1.3832
G1 X-14.242 Y15.934 E.02339
G1 X12.374 Y11.308 E1.3832
G1 X12.374 Y10.851 E.02339
G1 X-14.242 Y15.477 E1.3832
G1 X-14.242 Y15.02 E.02339
G1 X12.374 Y10.394 E1.3832
G1 X12.374 Y9.937 E.02339
G1 X-14.242 Y14.563 E1.3832
G1 X-14.242 Y14.107 E.02339
G1 X12.374 Y9.481 E1.3832
G1 X12.374 Y9.024 E.02339
G1 X-14.242 Y13.65 E1.3832
G1 X-14.242 Y13.193 E.02339
G1 X12.374 Y8.567 E1.3832
G1 X12.374 Y8.11 E.02339
M73 P93 R1
G1 X-14.242 Y12.736 E1.3832
G1 X-14.242 Y12.28 E.02339
G1 X12.374 Y7.654 E1.3832
G1 X12.374 Y7.197 E.02339
G1 X-14.242 Y11.823 E1.3832
G1 X-14.242 Y11.366 E.02339
G1 X12.374 Y6.74 E1.3832
G1 X12.374 Y6.283 E.02339
G1 X-14.242 Y10.909 E1.3832
G1 X-14.242 Y10.453 E.02339
G1 X12.374 Y5.827 E1.3832
G1 X12.374 Y5.37 E.02339
G1 X-14.242 Y9.996 E1.3832
G1 X-14.242 Y9.539 E.02339
G1 X12.374 Y4.913 E1.3832
G1 X12.374 Y4.456 E.02339
G1 X-14.242 Y9.082 E1.3832
G1 X-14.242 Y8.626 E.02339
G1 X12.374 Y4 E1.3832
G1 X12.374 Y3.543 E.02339
G1 X-14.242 Y8.169 E1.3832
G1 X-14.242 Y7.712 E.02339
G1 X11.253 Y3.281 E1.32491
G1 X8.625 Y3.281 E.13455
G1 X-14.242 Y7.255 E1.18834
G1 X-14.242 Y6.799 E.02339
G1 X5.997 Y3.281 E1.05177
G1 X3.369 Y3.281 E.13455
G1 X-14.242 Y6.342 E.91519
G1 X-14.242 Y5.885 E.02339
G1 X.741 Y3.281 E.77862
G1 X-1.887 Y3.281 E.13455
G1 X-14.242 Y5.428 E.64205
G1 X-14.242 Y4.972 E.02339
G1 X-4.515 Y3.281 E.50548
G1 X-7.143 Y3.281 E.13455
G1 X-14.242 Y4.515 E.36891
G1 X-14.242 Y4.058 E.02339
G1 X-9.771 Y3.281 E.23234
G1 X-12.399 Y3.281 E.13455
G1 X-14.445 Y3.637 E.10629
;LAYER_CHANGE
;Z:19.4
;HEIGHT:0.199999
;BEFORE_LAYER_CHANGE
;19.4
G1 E-.8 F2100
;WIPE_START
G1 F3000
G1 X-12.474 Y3.294
;WIPE_END
;AFTER_LAYER_CHANGE
;19.4
;_SET_FAN_SPEED_CHANGING_LAYER
SET_VELOCITY_LIMIT ACCEL=10000
G1 F30000
G1 X-12.6554 Y3.84775 Z19.4308
G1 X-13.073 Y4.25382 Z19.4615
G1 X-13.6314 Y4.41931 Z19.4923
G1 X-14.2029 Y4.30631 Z19.5231
G1 X-14.6563 Y3.94071 Z19.5538
G1 X-14.8879 Y3.40625 Z19.5846
G1 X-14.8446 Y2.82539 Z19.6154
G1 X-14.5363 Y2.33118 Z19.6462
G1 X-14.0337 Y2.03684 Z19.6769
G1 X-13.4518 Y2.00981 Z19.7077
G1 X-12.9241 Y2.25628 Z19.7385
G1 X-12.5713 Y2.71977 Z19.7692
G1 X-12.4743 Y3.29412 Z19.8
G1 X-14.475 Y30.13 Z19.8
G1 Z19.4
G1 E.8 F2100
SET_VELOCITY_LIMIT ACCEL=5000
;TYPE:Inner wall
;WIDTH:0.45
G1 F18000
M106 S255
G1 X-14.475 Y3.049 E.89835
G1 X12.607 Y3.049 E.89835
G1 X12.607 Y30.13 E.89835
G1 X-14.435 Y30.13 E.89702
SET_VELOCITY_LIMIT ACCEL=10000
G1 X-14.882 Y30.537 F30000
SET_VELOCITY_LIMIT ACCEL=5000
G1 F18000
G1 X-14.882 Y2.642 E.92536
G1 X13.014 Y2.642 E.92536
G1 X13.014 Y30.537 E.92536
G1 X-14.842 Y30.537 E.92403
M73 P94 R1
SET_VELOCITY_LIMIT ACCEL=10000
G1 X-15.289 Y30.944 F30000
SET_VELOCITY_LIMIT ACCEL=5000
G1 F18000
G1 X-15.289 Y2.234 E.95236
G1 X13.421 Y2.234 E.95236
G1 X13.421 Y30.944 E.95236
G1 X-15.249 Y30.944 E.95104
G1 X-15.724 Y31.379 F30000
;TYPE:Outer wall
;WIDTH:0.42
G1 F12000
G1 X-15.724 Y1.799 E.90891
G1 X13.856 Y1.799 E.90891
G1 X13.856 Y31.379 E.90891
G1 X-15.684 Y31.379 E.90768
SET_VELOCITY_LIMIT ACCEL=10000
G1 E-.8 F2100
;WIPE_START
G1 F12000
G1 X-15.687 Y29.379
;WIPE_END
G1 X-10.326 Y23.946 Z19.8 F30000
G1 X10.265 Y3.075 Z19.8
G1 Z19.4
G1 E.8 F2100
SET_VELOCITY_LIMIT ACCEL=7000
;TYPE:Internal solid infill
;WIDTH:0.420784
G1 F15000
G1 X12.411 Y5.221 E.09345
G1 X12.411 Y5.755 E.01645
G1 X9.9 Y3.245 E.10933
G1 X9.366 Y3.245 E.01645
G1 X12.411 Y6.29 E.1326
G1 X12.411 Y6.824 E.01645
G1 X8.831 Y3.245 E.15587
G1 X8.297 Y3.245 E.01645
G1 X12.411 Y7.359 E.17914
G1 X12.411 Y7.893 E.01645
G1 X7.763 Y3.245 E.20241
G1 X7.228 Y3.245 E.01645
G1 X12.411 Y8.427 E.22568
G1 X12.411 Y8.962 E.01645
G1 X6.694 Y3.245 E.24895
G1 X6.159 Y3.245 E.01645
G1 X12.411 Y9.496 E.27222
G1 X12.411 Y10.03 E.01645
G1 X5.625 Y3.245 E.29549
G1 X5.091 Y3.245 E.01645
G1 X12.411 Y10.565 E.31876
G1 X12.411 Y11.099 E.01645
G1 X4.556 Y3.245 E.34203
G1 X4.022 Y3.245 E.01645
G1 X12.411 Y11.634 E.3653
G1 X12.411 Y12.168 E.01645
G1 X3.488 Y3.245 E.38857
G1 X2.953 Y3.245 E.01645
G1 X12.411 Y12.702 E.41184
G1 X12.411 Y13.237 E.01645
G1 X2.419 Y3.245 E.43511
G1 X1.884 Y3.245 E.01645
G1 X12.411 Y13.771 E.45838
G1 X12.411 Y14.305 E.01645
G1 X1.35 Y3.245 E.48165
G1 X.816 Y3.245 E.01645
G1 X12.411 Y14.84 E.50492
G1 X12.411 Y15.374 E.01645
G1 X.281 Y3.245 E.52819
G1 X-.253 Y3.245 E.01645
G1 X12.411 Y15.909 E.55146
G1 X12.411 Y16.443 E.01645
G1 X-.787 Y3.245 E.57473
G1 X-1.322 Y3.245 E.01645
G1 X12.411 Y16.977 E.598
G1 X12.411 Y17.512 E.01645
G1 X-1.856 Y3.245 E.62126
G1 X-2.391 Y3.245 E.01645
G1 X12.411 Y18.046 E.64453
G1 X12.411 Y18.581 E.01645
G1 X-2.925 Y3.245 E.6678
G1 X-3.459 Y3.245 E.01645
G1 X12.411 Y19.115 E.69107
G1 X12.411 Y19.649 E.01645
G1 X-3.994 Y3.245 E.71434
G1 X-4.528 Y3.245 E.01645
G1 X12.411 Y20.184 E.73761
G1 X12.411 Y20.718 E.01645
G1 X-5.063 Y3.245 E.76088
G1 X-5.597 Y3.245 E.01645
G1 X12.411 Y21.252 E.78415
G1 X12.411 Y21.787 E.01645
G1 X-6.131 Y3.245 E.80742
G1 X-6.666 Y3.245 E.01645
G1 X12.411 Y22.321 E.83069
G1 X12.411 Y22.856 E.01645
G1 X-7.2 Y3.245 E.85396
G1 X-7.734 Y3.245 E.01645
G1 X12.411 Y23.39 E.87723
G1 X12.411 Y23.924 E.01645
G1 X-8.269 Y3.245 E.9005
G1 X-8.803 Y3.245 E.01645
G1 X12.411 Y24.459 E.92377
G1 X12.411 Y24.993 E.01645
G1 X-9.338 Y3.245 E.94704
G1 X-9.872 Y3.245 E.01645
G1 X12.411 Y25.527 E.97031
G1 X12.411 Y26.062 E.01645
G1 X-10.406 Y3.245 E.99358
G1 X-10.941 Y3.245 E.01645
G1 X12.411 Y26.596 E1.01685
G1 X12.411 Y27.131 E.01645
G1 X-11.475 Y3.245 E1.04012
G1 X-12.009 Y3.245 E.01645
G1 X12.411 Y27.665 E1.06339
G1 X12.411 Y28.199 E.01645
G1 X-12.544 Y3.245 E1.08666
G1 X-13.078 Y3.245 E.01645
G1 X12.411 Y28.734 E1.10993
G1 X12.411 Y29.268 E.01645
G1 X-13.613 Y3.245 E1.1332
G1 X-14.147 Y3.245 E.01645
G1 X12.411 Y29.803 E1.15647
G1 X12.411 Y29.934 E.00406
G1 X12.008 Y29.934 E.0124
G1 X-14.279 Y3.647 E1.14467
G1 X-14.279 Y4.182 E.01645
G1 X11.474 Y29.934 E1.1214
G1 X10.939 Y29.934 E.01645
G1 X-14.279 Y4.716 E1.09813
G1 X-14.279 Y5.25 E.01645
G1 X10.405 Y29.934 E1.07486
G1 X9.871 Y29.934 E.01645
G1 X-14.279 Y5.785 E1.05159
G1 X-14.279 Y6.319 E.01645
M73 P94 R0
G1 X9.336 Y29.934 E1.02832
G1 X8.802 Y29.934 E.01645
G1 X-14.279 Y6.854 E1.00505
G1 X-14.279 Y7.388 E.01645
G1 X8.268 Y29.934 E.98178
G1 X7.733 Y29.934 E.01645
G1 X-14.279 Y7.922 E.95851
G1 X-14.279 Y8.457 E.01645
G1 X7.199 Y29.934 E.93524
G1 X6.664 Y29.934 E.01645
G1 X-14.279 Y8.991 E.91198
G1 X-14.279 Y9.525 E.01645
G1 X6.13 Y29.934 E.88871
G1 X5.596 Y29.934 E.01645
G1 X-14.279 Y10.06 E.86544
G1 X-14.279 Y10.594 E.01645
G1 X5.061 Y29.934 E.84217
G1 X4.527 Y29.934 E.01645
G1 X-14.279 Y11.129 E.8189
G1 X-14.279 Y11.663 E.01645
G1 X3.993 Y29.934 E.79563
G1 X3.458 Y29.934 E.01645
G1 X-14.279 Y12.197 E.77236
G1 X-14.279 Y12.732 E.01645
G1 X2.924 Y29.934 E.74909
G1 X2.389 Y29.934 E.01645
G1 X-14.279 Y13.266 E.72582
G1 X-14.279 Y13.801 E.01645
G1 X1.855 Y29.934 E.70255
G1 X1.321 Y29.934 E.01645
G1 X-14.279 Y14.335 E.67928
G1 X-14.279 Y14.869 E.01645
M73 P95 R0
G1 X.786 Y29.934 E.65601
G1 X.252 Y29.934 E.01645
G1 X-14.279 Y15.404 E.63274
G1 X-14.279 Y15.938 E.01645
G1 X-.283 Y29.934 E.60947
G1 X-.817 Y29.934 E.01645
G1 X-14.279 Y16.472 E.5862
G1 X-14.279 Y17.007 E.01645
G1 X-1.351 Y29.934 E.56293
G1 X-1.886 Y29.934 E.01645
G1 X-14.279 Y17.541 E.53966
G1 X-14.279 Y18.076 E.01645
G1 X-2.42 Y29.934 E.51639
G1 X-2.954 Y29.934 E.01645
G1 X-14.279 Y18.61 E.49312
G1 X-14.279 Y19.144 E.01645
G1 X-3.489 Y29.934 E.46985
G1 X-4.023 Y29.934 E.01645
G1 X-14.279 Y19.679 E.44658
G1 X-14.279 Y20.213 E.01645
G1 X-4.558 Y29.934 E.42331
G1 X-5.092 Y29.934 E.01645
G1 X-14.279 Y20.747 E.40004
G1 X-14.279 Y21.282 E.01645
G1 X-5.626 Y29.934 E.37677
G1 X-6.161 Y29.934 E.01645
G1 X-14.279 Y21.816 E.3535
G1 X-14.279 Y22.351 E.01645
G1 X-6.695 Y29.934 E.33023
G1 X-7.229 Y29.934 E.01645
G1 X-14.279 Y22.885 E.30696
G1 X-14.279 Y23.419 E.01645
G1 X-7.764 Y29.934 E.28369
G1 X-8.298 Y29.934 E.01645
G1 X-14.279 Y23.954 E.26042
G1 X-14.279 Y24.488 E.01645
G1 X-8.833 Y29.934 E.23715
G1 X-9.367 Y29.934 E.01645
G1 X-14.279 Y25.023 E.21388
G1 X-14.279 Y25.557 E.01645
G1 X-9.901 Y29.934 E.19061
G1 X-10.436 Y29.934 E.01645
G1 X-14.279 Y26.091 E.16734
G1 X-14.279 Y26.626 E.01645
G1 X-10.97 Y29.934 E.14407
G1 X-11.505 Y29.934 E.01645
G1 X-14.279 Y27.16 E.1208
G1 X-14.279 Y27.694 E.01645
G1 X-12.039 Y29.934 E.09753
G1 X-12.573 Y29.934 E.01645
G1 X-14.279 Y28.229 E.07427
G1 X-14.279 Y28.763 E.01645
G1 X-13.108 Y29.934 E.051
G1 X-13.642 Y29.934 E.01645
G1 X-14.448 Y29.128 E.03511
SET_VELOCITY_LIMIT ACCEL=10000
G1 X12.147 Y4.382 F30000
SET_VELOCITY_LIMIT ACCEL=7000
;WIDTH:0.554735
G1 F14952.788
G1 X12.147 Y3.508 E.03644
G1 X11.274 Y3.508 E.03644
G1 X12.119 Y4.354 E.04987
;LAYER_CHANGE
;Z:19.6
;HEIGHT:0.200001
;BEFORE_LAYER_CHANGE
;19.6
G1 E-.8 F2100
;WIPE_START
G1 F14952.788
G1 X11.274 Y3.508
G1 X12.078 Y3.508
;WIPE_END
;AFTER_LAYER_CHANGE
;19.6
;_SET_FAN_SPEED_CHANGING_LAYER
SET_VELOCITY_LIMIT ACCEL=10000
G1 F30000
G1 X11.58 Y3.81005 Z19.6308
G1 X10.9986 Y3.84597 Z19.6615
G1 X10.4672 Y3.60761 Z19.6923
G1 X10.1074 Y3.14956 Z19.7231
G1 X10.0016 Y2.57677 Z19.7538
G1 X10.1742 Y2.02044 Z19.7846
G1 X10.5855 Y1.60803 Z19.8154
G1 X11.1414 Y1.43401 Z19.8462
G1 X11.7145 Y1.53826 Z19.8769
G1 X12.1734 Y1.89689 Z19.9077
G1 X12.4132 Y2.42773 Z19.9385
G1 X12.3788 Y3.00919 Z19.9692
G1 X12.0781 Y3.50806 Z20
G1 X-14.475 Y30.13 Z20
G1 Z19.6
G1 E.8 F2100
SET_VELOCITY_LIMIT ACCEL=5000
;TYPE:Inner wall
;WIDTH:0.45
G1 F18000
G1 X-14.475 Y3.049 E.89835
G1 X12.607 Y3.049 E.89835
G1 X12.607 Y30.13 E.89835
G1 X-14.435 Y30.13 E.89702
SET_VELOCITY_LIMIT ACCEL=10000
G1 X-14.882 Y30.537 F30000
SET_VELOCITY_LIMIT ACCEL=5000
G1 F18000
G1 X-14.882 Y2.642 E.92536
G1 X13.014 Y2.642 E.92536
G1 X13.014 Y30.537 E.92536
G1 X-14.842 Y30.537 E.92403
SET_VELOCITY_LIMIT ACCEL=10000
G1 X-15.289 Y30.944 F30000
SET_VELOCITY_LIMIT ACCEL=5000
G1 F18000
G1 X-15.289 Y2.234 E.95236
G1 X13.421 Y2.234 E.95236
G1 X13.421 Y30.944 E.95236
G1 X-15.249 Y30.944 E.95104
G1 X-15.724 Y31.379 F30000
;TYPE:Outer wall
;WIDTH:0.42
G1 F12000
G1 X-15.724 Y1.799 E.90891
G1 X13.856 Y1.799 E.90891
G1 X13.856 Y31.379 E.90891
G1 X-15.684 Y31.379 E.90768
SET_VELOCITY_LIMIT ACCEL=10000
G1 E-.8 F2100
;WIPE_START
G1 F12000
G1 X-15.687 Y29.379
;WIPE_END
G1 X-8.055 Y29.462 Z20 F30000
G1 X11.274 Y29.671 Z20
G1 Z19.6
G1 E.8 F2100
SET_VELOCITY_LIMIT ACCEL=7000
;TYPE:Internal solid infill
;WIDTH:0.554734
G1 F14952.818
G1 X12.147 Y29.671 E.03644
G1 X12.147 Y28.797 E.03644
G1 X11.302 Y29.643 E.04987
SET_VELOCITY_LIMIT ACCEL=10000
G1 X12.581 Y27.788 F30000
SET_VELOCITY_LIMIT ACCEL=7000
;WIDTH:0.420784
G1 F15000
G1 X10.434 Y29.934 E.09345
G1 X9.9 Y29.934 E.01645
G1 X12.411 Y27.424 E.10933
G1 X12.411 Y26.889 E.01645
G1 X9.366 Y29.934 E.1326
G1 X8.831 Y29.934 E.01645
G1 X12.411 Y26.355 E.15587
G1 X12.411 Y25.82 E.01645
G1 X8.297 Y29.934 E.17914
G1 X7.763 Y29.934 E.01645
G1 X12.411 Y25.286 E.20241
G1 X12.411 Y24.752 E.01645
G1 X7.228 Y29.934 E.22568
G1 X6.694 Y29.934 E.01645
G1 X12.411 Y24.217 E.24895
G1 X12.411 Y23.683 E.01645
G1 X6.159 Y29.934 E.27222
G1 X5.625 Y29.934 E.01645
G1 X12.411 Y23.148 E.29549
G1 X12.411 Y22.614 E.01645
G1 X5.091 Y29.934 E.31876
G1 X4.556 Y29.934 E.01645
G1 X12.411 Y22.08 E.34203
G1 X12.411 Y21.545 E.01645
G1 X4.022 Y29.934 E.3653
G1 X3.488 Y29.934 E.01645
G1 X12.411 Y21.011 E.38857
G1 X12.411 Y20.477 E.01645
G1 X2.953 Y29.934 E.41184
G1 X2.419 Y29.934 E.01645
G1 X12.411 Y19.942 E.43511
G1 X12.411 Y19.408 E.01645
G1 X1.884 Y29.934 E.45838
G1 X1.35 Y29.934 E.01645
G1 X12.411 Y18.873 E.48165
G1 X12.411 Y18.339 E.01645
G1 X.816 Y29.934 E.50492
G1 X.281 Y29.934 E.01645
G1 X12.411 Y17.805 E.52819
G1 X12.411 Y17.27 E.01645
G1 X-.253 Y29.934 E.55146
G1 X-.787 Y29.934 E.01645
G1 X12.411 Y16.736 E.57473
G1 X12.411 Y16.202 E.01645
G1 X-1.322 Y29.934 E.598
G1 X-1.856 Y29.934 E.01645
G1 X12.411 Y15.667 E.62126
G1 X12.411 Y15.133 E.01645
G1 X-2.391 Y29.934 E.64453
G1 X-2.925 Y29.934 E.01645
G1 X12.411 Y14.598 E.6678
G1 X12.411 Y14.064 E.01645
G1 X-3.459 Y29.934 E.69107
G1 X-3.994 Y29.934 E.01645
G1 X12.411 Y13.53 E.71434
G1 X12.411 Y12.995 E.01645
G1 X-4.528 Y29.934 E.73761
G1 X-5.063 Y29.934 E.01645
G1 X12.411 Y12.461 E.76088
G1 X12.411 Y11.926 E.01645
G1 X-5.597 Y29.934 E.78415
G1 X-6.131 Y29.934 E.01645
G1 X12.411 Y11.392 E.80742
G1 X12.411 Y10.858 E.01645
G1 X-6.666 Y29.934 E.83069
G1 X-7.2 Y29.934 E.01645
G1 X12.411 Y10.323 E.85396
G1 X12.411 Y9.789 E.01645
G1 X-7.734 Y29.934 E.87723
G1 X-8.269 Y29.934 E.01645
G1 X12.411 Y9.255 E.9005
G1 X12.411 Y8.72 E.01645
G1 X-8.803 Y29.934 E.92377
G1 X-9.338 Y29.934 E.01645
G1 X12.411 Y8.186 E.94704
G1 X12.411 Y7.651 E.01645
G1 X-9.872 Y29.934 E.97031
G1 X-10.406 Y29.934 E.01645
G1 X12.411 Y7.117 E.99358
G1 X12.411 Y6.583 E.01645
G1 X-10.941 Y29.934 E1.01685
G1 X-11.475 Y29.934 E.01645
G1 X12.411 Y6.048 E1.04012
G1 X12.411 Y5.514 E.01645
G1 X-12.009 Y29.934 E1.06339
G1 X-12.544 Y29.934 E.01645
M73 P96 R0
G1 X12.411 Y4.98 E1.08666
G1 X12.411 Y4.445 E.01645
G1 X-13.078 Y29.934 E1.10993
G1 X-13.613 Y29.934 E.01645
G1 X12.411 Y3.911 E1.1332
G1 X12.411 Y3.376 E.01645
G1 X-14.147 Y29.934 E1.15647
G1 X-14.279 Y29.934 E.00406
G1 X-14.279 Y29.532 E.0124
G1 X12.008 Y3.245 E1.14467
G1 X11.474 Y3.245 E.01645
G1 X-14.279 Y28.997 E1.1214
G1 X-14.279 Y28.463 E.01645
G1 X10.939 Y3.245 E1.09813
G1 X10.405 Y3.245 E.01645
G1 X-14.279 Y27.928 E1.07486
G1 X-14.279 Y27.394 E.01645
G1 X9.871 Y3.245 E1.05159
G1 X9.336 Y3.245 E.01645
G1 X-14.279 Y26.86 E1.02832
G1 X-14.279 Y26.325 E.01645
G1 X8.802 Y3.245 E1.00505
G1 X8.268 Y3.245 E.01645
G1 X-14.279 Y25.791 E.98178
G1 X-14.279 Y25.257 E.01645
G1 X7.733 Y3.245 E.95851
G1 X7.199 Y3.245 E.01645
G1 X-14.279 Y24.722 E.93524
G1 X-14.279 Y24.188 E.01645
G1 X6.664 Y3.245 E.91198
G1 X6.13 Y3.245 E.01645
G1 X-14.279 Y23.653 E.88871
G1 X-14.279 Y23.119 E.01645
G1 X5.596 Y3.245 E.86544
G1 X5.061 Y3.245 E.01645
G1 X-14.279 Y22.585 E.84217
G1 X-14.279 Y22.05 E.01645
G1 X4.527 Y3.245 E.8189
G1 X3.993 Y3.245 E.01645
G1 X-14.279 Y21.516 E.79563
G1 X-14.279 Y20.982 E.01645
G1 X3.458 Y3.245 E.77236
G1 X2.924 Y3.245 E.01645
G1 X-14.279 Y20.447 E.74909
G1 X-14.279 Y19.913 E.01645
G1 X2.389 Y3.245 E.72582
G1 X1.855 Y3.245 E.01645
G1 X-14.279 Y19.378 E.70255
G1 X-14.279 Y18.844 E.01645
G1 X1.321 Y3.245 E.67928
G1 X.786 Y3.245 E.01645
G1 X-14.279 Y18.31 E.65601
G1 X-14.279 Y17.775 E.01645
G1 X.252 Y3.245 E.63274
G1 X-.283 Y3.245 E.01645
G1 X-14.279 Y17.241 E.60947
G1 X-14.279 Y16.706 E.01645
G1 X-.817 Y3.245 E.5862
G1 X-1.351 Y3.245 E.01645
G1 X-14.279 Y16.172 E.56293
G1 X-14.279 Y15.638 E.01645
G1 X-1.886 Y3.245 E.53966
G1 X-2.42 Y3.245 E.01645
G1 X-14.279 Y15.103 E.51639
G1 X-14.279 Y14.569 E.01645
G1 X-2.954 Y3.245 E.49312
G1 X-3.489 Y3.245 E.01645
G1 X-14.279 Y14.035 E.46985
G1 X-14.279 Y13.5 E.01645
G1 X-4.023 Y3.245 E.44658
G1 X-4.558 Y3.245 E.01645
G1 X-14.279 Y12.966 E.42331
G1 X-14.279 Y12.431 E.01645
G1 X-5.092 Y3.245 E.40004
G1 X-5.626 Y3.245 E.01645
G1 X-14.279 Y11.897 E.37677
G1 X-14.279 Y11.363 E.01645
G1 X-6.161 Y3.245 E.3535
G1 X-6.695 Y3.245 E.01645
G1 X-14.279 Y10.828 E.33023
G1 X-14.279 Y10.294 E.01645
G1 X-7.229 Y3.245 E.30696
G1 X-7.764 Y3.245 E.01645
G1 X-14.279 Y9.76 E.28369
G1 X-14.279 Y9.225 E.01645
G1 X-8.298 Y3.245 E.26042
G1 X-8.833 Y3.245 E.01645
G1 X-14.279 Y8.691 E.23715
G1 X-14.279 Y8.156 E.01645
G1 X-9.367 Y3.245 E.21388
G1 X-9.901 Y3.245 E.01645
G1 X-14.279 Y7.622 E.19061
G1 X-14.279 Y7.088 E.01645
G1 X-10.436 Y3.245 E.16734
G1 X-10.97 Y3.245 E.01645
G1 X-14.279 Y6.553 E.14407
G1 X-14.279 Y6.019 E.01645
G1 X-11.505 Y3.245 E.1208
G1 X-12.039 Y3.245 E.01645
G1 X-14.279 Y5.485 E.09753
G1 X-14.279 Y4.95 E.01645
G1 X-12.573 Y3.245 E.07427
G1 X-13.108 Y3.245 E.01645
G1 X-14.279 Y4.416 E.051
G1 X-14.279 Y3.881 E.01645
G1 X-13.472 Y3.075 E.03511
;LAYER_CHANGE
;Z:19.8
;HEIGHT:0.199999
;BEFORE_LAYER_CHANGE
;19.8
G1 E-.8 F2100
;WIPE_START
G1 F15000
G1 X-14.279 Y3.881
G1 X-14.279 Y4.416
G1 X-14.049 Y4.186
;WIPE_END
;AFTER_LAYER_CHANGE
;19.8
;_SET_FAN_SPEED_CHANGING_LAYER
SET_VELOCITY_LIMIT ACCEL=10000
G1 F30000
G1 X-14.1975 Y4.74898 Z19.8308
G1 X-14.5908 Y5.17857 Z19.8615
G1 X-15.1388 Y5.37615 Z19.8923
G1 X-15.7158 Y5.29646 Z19.9231
G1 X-16.1896 Y4.95775 Z19.9538
G1 X-16.4518 Y4.43762 Z19.9846
G1 X-16.4423 Y3.85522 Z20.0154
G1 X-16.1631 Y3.34398 Z20.0462
G1 X-15.6784 Y3.02101 Z20.0769
G1 X-15.0991 Y2.9603 Z20.1077
G1 X-14.5579 Y3.17576 Z20.1385
G1 X-14.1789 Y3.61803 Z20.1692
G1 X-14.0488 Y4.1858 Z20.2
G1 X-14.475 Y30.13 Z20.2
G1 Z19.8
G1 E.8 F2100
SET_VELOCITY_LIMIT ACCEL=5000
;TYPE:Inner wall
;WIDTH:0.45
G1 F18000
G1 X-14.475 Y3.049 E.89835
G1 X12.607 Y3.049 E.89835
G1 X12.607 Y30.13 E.89835
G1 X-14.435 Y30.13 E.89702
SET_VELOCITY_LIMIT ACCEL=10000
G1 X-14.882 Y30.537 F30000
SET_VELOCITY_LIMIT ACCEL=5000
G1 F18000
G1 X-14.882 Y2.642 E.92536
G1 X13.014 Y2.642 E.92536
G1 X13.014 Y30.537 E.92536
G1 X-14.842 Y30.537 E.92403
SET_VELOCITY_LIMIT ACCEL=10000
G1 X-15.289 Y30.944 F30000
SET_VELOCITY_LIMIT ACCEL=5000
G1 F18000
G1 X-15.289 Y2.234 E.95236
G1 X13.421 Y2.234 E.95236
G1 X13.421 Y30.944 E.95236
G1 X-15.249 Y30.944 E.95104
G1 X-15.724 Y31.379 F30000
;TYPE:Outer wall
;WIDTH:0.42
G1 F12000
G1 X-15.724 Y1.799 E.90891
G1 X13.856 Y1.799 E.90891
G1 X13.856 Y31.379 E.90891
G1 X-15.684 Y31.379 E.90768
SET_VELOCITY_LIMIT ACCEL=10000
G1 E-.8 F2100
;WIPE_START
G1 F12000
G1 X-15.687 Y29.379
;WIPE_END
G1 X-10.326 Y23.946 Z20.2 F30000
G1 X10.265 Y3.075 Z20.2
G1 Z19.8
G1 E.8 F2100
SET_VELOCITY_LIMIT ACCEL=7000
;TYPE:Internal solid infill
;WIDTH:0.420784
G1 F15000
G1 X12.411 Y5.221 E.09345
G1 X12.411 Y5.755 E.01645
G1 X9.9 Y3.245 E.10933
G1 X9.366 Y3.245 E.01645
G1 X12.411 Y6.29 E.1326
G1 X12.411 Y6.824 E.01645
G1 X8.831 Y3.245 E.15587
G1 X8.297 Y3.245 E.01645
G1 X12.411 Y7.359 E.17914
G1 X12.411 Y7.893 E.01645
G1 X7.763 Y3.245 E.20241
G1 X7.228 Y3.245 E.01645
G1 X12.411 Y8.427 E.22568
G1 X12.411 Y8.962 E.01645
G1 X6.694 Y3.245 E.24895
G1 X6.159 Y3.245 E.01645
G1 X12.411 Y9.496 E.27222
G1 X12.411 Y10.03 E.01645
G1 X5.625 Y3.245 E.29549
G1 X5.091 Y3.245 E.01645
G1 X12.411 Y10.565 E.31876
G1 X12.411 Y11.099 E.01645
G1 X4.556 Y3.245 E.34203
G1 X4.022 Y3.245 E.01645
G1 X12.411 Y11.634 E.3653
G1 X12.411 Y12.168 E.01645
G1 X3.488 Y3.245 E.38857
G1 X2.953 Y3.245 E.01645
G1 X12.411 Y12.702 E.41184
G1 X12.411 Y13.237 E.01645
G1 X2.419 Y3.245 E.43511
M73 P97 R0
G1 X1.884 Y3.245 E.01645
G1 X12.411 Y13.771 E.45838
G1 X12.411 Y14.305 E.01645
G1 X1.35 Y3.245 E.48165
G1 X.816 Y3.245 E.01645
G1 X12.411 Y14.84 E.50492
G1 X12.411 Y15.374 E.01645
G1 X.281 Y3.245 E.52819
G1 X-.253 Y3.245 E.01645
G1 X12.411 Y15.909 E.55146
G1 X12.411 Y16.443 E.01645
G1 X-.787 Y3.245 E.57473
G1 X-1.322 Y3.245 E.01645
G1 X12.411 Y16.977 E.598
G1 X12.411 Y17.512 E.01645
G1 X-1.856 Y3.245 E.62126
G1 X-2.391 Y3.245 E.01645
G1 X12.411 Y18.046 E.64453
G1 X12.411 Y18.581 E.01645
G1 X-2.925 Y3.245 E.6678
G1 X-3.459 Y3.245 E.01645
G1 X12.411 Y19.115 E.69107
G1 X12.411 Y19.649 E.01645
G1 X-3.994 Y3.245 E.71434
G1 X-4.528 Y3.245 E.01645
G1 X12.411 Y20.184 E.73761
G1 X12.411 Y20.718 E.01645
G1 X-5.063 Y3.245 E.76088
G1 X-5.597 Y3.245 E.01645
G1 X12.411 Y21.252 E.78415
G1 X12.411 Y21.787 E.01645
G1 X-6.131 Y3.245 E.80742
G1 X-6.666 Y3.245 E.01645
G1 X12.411 Y22.321 E.83069
G1 X12.411 Y22.856 E.01645
G1 X-7.2 Y3.245 E.85396
G1 X-7.734 Y3.245 E.01645
G1 X12.411 Y23.39 E.87723
G1 X12.411 Y23.924 E.01645
G1 X-8.269 Y3.245 E.9005
G1 X-8.803 Y3.245 E.01645
G1 X12.411 Y24.459 E.92377
G1 X12.411 Y24.993 E.01645
G1 X-9.338 Y3.245 E.94704
G1 X-9.872 Y3.245 E.01645
G1 X12.411 Y25.527 E.97031
G1 X12.411 Y26.062 E.01645
G1 X-10.406 Y3.245 E.99358
G1 X-10.941 Y3.245 E.01645
G1 X12.411 Y26.596 E1.01685
G1 X12.411 Y27.131 E.01645
G1 X-11.475 Y3.245 E1.04012
G1 X-12.009 Y3.245 E.01645
G1 X12.411 Y27.665 E1.06339
G1 X12.411 Y28.199 E.01645
G1 X-12.544 Y3.245 E1.08666
G1 X-13.078 Y3.245 E.01645
G1 X12.411 Y28.734 E1.10993
G1 X12.411 Y29.268 E.01645
G1 X-13.613 Y3.245 E1.1332
G1 X-14.147 Y3.245 E.01645
G1 X12.411 Y29.803 E1.15647
G1 X12.411 Y29.934 E.00406
G1 X12.008 Y29.934 E.0124
G1 X-14.279 Y3.647 E1.14467
G1 X-14.279 Y4.182 E.01645
G1 X11.474 Y29.934 E1.1214
G1 X10.939 Y29.934 E.01645
G1 X-14.279 Y4.716 E1.09813
G1 X-14.279 Y5.25 E.01645
G1 X10.405 Y29.934 E1.07486
G1 X9.871 Y29.934 E.01645
G1 X-14.279 Y5.785 E1.05159
G1 X-14.279 Y6.319 E.01645
G1 X9.336 Y29.934 E1.02832
G1 X8.802 Y29.934 E.01645
G1 X-14.279 Y6.854 E1.00505
G1 X-14.279 Y7.388 E.01645
G1 X8.268 Y29.934 E.98178
G1 X7.733 Y29.934 E.01645
G1 X-14.279 Y7.922 E.95851
G1 X-14.279 Y8.457 E.01645
G1 X7.199 Y29.934 E.93524
G1 X6.664 Y29.934 E.01645
G1 X-14.279 Y8.991 E.91198
G1 X-14.279 Y9.525 E.01645
G1 X6.13 Y29.934 E.88871
G1 X5.596 Y29.934 E.01645
G1 X-14.279 Y10.06 E.86544
G1 X-14.279 Y10.594 E.01645
G1 X5.061 Y29.934 E.84217
G1 X4.527 Y29.934 E.01645
G1 X-14.279 Y11.129 E.8189
G1 X-14.279 Y11.663 E.01645
G1 X3.993 Y29.934 E.79563
G1 X3.458 Y29.934 E.01645
G1 X-14.279 Y12.197 E.77236
G1 X-14.279 Y12.732 E.01645
G1 X2.924 Y29.934 E.74909
G1 X2.389 Y29.934 E.01645
G1 X-14.279 Y13.266 E.72582
G1 X-14.279 Y13.801 E.01645
G1 X1.855 Y29.934 E.70255
G1 X1.321 Y29.934 E.01645
G1 X-14.279 Y14.335 E.67928
G1 X-14.279 Y14.869 E.01645
G1 X.786 Y29.934 E.65601
G1 X.252 Y29.934 E.01645
G1 X-14.279 Y15.404 E.63274
G1 X-14.279 Y15.938 E.01645
G1 X-.283 Y29.934 E.60947
G1 X-.817 Y29.934 E.01645
G1 X-14.279 Y16.472 E.5862
G1 X-14.279 Y17.007 E.01645
G1 X-1.351 Y29.934 E.56293
G1 X-1.886 Y29.934 E.01645
G1 X-14.279 Y17.541 E.53966
G1 X-14.279 Y18.076 E.01645
G1 X-2.42 Y29.934 E.51639
G1 X-2.954 Y29.934 E.01645
G1 X-14.279 Y18.61 E.49312
G1 X-14.279 Y19.144 E.01645
G1 X-3.489 Y29.934 E.46985
G1 X-4.023 Y29.934 E.01645
G1 X-14.279 Y19.679 E.44658
G1 X-14.279 Y20.213 E.01645
G1 X-4.558 Y29.934 E.42331
G1 X-5.092 Y29.934 E.01645
G1 X-14.279 Y20.747 E.40004
G1 X-14.279 Y21.282 E.01645
G1 X-5.626 Y29.934 E.37677
G1 X-6.161 Y29.934 E.01645
G1 X-14.279 Y21.816 E.3535
G1 X-14.279 Y22.351 E.01645
G1 X-6.695 Y29.934 E.33023
G1 X-7.229 Y29.934 E.01645
G1 X-14.279 Y22.885 E.30696
G1 X-14.279 Y23.419 E.01645
G1 X-7.764 Y29.934 E.28369
G1 X-8.298 Y29.934 E.01645
G1 X-14.279 Y23.954 E.26042
G1 X-14.279 Y24.488 E.01645
G1 X-8.833 Y29.934 E.23715
G1 X-9.367 Y29.934 E.01645
G1 X-14.279 Y25.023 E.21388
G1 X-14.279 Y25.557 E.01645
G1 X-9.901 Y29.934 E.19061
G1 X-10.436 Y29.934 E.01645
G1 X-14.279 Y26.091 E.16734
G1 X-14.279 Y26.626 E.01645
G1 X-10.97 Y29.934 E.14407
G1 X-11.505 Y29.934 E.01645
G1 X-14.279 Y27.16 E.1208
G1 X-14.279 Y27.694 E.01645
G1 X-12.039 Y29.934 E.09753
G1 X-12.573 Y29.934 E.01645
G1 X-14.279 Y28.229 E.07427
G1 X-14.279 Y28.763 E.01645
G1 X-13.108 Y29.934 E.051
G1 X-13.642 Y29.934 E.01645
G1 X-14.448 Y29.128 E.03511
SET_VELOCITY_LIMIT ACCEL=10000
G1 X12.147 Y4.382 F30000
SET_VELOCITY_LIMIT ACCEL=7000
;WIDTH:0.554735
G1 F14952.788
G1 X12.147 Y3.508 E.03644
G1 X11.274 Y3.508 E.03644
G1 X12.119 Y4.354 E.04987
;LAYER_CHANGE
;Z:20
;HEIGHT:0.200001
;BEFORE_LAYER_CHANGE
;20
G1 E-.8 F2100
;WIPE_START
G1 F14952.788
G1 X11.274 Y3.508
G1 X12.078 Y3.508
;WIPE_END
;AFTER_LAYER_CHANGE
;20
;_SET_FAN_SPEED_CHANGING_LAYER
SET_VELOCITY_LIMIT ACCEL=10000
G1 F30000
G1 X11.58 Y3.81005 Z20.0308
G1 X10.9986 Y3.84597 Z20.0615
G1 X10.4672 Y3.60761 Z20.0923
G1 X10.1074 Y3.14956 Z20.1231
G1 X10.0016 Y2.57677 Z20.1538
G1 X10.1742 Y2.02044 Z20.1846
G1 X10.5855 Y1.60803 Z20.2154
G1 X11.1414 Y1.43401 Z20.2462
G1 X11.7145 Y1.53826 Z20.2769
G1 X12.1734 Y1.89689 Z20.3077
G1 X12.4132 Y2.42773 Z20.3385
G1 X12.3788 Y3.00919 Z20.3692
G1 X12.0781 Y3.50806 Z20.4
G1 X-14.475 Y30.13 Z20.4
G1 Z20
M73 P98 R0
G1 E.8 F2100
SET_VELOCITY_LIMIT ACCEL=5000
;TYPE:Inner wall
;WIDTH:0.45
G1 F18000
G1 X-14.475 Y3.049 E.89835
G1 X12.607 Y3.049 E.89835
G1 X12.607 Y30.13 E.89835
G1 X-14.435 Y30.13 E.89702
SET_VELOCITY_LIMIT ACCEL=10000
G1 X-14.882 Y30.537 F30000
SET_VELOCITY_LIMIT ACCEL=5000
G1 F18000
G1 X-14.882 Y2.642 E.92536
G1 X13.014 Y2.642 E.92536
G1 X13.014 Y30.537 E.92536
G1 X-14.842 Y30.537 E.92403
SET_VELOCITY_LIMIT ACCEL=10000
G1 X-15.289 Y30.944 F30000
SET_VELOCITY_LIMIT ACCEL=5000
G1 F18000
G1 X-15.289 Y2.234 E.95236
G1 X13.421 Y2.234 E.95236
G1 X13.421 Y30.944 E.95236
G1 X-15.249 Y30.944 E.95104
G1 X-15.724 Y31.379 F30000
;TYPE:Outer wall
;WIDTH:0.42
G1 F12000
G1 X-15.724 Y1.799 E.90891
G1 X13.856 Y1.799 E.90891
G1 X13.856 Y31.379 E.90891
G1 X-15.684 Y31.379 E.90768
SET_VELOCITY_LIMIT ACCEL=10000
G1 E-.8 F2100
;WIPE_START
G1 F12000
G1 X-15.687 Y29.379
;WIPE_END
G1 X-8.054 Y29.341 Z20.4 F30000
G1 X12.483 Y29.237 Z20.4
G1 Z20
G1 E.8 F2100
SET_VELOCITY_LIMIT ACCEL=2000
;TYPE:Top surface
;WIDTH:0.422928
G1 F12000
G1 X11.714 Y30.006 E.03365
SET_VELOCITY_LIMIT ACCEL=10000
G1 X11.177 Y30.006 F30000
SET_VELOCITY_LIMIT ACCEL=2000
G1 F12000
G1 X12.483 Y28.7 E.05719
SET_VELOCITY_LIMIT ACCEL=10000
G1 X12.483 Y28.163 F30000
SET_VELOCITY_LIMIT ACCEL=2000
G1 F12000
G1 X10.639 Y30.006 E.08072
SET_VELOCITY_LIMIT ACCEL=10000
G1 X10.102 Y30.006 F30000
SET_VELOCITY_LIMIT ACCEL=2000
G1 F12000
G1 X12.483 Y27.625 E.10426
SET_VELOCITY_LIMIT ACCEL=10000
G1 X12.483 Y27.088 F30000
SET_VELOCITY_LIMIT ACCEL=2000
G1 F12000
G1 X9.564 Y30.006 E.12779
SET_VELOCITY_LIMIT ACCEL=10000
G1 X9.027 Y30.006 F30000
SET_VELOCITY_LIMIT ACCEL=2000
G1 F12000
G1 X12.483 Y26.55 E.15133
SET_VELOCITY_LIMIT ACCEL=10000
G1 X12.483 Y26.013 F30000
SET_VELOCITY_LIMIT ACCEL=2000
G1 F12000
G1 X8.49 Y30.006 E.17486
SET_VELOCITY_LIMIT ACCEL=10000
G1 X7.952 Y30.006 F30000
SET_VELOCITY_LIMIT ACCEL=2000
G1 F12000
G1 X12.483 Y25.476 E.1984
SET_VELOCITY_LIMIT ACCEL=10000
G1 X12.483 Y24.938 F30000
SET_VELOCITY_LIMIT ACCEL=2000
G1 F12000
G1 X7.415 Y30.006 E.22193
SET_VELOCITY_LIMIT ACCEL=10000
G1 X6.877 Y30.006 F30000
SET_VELOCITY_LIMIT ACCEL=2000
G1 F12000
G1 X12.483 Y24.401 E.24546
SET_VELOCITY_LIMIT ACCEL=10000
G1 X12.483 Y23.863 F30000
SET_VELOCITY_LIMIT ACCEL=2000
G1 F12000
G1 X6.34 Y30.006 E.269
SET_VELOCITY_LIMIT ACCEL=10000
G1 X5.803 Y30.006 F30000
SET_VELOCITY_LIMIT ACCEL=2000
G1 F12000
G1 X12.483 Y23.326 E.29253
SET_VELOCITY_LIMIT ACCEL=10000
G1 X12.483 Y22.788 F30000
SET_VELOCITY_LIMIT ACCEL=2000
G1 F12000
G1 X5.265 Y30.006 E.31607
SET_VELOCITY_LIMIT ACCEL=10000
G1 X4.728 Y30.006 F30000
SET_VELOCITY_LIMIT ACCEL=2000
G1 F12000
G1 X12.483 Y22.251 E.3396
SET_VELOCITY_LIMIT ACCEL=10000
G1 X12.483 Y21.714 F30000
SET_VELOCITY_LIMIT ACCEL=2000
G1 F12000
G1 X4.19 Y30.006 E.36314
SET_VELOCITY_LIMIT ACCEL=10000
G1 X3.653 Y30.006 F30000
SET_VELOCITY_LIMIT ACCEL=2000
G1 F12000
G1 X12.483 Y21.176 E.38667
SET_VELOCITY_LIMIT ACCEL=10000
G1 X12.483 Y20.639 F30000
SET_VELOCITY_LIMIT ACCEL=2000
G1 F12000
G1 X3.115 Y30.006 E.41021
SET_VELOCITY_LIMIT ACCEL=10000
G1 X2.578 Y30.006 F30000
SET_VELOCITY_LIMIT ACCEL=2000
G1 F12000
G1 X12.483 Y20.101 E.43374
SET_VELOCITY_LIMIT ACCEL=10000
G1 X12.483 Y19.564 F30000
SET_VELOCITY_LIMIT ACCEL=2000
G1 F12000
G1 X2.041 Y30.006 E.45728
SET_VELOCITY_LIMIT ACCEL=10000
G1 X1.503 Y30.006 F30000
SET_VELOCITY_LIMIT ACCEL=2000
G1 F12000
G1 X12.483 Y19.027 E.48081
SET_VELOCITY_LIMIT ACCEL=10000
G1 X12.483 Y18.489 F30000
SET_VELOCITY_LIMIT ACCEL=2000
G1 F12000
G1 X.966 Y30.006 E.50434
SET_VELOCITY_LIMIT ACCEL=10000
G1 X.428 Y30.006 F30000
SET_VELOCITY_LIMIT ACCEL=2000
G1 F12000
G1 X12.483 Y17.952 E.52788
SET_VELOCITY_LIMIT ACCEL=10000
G1 X12.483 Y17.414 F30000
SET_VELOCITY_LIMIT ACCEL=2000
G1 F12000
G1 X-.109 Y30.006 E.55141
SET_VELOCITY_LIMIT ACCEL=10000
G1 X-.646 Y30.006 F30000
SET_VELOCITY_LIMIT ACCEL=2000
G1 F12000
G1 X12.483 Y16.877 E.57495
SET_VELOCITY_LIMIT ACCEL=10000
G1 X12.483 Y16.34 F30000
SET_VELOCITY_LIMIT ACCEL=2000
G1 F12000
G1 X-1.184 Y30.006 E.59848
SET_VELOCITY_LIMIT ACCEL=10000
G1 X-1.721 Y30.006 F30000
SET_VELOCITY_LIMIT ACCEL=2000
G1 F12000
G1 X12.483 Y15.802 E.62202
SET_VELOCITY_LIMIT ACCEL=10000
G1 X12.483 Y15.265 F30000
SET_VELOCITY_LIMIT ACCEL=2000
G1 F12000
G1 X-2.259 Y30.006 E.64555
SET_VELOCITY_LIMIT ACCEL=10000
G1 X-2.796 Y30.006 F30000
SET_VELOCITY_LIMIT ACCEL=2000
G1 F12000
G1 X12.483 Y14.727 E.66909
SET_VELOCITY_LIMIT ACCEL=10000
G1 X12.483 Y14.19 F30000
SET_VELOCITY_LIMIT ACCEL=2000
G1 F12000
G1 X-3.334 Y30.006 E.69262
SET_VELOCITY_LIMIT ACCEL=10000
G1 X-3.871 Y30.006 F30000
SET_VELOCITY_LIMIT ACCEL=2000
G1 F12000
G1 X12.483 Y13.652 E.71616
SET_VELOCITY_LIMIT ACCEL=10000
G1 X12.483 Y13.115 F30000
SET_VELOCITY_LIMIT ACCEL=2000
G1 F12000
G1 X-4.408 Y30.006 E.73969
SET_VELOCITY_LIMIT ACCEL=10000
G1 X-4.946 Y30.006 F30000
SET_VELOCITY_LIMIT ACCEL=2000
G1 F12000
G1 X12.483 Y12.578 E.76322
SET_VELOCITY_LIMIT ACCEL=10000
G1 X12.483 Y12.04 F30000
SET_VELOCITY_LIMIT ACCEL=2000
G1 F12000
G1 X-5.483 Y30.006 E.78676
SET_VELOCITY_LIMIT ACCEL=10000
G1 X-6.021 Y30.006 F30000
SET_VELOCITY_LIMIT ACCEL=2000
G1 F12000
G1 X12.483 Y11.503 E.81029
SET_VELOCITY_LIMIT ACCEL=10000
G1 X12.483 Y10.965 F30000
SET_VELOCITY_LIMIT ACCEL=2000
G1 F12000
G1 X-6.558 Y30.006 E.83383
SET_VELOCITY_LIMIT ACCEL=10000
G1 X-7.095 Y30.006 F30000
SET_VELOCITY_LIMIT ACCEL=2000
G1 F12000
G1 X12.483 Y10.428 E.85736
SET_VELOCITY_LIMIT ACCEL=10000
G1 X12.483 Y9.891 F30000
SET_VELOCITY_LIMIT ACCEL=2000
G1 F12000
G1 X-7.633 Y30.006 E.8809
SET_VELOCITY_LIMIT ACCEL=10000
G1 X-8.17 Y30.006 F30000
SET_VELOCITY_LIMIT ACCEL=2000
G1 F12000
G1 X12.483 Y9.353 E.90443
SET_VELOCITY_LIMIT ACCEL=10000
G1 X12.483 Y8.816 F30000
SET_VELOCITY_LIMIT ACCEL=2000
G1 F12000
G1 X-8.708 Y30.006 E.92797
SET_VELOCITY_LIMIT ACCEL=10000
G1 X-9.245 Y30.006 F30000
SET_VELOCITY_LIMIT ACCEL=2000
G1 F12000
G1 X12.483 Y8.278 E.9515
SET_VELOCITY_LIMIT ACCEL=10000
G1 X12.483 Y7.741 F30000
SET_VELOCITY_LIMIT ACCEL=2000
G1 F12000
G1 X-9.782 Y30.006 E.97504
SET_VELOCITY_LIMIT ACCEL=10000
G1 X-10.32 Y30.006 F30000
SET_VELOCITY_LIMIT ACCEL=2000
G1 F12000
G1 X12.483 Y7.204 E.99857
SET_VELOCITY_LIMIT ACCEL=10000
G1 X12.483 Y6.666 F30000
SET_VELOCITY_LIMIT ACCEL=2000
G1 F12000
G1 X-10.857 Y30.006 E1.0221
SET_VELOCITY_LIMIT ACCEL=10000
G1 X-11.395 Y30.006 F30000
SET_VELOCITY_LIMIT ACCEL=2000
G1 F12000
G1 X12.483 Y6.129 E1.04564
SET_VELOCITY_LIMIT ACCEL=10000
G1 X12.483 Y5.591 F30000
SET_VELOCITY_LIMIT ACCEL=2000
G1 F12000
G1 X-11.932 Y30.006 E1.06917
SET_VELOCITY_LIMIT ACCEL=10000
G1 X-12.47 Y30.006 F30000
M73 P99 R0
SET_VELOCITY_LIMIT ACCEL=2000
G1 F12000
G1 X12.483 Y5.054 E1.09271
SET_VELOCITY_LIMIT ACCEL=10000
G1 X12.483 Y4.516 F30000
SET_VELOCITY_LIMIT ACCEL=2000
G1 F12000
G1 X-13.007 Y30.006 E1.11624
SET_VELOCITY_LIMIT ACCEL=10000
G1 X-13.544 Y30.006 F30000
SET_VELOCITY_LIMIT ACCEL=2000
G1 F12000
G1 X12.483 Y3.979 E1.13978
SET_VELOCITY_LIMIT ACCEL=10000
G1 X12.483 Y3.442 F30000
SET_VELOCITY_LIMIT ACCEL=2000
G1 F12000
G1 X-14.082 Y30.006 E1.16331
SET_VELOCITY_LIMIT ACCEL=10000
G1 X-14.35 Y29.737 F30000
SET_VELOCITY_LIMIT ACCEL=2000
G1 F12000
G1 X12.214 Y3.173 E1.16331
SET_VELOCITY_LIMIT ACCEL=10000
G1 X11.676 Y3.173 F30000
SET_VELOCITY_LIMIT ACCEL=2000
G1 F12000
G1 X-14.35 Y29.2 E1.13977
SET_VELOCITY_LIMIT ACCEL=10000
G1 X-14.35 Y28.662 F30000
SET_VELOCITY_LIMIT ACCEL=2000
G1 F12000
G1 X11.139 Y3.173 E1.11624
SET_VELOCITY_LIMIT ACCEL=10000
G1 X10.602 Y3.173 F30000
SET_VELOCITY_LIMIT ACCEL=2000
G1 F12000
G1 X-14.35 Y28.125 E1.0927
SET_VELOCITY_LIMIT ACCEL=10000
G1 X-14.35 Y27.588 F30000
SET_VELOCITY_LIMIT ACCEL=2000
G1 F12000
G1 X10.064 Y3.173 E1.06917
SET_VELOCITY_LIMIT ACCEL=10000
G1 X9.527 Y3.173 F30000
SET_VELOCITY_LIMIT ACCEL=2000
G1 F12000
G1 X-14.35 Y27.05 E1.04563
SET_VELOCITY_LIMIT ACCEL=10000
G1 X-14.35 Y26.513 F30000
SET_VELOCITY_LIMIT ACCEL=2000
G1 F12000
G1 X8.989 Y3.173 E1.0221
SET_VELOCITY_LIMIT ACCEL=10000
G1 X8.452 Y3.173 F30000
SET_VELOCITY_LIMIT ACCEL=2000
G1 F12000
G1 X-14.35 Y25.975 E.99857
SET_VELOCITY_LIMIT ACCEL=10000
G1 X-14.35 Y25.438 F30000
SET_VELOCITY_LIMIT ACCEL=2000
G1 F12000
G1 X7.914 Y3.173 E.97503
SET_VELOCITY_LIMIT ACCEL=10000
G1 X7.377 Y3.173 F30000
SET_VELOCITY_LIMIT ACCEL=2000
G1 F12000
G1 X-14.35 Y24.9 E.9515
SET_VELOCITY_LIMIT ACCEL=10000
G1 X-14.35 Y24.363 F30000
SET_VELOCITY_LIMIT ACCEL=2000
G1 F12000
G1 X6.84 Y3.173 E.92796
SET_VELOCITY_LIMIT ACCEL=10000
G1 X6.302 Y3.173 F30000
SET_VELOCITY_LIMIT ACCEL=2000
G1 F12000
G1 X-14.35 Y23.826 E.90443
SET_VELOCITY_LIMIT ACCEL=10000
G1 X-14.35 Y23.288 F30000
SET_VELOCITY_LIMIT ACCEL=2000
G1 F12000
G1 X5.765 Y3.173 E.88089
SET_VELOCITY_LIMIT ACCEL=10000
G1 X5.227 Y3.173 F30000
SET_VELOCITY_LIMIT ACCEL=2000
G1 F12000
G1 X-14.35 Y22.751 E.85736
SET_VELOCITY_LIMIT ACCEL=10000
G1 X-14.35 Y22.213 F30000
SET_VELOCITY_LIMIT ACCEL=2000
G1 F12000
G1 X4.69 Y3.173 E.83382
SET_VELOCITY_LIMIT ACCEL=10000
G1 X4.153 Y3.173 F30000
SET_VELOCITY_LIMIT ACCEL=2000
G1 F12000
G1 X-14.35 Y21.676 E.81029
SET_VELOCITY_LIMIT ACCEL=10000
G1 X-14.35 Y21.139 F30000
SET_VELOCITY_LIMIT ACCEL=2000
G1 F12000
G1 X3.615 Y3.173 E.78675
SET_VELOCITY_LIMIT ACCEL=10000
G1 X3.078 Y3.173 F30000
SET_VELOCITY_LIMIT ACCEL=2000
G1 F12000
G1 X-14.35 Y20.601 E.76322
SET_VELOCITY_LIMIT ACCEL=10000
G1 X-14.35 Y20.064 F30000
SET_VELOCITY_LIMIT ACCEL=2000
G1 F12000
G1 X2.54 Y3.173 E.73969
SET_VELOCITY_LIMIT ACCEL=10000
G1 X2.003 Y3.173 F30000
SET_VELOCITY_LIMIT ACCEL=2000
G1 F12000
G1 X-14.35 Y19.526 E.71615
SET_VELOCITY_LIMIT ACCEL=10000
G1 X-14.35 Y18.989 F30000
SET_VELOCITY_LIMIT ACCEL=2000
G1 F12000
G1 X1.466 Y3.173 E.69262
SET_VELOCITY_LIMIT ACCEL=10000
G1 X.928 Y3.173 F30000
SET_VELOCITY_LIMIT ACCEL=2000
G1 F12000
G1 X-14.35 Y18.452 E.66908
SET_VELOCITY_LIMIT ACCEL=10000
G1 X-14.35 Y17.914 F30000
SET_VELOCITY_LIMIT ACCEL=2000
G1 F12000
G1 X.391 Y3.173 E.64555
SET_VELOCITY_LIMIT ACCEL=10000
G1 X-.147 Y3.173 F30000
SET_VELOCITY_LIMIT ACCEL=2000
G1 F12000
G1 X-14.35 Y17.377 E.62201
SET_VELOCITY_LIMIT ACCEL=10000
G1 X-14.35 Y16.839 F30000
SET_VELOCITY_LIMIT ACCEL=2000
G1 F12000
G1 X-.684 Y3.173 E.59848
SET_VELOCITY_LIMIT ACCEL=10000
G1 X-1.222 Y3.173 F30000
SET_VELOCITY_LIMIT ACCEL=2000
G1 F12000
G1 X-14.35 Y16.302 E.57494
SET_VELOCITY_LIMIT ACCEL=10000
G1 X-14.35 Y15.764 F30000
SET_VELOCITY_LIMIT ACCEL=2000
G1 F12000
G1 X-1.759 Y3.173 E.55141
SET_VELOCITY_LIMIT ACCEL=10000
G1 X-2.296 Y3.173 F30000
SET_VELOCITY_LIMIT ACCEL=2000
G1 F12000
G1 X-14.35 Y15.227 E.52787
SET_VELOCITY_LIMIT ACCEL=10000
G1 X-14.35 Y14.69 F30000
SET_VELOCITY_LIMIT ACCEL=2000
G1 F12000
G1 X-2.834 Y3.173 E.50434
SET_VELOCITY_LIMIT ACCEL=10000
G1 X-3.371 Y3.173 F30000
SET_VELOCITY_LIMIT ACCEL=2000
G1 F12000
G1 X-14.35 Y14.152 E.48081
SET_VELOCITY_LIMIT ACCEL=10000
G1 X-14.35 Y13.615 F30000
SET_VELOCITY_LIMIT ACCEL=2000
G1 F12000
G1 X-3.909 Y3.173 E.45727
SET_VELOCITY_LIMIT ACCEL=10000
G1 X-4.446 Y3.173 F30000
SET_VELOCITY_LIMIT ACCEL=2000
G1 F12000
G1 X-14.35 Y13.077 E.43374
SET_VELOCITY_LIMIT ACCEL=10000
G1 X-14.35 Y12.54 F30000
SET_VELOCITY_LIMIT ACCEL=2000
G1 F12000
G1 X-4.983 Y3.173 E.4102
SET_VELOCITY_LIMIT ACCEL=10000
G1 X-5.521 Y3.173 F30000
SET_VELOCITY_LIMIT ACCEL=2000
G1 F12000
G1 X-14.35 Y12.003 E.38667
SET_VELOCITY_LIMIT ACCEL=10000
G1 X-14.35 Y11.465 F30000
SET_VELOCITY_LIMIT ACCEL=2000
G1 F12000
G1 X-6.058 Y3.173 E.36313
SET_VELOCITY_LIMIT ACCEL=10000
G1 X-6.596 Y3.173 F30000
SET_VELOCITY_LIMIT ACCEL=2000
G1 F12000
G1 X-14.35 Y10.928 E.3396
SET_VELOCITY_LIMIT ACCEL=10000
G1 X-14.35 Y10.39 F30000
SET_VELOCITY_LIMIT ACCEL=2000
G1 F12000
G1 X-7.133 Y3.173 E.31606
SET_VELOCITY_LIMIT ACCEL=10000
G1 X-7.67 Y3.173 F30000
SET_VELOCITY_LIMIT ACCEL=2000
G1 F12000
G1 X-14.35 Y9.853 E.29253
SET_VELOCITY_LIMIT ACCEL=10000
G1 X-14.35 Y9.315 F30000
SET_VELOCITY_LIMIT ACCEL=2000
G1 F12000
G1 X-8.208 Y3.173 E.26899
SET_VELOCITY_LIMIT ACCEL=10000
G1 X-8.745 Y3.173 F30000
SET_VELOCITY_LIMIT ACCEL=2000
G1 F12000
G1 X-14.35 Y8.778 E.24546
SET_VELOCITY_LIMIT ACCEL=10000
G1 X-14.35 Y8.241 F30000
SET_VELOCITY_LIMIT ACCEL=2000
G1 F12000
G1 X-9.283 Y3.173 E.22193
SET_VELOCITY_LIMIT ACCEL=10000
G1 X-9.82 Y3.173 F30000
SET_VELOCITY_LIMIT ACCEL=2000
G1 F12000
G1 X-14.35 Y7.703 E.19839
SET_VELOCITY_LIMIT ACCEL=10000
G1 X-14.35 Y7.166 F30000
SET_VELOCITY_LIMIT ACCEL=2000
G1 F12000
G1 X-10.358 Y3.173 E.17486
SET_VELOCITY_LIMIT ACCEL=10000
G1 X-10.895 Y3.173 F30000
SET_VELOCITY_LIMIT ACCEL=2000
G1 F12000
G1 X-14.35 Y6.628 E.15132
SET_VELOCITY_LIMIT ACCEL=10000
G1 X-14.35 Y6.091 F30000
SET_VELOCITY_LIMIT ACCEL=2000
G1 F12000
G1 X-11.432 Y3.173 E.12779
SET_VELOCITY_LIMIT ACCEL=10000
G1 X-11.97 Y3.173 F30000
SET_VELOCITY_LIMIT ACCEL=2000
G1 F12000
G1 X-14.35 Y5.554 E.10425
SET_VELOCITY_LIMIT ACCEL=10000
G1 X-14.35 Y5.016 F30000
SET_VELOCITY_LIMIT ACCEL=2000
G1 F12000
G1 X-12.507 Y3.173 E.08072
SET_VELOCITY_LIMIT ACCEL=10000
G1 X-13.045 Y3.173 F30000
SET_VELOCITY_LIMIT ACCEL=2000
G1 F12000
G1 X-14.35 Y4.479 E.05718
SET_VELOCITY_LIMIT ACCEL=10000
G1 X-14.35 Y3.941 F30000
SET_VELOCITY_LIMIT ACCEL=2000
G1 F12000
G1 X-13.582 Y3.173 E.03365
G1 E-.8 F2100
;WIPE_START
G1 F12000
G1 X-14.35 Y3.941
;WIPE_END
M106 S0
M106 P2 S0
;TYPE:Custom
; filament end gcode
G1 E-3 F3600
G0 X50 Y50 F30000
M104 S0 ; turn off temperature
M73 P100 R0
; EXECUTABLE_BLOCK_END

; filament used [mm] = 3977.21
; filament used [cm3] = 9.57
; filament used [g] = 11.86
; filament cost = 0.24
; total filament used [g] = 11.86
; total filament cost = 0.24
; total layers count = 100
; estimated printing time (normal mode) = 19m 0s
; estimated first layer printing time (normal mode) = 15s

; CONFIG_BLOCK_START
; accel_to_decel_enable = 0
; accel_to_decel_factor = 50%
; activate_air_filtration = 0
; activate_chamber_temp_control = 0
; adaptive_bed_mesh_margin = 0
; adaptive_pressure_advance = 0
; adaptive_pressure_advance_bridges = 0
; adaptive_pressure_advance_model = "0,0,0\n0,0,0"
; adaptive_pressure_advance_overhangs = 0
; additional_cooling_fan_speed = 100
; align_infill_direction_to_model = 0
; alternate_extra_wall = 0
; auxiliary_fan = 1
; bbl_calib_mark_logo = 1
; bbl_use_printhost = 0
; bed_custom_model = 
; bed_custom_texture = 
; bed_exclude_area = 0x0
; bed_mesh_max = 99999,99999
; bed_mesh_min = -99999,-99999
; bed_mesh_probe_distance = 50,50
; bed_temperature_formula = by_highest_temp
; before_layer_change_gcode = ;BEFORE_LAYER_CHANGE\n;[layer_z]
; best_object_pos = 0.5,0.5
; bottom_shell_layers = 3
; bottom_shell_thickness = 0
; bottom_solid_infill_flow_ratio = 1
; bottom_surface_density = 100%
; bottom_surface_pattern = monotonic
; bridge_acceleration = 50%
; bridge_angle = 0
; bridge_density = 100%
; bridge_flow = 1
; bridge_no_support = 0
; bridge_speed = 25
; brim_ears_detection_length = 1
; brim_ears_max_angle = 125
; brim_object_gap = 0.1
; brim_type = no_brim
; brim_use_efc_outline = 0
; brim_width = 5
; calib_flowrate_topinfill_special_order = 0
; chamber_temperature = 0
; change_extrusion_role_gcode = 
; change_filament_gcode = 
; close_fan_the_first_x_layers = 1
; complete_print_exhaust_fan_speed = 80
; cool_plate_temp = 60
; cool_plate_temp_initial_layer = 55
; cooling_tube_length = 5
; cooling_tube_retraction = 91.5
; counterbore_hole_bridging = none
; curr_bed_type = High Temp Plate
; default_acceleration = 10000
; default_bed_type = 
; default_filament_colour = ""
; default_filament_profile = "Flashforge Generic PLA"
; default_jerk = 0
; default_junction_deviation = 0
; default_nozzle_volume_type = Standard
; default_print_profile = 0.20mm Standard @Flashforge AD5M Pro 0.4 Nozzle
; deretraction_speed = 35
; detect_narrow_internal_solid_infill = 1
; detect_overhang_wall = 1
; detect_thin_wall = 0
; different_settings_to_system = wall_loops;;
; disable_m73 = 0
; dont_filter_internal_bridges = disabled
; dont_slow_down_outer_wall = 0
; draft_shield = disabled
; during_print_exhaust_fan_speed = 60
; elefant_foot_compensation = 0.15
; elefant_foot_compensation_layers = 1
; emit_machine_limits_to_gcode = 1
; enable_arc_fitting = 0
; enable_extra_bridge_layer = disabled
; enable_filament_ramming = 1
; enable_long_retraction_when_cut = 0
; enable_overhang_bridge_fan = 1
; enable_overhang_speed = 1
; enable_power_loss_recovery = printer_configuration
; enable_pressure_advance = 1
; enable_prime_tower = 0
; enable_support = 0
; enable_tower_interface_cooldown_during_tower = 0
; enable_tower_interface_features = 0
; enable_wrapping_detection = 0
; enforce_support_layers = 0
; eng_plate_temp = 60
; eng_plate_temp_initial_layer = 55
; ensure_vertical_shell_thickness = ensure_all
; exclude_object = 0
; extra_loading_move = -2
; extra_perimeters_on_overhangs = 0
; extra_solid_infills = 
; extruder_ams_count = 1#0|4#0;
; extruder_clearance_height_to_lid = 150
; extruder_clearance_height_to_rod = 27
; extruder_clearance_radius = 76
; extruder_colour = #26A69A
; extruder_offset = 0x0
; extruder_printable_area = 
; extruder_printable_height = 0
; extruder_type = Direct Drive
; extruder_variant_list = "Direct Drive Standard"
; extrusion_rate_smoothing_external_perimeter_only = 0
; fan_cooling_layer_time = 100
; fan_kickstart = 0
; fan_max_speed = 100
; fan_min_speed = 100
; fan_speedup_overhangs = 1
; fan_speedup_time = 0
; filament_adaptive_volumetric_speed = 0
; filament_adhesiveness_category = 0
; filament_change_length = 10
; filament_colour = #26A69A
; filament_colour_type = 1
; filament_cooling_final_speed = 3.4
; filament_cooling_initial_speed = 2.2
; filament_cooling_moves = 4
; filament_cost = 20
; filament_density = 1.24
; filament_diameter = 1.75
; filament_end_gcode = "; filament end gcode\n"
; filament_extruder_variant = "Direct Drive Standard"
; filament_flow_ratio = 0.98
; filament_flush_temp = 0
; filament_flush_volumetric_speed = 0
; filament_ids = FFG01
; filament_is_support = 0
; filament_loading_speed = 28
; filament_loading_speed_start = 3
; filament_map = 1
; filament_map_mode = Auto For Flush
; filament_max_volumetric_speed = 25
; filament_minimal_purge_on_wipe_tower = 15
; filament_multi_colour = #26A69A
; filament_multitool_ramming = 0
; filament_multitool_ramming_flow = 10
; filament_multitool_ramming_volume = 10
; filament_notes = ""
; filament_printable = 3
; filament_ramming_parameters = "120 100 6.6 6.8 7.2 7.6 7.9 8.2 8.7 9.4 9.9 10.0| 0.05 6.6 0.45 6.8 0.95 7.8 1.45 8.3 1.95 9.7 2.45 10 2.95 7.6 3.45 7.6 3.95 7.6 4.45 7.6 4.95 7.6"
; filament_self_index = 1
; filament_settings_id = "Flashforge Generic PLA"
; filament_shrink = 100%
; filament_shrinkage_compensation_z = 100%
; filament_soluble = 0
; filament_stamping_distance = 0
; filament_stamping_loading_speed = 0
; filament_start_gcode = "; filament start gcode\n;right_extruder_material: PLA\n"
; filament_toolchange_delay = 0
; filament_tower_interface_pre_extrusion_dist = 10
; filament_tower_interface_pre_extrusion_length = 0
; filament_tower_interface_print_temp = -1
; filament_tower_interface_purge_volume = 20
; filament_tower_ironing_area = 4
; filament_type = PLA
; filament_unloading_speed = 90
; filament_unloading_speed_start = 100
; filament_vendor = Generic
; file_start_gcode = 
; filename_format = {input_filename_base}_{filament_type[0]}_{print_time}.gcode
; fill_multiline = 1
; filter_out_gap_fill = 0.5
; first_layer_flow_ratio = 1
; first_layer_print_sequence = 0
; flush_into_infill = 0
; flush_into_objects = 0
; flush_into_support = 1
; flush_multiplier = 0.3
; flush_volumes_matrix = 0
; flush_volumes_vector = 140,140
; full_fan_speed_layer = 0
; fuzzy_skin = disabled_fuzzy
; fuzzy_skin_first_layer = 0
; fuzzy_skin_mode = displacement
; fuzzy_skin_noise_type = classic
; fuzzy_skin_octaves = 4
; fuzzy_skin_persistence = 0.5
; fuzzy_skin_point_distance = 0.3
; fuzzy_skin_scale = 1
; fuzzy_skin_thickness = 0.2
; gap_fill_flow_ratio = 1
; gap_fill_target = nowhere
; gap_infill_speed = 200
; gcode_add_line_number = 0
; gcode_comments = 0
; gcode_flavor = klipper
; gcode_label_objects = 0
; grab_length = 0
; has_scarf_joint_seam = 0
; head_wrap_detect_zone = 
; high_current_on_filament_swap = 0
; hole_to_polyhole = 0
; hole_to_polyhole_threshold = 0.01
; hole_to_polyhole_twisted = 1
; host_type = octoprint
; hot_plate_temp = 50
; hot_plate_temp_initial_layer = 55
; idle_temperature = 0
; independent_support_layer_height = 1
; infill_anchor = 400%
; infill_anchor_max = 20
; infill_combination = 0
; infill_combination_max_layer_height = 100%
; infill_direction = 45
; infill_jerk = 9
; infill_lock_depth = 1
; infill_overhang_angle = 60
; infill_shift_step = 0.4
; infill_wall_overlap = 50%
; initial_layer_acceleration = 500
; initial_layer_infill_speed = 80
; initial_layer_jerk = 9
; initial_layer_line_width = 0.5
; initial_layer_min_bead_width = 85%
; initial_layer_print_height = 0.2
; initial_layer_speed = 50
; initial_layer_travel_speed = 100%
; inner_wall_acceleration = 5000
; inner_wall_flow_ratio = 1
; inner_wall_jerk = 9
; inner_wall_line_width = 0.45
; inner_wall_speed = 300
; interface_shells = 0
; interlocking_beam = 0
; interlocking_beam_layer_count = 2
; interlocking_beam_width = 0.8
; interlocking_boundary_avoidance = 2
; interlocking_depth = 2
; interlocking_orientation = 22.5
; internal_bridge_angle = 0
; internal_bridge_density = 100%
; internal_bridge_fan_speed = -1
; internal_bridge_flow = 1
; internal_bridge_speed = 50
; internal_solid_infill_acceleration = 7000
; internal_solid_infill_flow_ratio = 1
; internal_solid_infill_line_width = 0.42
; internal_solid_infill_pattern = monotonic
; internal_solid_infill_speed = 250
; ironing_angle = 0
; ironing_angle_fixed = 0
; ironing_fan_speed = -1
; ironing_flow = 15%
; ironing_inset = 0
; ironing_pattern = rectilinear
; ironing_spacing = 0.1
; ironing_speed = 15
; ironing_type = no ironing
; is_infill_first = 0
; lateral_lattice_angle_1 = -45
; lateral_lattice_angle_2 = 45
; layer_change_gcode = ;AFTER_LAYER_CHANGE\n;[layer_z]
; layer_height = 0.2
; line_width = 0.42
; long_retractions_when_cut = 0
; long_retractions_when_ec = 0
; machine_end_gcode = G1 E-3 F3600\nG0 X50 Y50 F30000\nM104 S0 ; turn off temperature
; machine_load_filament_time = 0
; machine_max_acceleration_e = 5000,5000
; machine_max_acceleration_extruding = 20000,20000
; machine_max_acceleration_retracting = 5000,5000
; machine_max_acceleration_travel = 20000,20000
; machine_max_acceleration_x = 20000,20000
; machine_max_acceleration_y = 20000,20000
; machine_max_acceleration_z = 500,500
; machine_max_jerk_e = 2.5,2.5
; machine_max_jerk_x = 9,9
; machine_max_jerk_y = 9,9
; machine_max_jerk_z = 3,3
; machine_max_junction_deviation = 0.01
; machine_max_speed_e = 30,30
; machine_max_speed_x = 600,600
; machine_max_speed_y = 600,600
; machine_max_speed_z = 20,20
; machine_min_extruding_rate = 0,0
; machine_min_travel_rate = 0,0
; machine_pause_gcode = M25
; machine_start_gcode = M190 S[bed_temperature_initial_layer_single]\nM104 S[nozzle_temperature_initial_layer]\nG90\nM83\nG1 Z5 F6000\nG1 E-0.2 F800\nG1 X110 Y-110 F6000\nG1 E2 F800\nG1 Y-110 X55 Z0.25 F4800\nG1 X-55 E8 F2400\nG1 Y-109.6 F2400\nG1 X55 E5 F2400\nG1 Y-110 X55 Z0.45 F4800\nG1 X-55 E8 F2400\nG1 Y-109.6 F2400\nG1 X55 E5 F2400\nG92 E0
; machine_tool_change_time = 0
; machine_unload_filament_time = 0
; make_overhang_printable = 0
; make_overhang_printable_angle = 55
; make_overhang_printable_hole_size = 0
; manual_filament_change = 0
; master_extruder_id = 1
; max_bridge_length = 10
; max_layer_height = 0.28
; max_resonance_avoidance_speed = 120
; max_travel_detour_distance = 0
; max_volumetric_extrusion_rate_slope = 0
; max_volumetric_extrusion_rate_slope_segment_length = 3
; min_bead_width = 85%
; min_feature_size = 25%
; min_layer_height = 0.08
; min_length_factor = 0.5
; min_resonance_avoidance_speed = 70
; min_skirt_length = 0
; min_width_top_surface = 300%
; minimum_sparse_infill_area = 15
; mmu_segmented_region_interlocking_depth = 0
; mmu_segmented_region_max_width = 0
; notes = 
; nozzle_diameter = 0.4
; nozzle_flush_dataset = 0
; nozzle_height = 2.5
; nozzle_hrc = 0
; nozzle_temperature = 220
; nozzle_temperature_initial_layer = 220
; nozzle_temperature_range_high = 230
; nozzle_temperature_range_low = 190
; nozzle_type = stainless_steel
; nozzle_volume = 0
; nozzle_volume_type = Standard
; only_one_wall_first_layer = 0
; only_one_wall_top = 0
; ooze_prevention = 0
; other_layers_print_sequence = 0
; other_layers_print_sequence_nums = 0
; outer_wall_acceleration = 5000
; outer_wall_flow_ratio = 1
; outer_wall_jerk = 9
; outer_wall_line_width = 0.42
; outer_wall_speed = 200
; overhang_1_4_speed = 0
; overhang_2_4_speed = 40
; overhang_3_4_speed = 20
; overhang_4_4_speed = 10
; overhang_fan_speed = 100
; overhang_fan_threshold = 50%
; overhang_flow_ratio = 1
; overhang_reverse = 0
; overhang_reverse_internal_only = 0
; overhang_reverse_threshold = 50%
; parking_pos_retraction = 92
; pellet_flow_coefficient = 0.4157
; pellet_modded_printer = 0
; physical_extruder_map = 0
; post_process = 
; precise_outer_wall = 1
; precise_z_height = 0
; preferred_orientation = 0
; preheat_steps = 1
; preheat_time = 30
; pressure_advance = 0.025
; prime_tower_brim_width = 3
; prime_tower_enable_framework = 0
; prime_tower_flat_ironing = 0
; prime_tower_infill_gap = 150%
; prime_tower_skip_points = 1
; prime_tower_width = 60
; prime_volume = 45
; print_compatible_printers = "Flashforge Adventurer 5M Pro 0.4 Nozzle"
; print_extruder_id = 1
; print_extruder_variant = "Direct Drive Standard"
; print_flow_ratio = 1
; print_order = default
; print_sequence = by layer
; print_settings_id = 0.20mm Standard @Flashforge AD5M Pro 0.4 Nozzle
; printable_area = -110x-110,110x-110,110x110,-110x110
; printable_height = 220
; printer_agent = 
; printer_extruder_id = 1
; printer_extruder_variant = "Direct Drive Standard"
; printer_model = Flashforge Adventurer 5M Pro
; printer_notes = 
; printer_settings_id = Flashforge Adventurer 5M Pro 0.4 Nozzle
; printer_structure = undefine
; printer_technology = FFF
; printer_variant = 0.4
; printhost_authorization_type = key
; printhost_ssl_ignore_revoke = 0
; printing_by_object_gcode = 
; purge_in_prime_tower = 1
; raft_contact_distance = 0.1
; raft_expansion = 1.5
; raft_first_layer_density = 90%
; raft_first_layer_expansion = 2
; raft_layers = 0
; reduce_crossing_wall = 0
; reduce_fan_stop_start_freq = 1
; reduce_infill_retraction = 1
; required_nozzle_HRC = 0
; resolution = 0.012
; resonance_avoidance = 0
; retract_before_wipe = 100%
; retract_length_toolchange = 2
; retract_lift_above = 0
; retract_lift_below = 0
; retract_lift_enforce = All Surfaces
; retract_restart_extra = 0
; retract_restart_extra_toolchange = 0
; retract_when_changing_layer = 1
; retraction_distances_when_cut = 18
; retraction_distances_when_ec = 10
; retraction_length = 0.8
; retraction_minimum_travel = 1
; retraction_speed = 35
; role_based_wipe_speed = 1
; scan_first_layer = 0
; scarf_angle_threshold = 155
; scarf_joint_flow_ratio = 1
; scarf_joint_speed = 100%
; scarf_overhang_threshold = 40%
; seam_gap = 10%
; seam_position = aligned
; seam_slope_conditional = 0
; seam_slope_entire_loop = 0
; seam_slope_inner_walls = 0
; seam_slope_min_length = 20
; seam_slope_start_height = 0
; seam_slope_steps = 10
; seam_slope_type = none
; set_other_flow_ratios = 0
; silent_mode = 0
; single_extruder_multi_material = 0
; single_extruder_multi_material_priming = 0
; single_loop_draft_shield = 0
; skeleton_infill_density = 25%
; skeleton_infill_line_width = 100%
; skin_infill_density = 25%
; skin_infill_depth = 2
; skin_infill_line_width = 100%
; skirt_distance = 2
; skirt_height = 1
; skirt_loops = 0
; skirt_speed = 50
; skirt_start_angle = -135
; skirt_type = combined
; slice_closing_radius = 0.049
; slicing_mode = regular
; slow_down_for_layer_cooling = 1
; slow_down_layer_time = 6
; slow_down_layers = 1
; slow_down_min_speed = 20
; slowdown_for_curled_perimeters = 1
; small_area_infill_flow_compensation = 0
; small_area_infill_flow_compensation_model = 0,0;"\n0.2,0.4444";"\n0.4,0.6145";"\n0.6,0.7059";"\n0.8,0.7619";"\n1.5,0.8571";"\n2,0.8889";"\n3,0.9231";"\n5,0.9520";"\n10,1"
; small_perimeter_speed = 50%
; small_perimeter_threshold = 0
; solid_infill_direction = 45
; solid_infill_filament = 1
; solid_infill_rotate_template = 
; sparse_infill_acceleration = 100%
; sparse_infill_density = 15%
; sparse_infill_filament = 1
; sparse_infill_flow_ratio = 1
; sparse_infill_line_width = 0.45
; sparse_infill_pattern = crosshatch
; sparse_infill_rotate_template = 
; sparse_infill_speed = 270
; spiral_finishing_flow_ratio = 0
; spiral_mode = 0
; spiral_mode_max_xy_smoothing = 200%
; spiral_mode_smooth = 0
; spiral_starting_flow_ratio = 0
; staggered_inner_seams = 0
; standby_temperature_delta = -5
; start_end_points = 30x-3,54x245
; supertack_plate_temp = 35
; supertack_plate_temp_initial_layer = 35
; support_air_filtration = 1
; support_angle = 0
; support_base_pattern = rectilinear
; support_base_pattern_spacing = 2.5
; support_bottom_interface_spacing = 0.5
; support_bottom_z_distance = 0.18
; support_chamber_temp_control = 1
; support_critical_regions_only = 0
; support_expansion = 0
; support_filament = 0
; support_flow_ratio = 1
; support_interface_bottom_layers = 2
; support_interface_filament = 0
; support_interface_flow_ratio = 1
; support_interface_loop_pattern = 0
; support_interface_not_for_body = 1
; support_interface_pattern = auto
; support_interface_spacing = 0.5
; support_interface_speed = 80
; support_interface_top_layers = 2
; support_ironing = 0
; support_ironing_flow = 10%
; support_ironing_pattern = rectilinear
; support_ironing_spacing = 0.1
; support_line_width = 0.42
; support_material_interface_fan_speed = 100
; support_multi_bed_types = 1
; support_object_first_layer_gap = 0.2
; support_object_skip_flush = 0
; support_object_xy_distance = 0.3
; support_on_build_plate_only = 0
; support_remove_small_overhang = 1
; support_speed = 150
; support_style = default
; support_threshold_angle = 30
; support_threshold_overlap = 50%
; support_top_z_distance = 0.18
; support_type = normal(auto)
; symmetric_infill_y_axis = 0
; temperature_vitrification = 60
; template_custom_gcode = 
; textured_cool_plate_temp = 40
; textured_cool_plate_temp_initial_layer = 40
; textured_plate_temp = 60
; textured_plate_temp_initial_layer = 55
; thick_bridges = 0
; thick_internal_bridges = 1
; thumbnails = 140x110/PNG
; thumbnails_format = PNG
; time_cost = 0
; time_lapse_gcode = 
; timelapse_type = 0
; top_bottom_infill_wall_overlap = 25%
; top_shell_layers = 5
; top_shell_thickness = 1
; top_solid_infill_flow_ratio = 1
; top_surface_acceleration = 2000
; top_surface_density = 100%
; top_surface_jerk = 9
; top_surface_line_width = 0.42
; top_surface_pattern = monotonicline
; top_surface_speed = 200
; travel_acceleration = 10000
; travel_jerk = 12
; travel_slope = 3
; travel_speed = 500
; travel_speed_z = 0
; tree_support_angle_slow = 25
; tree_support_auto_brim = 1
; tree_support_branch_angle = 45
; tree_support_branch_angle_organic = 40
; tree_support_branch_diameter = 5
; tree_support_branch_diameter_angle = 5
; tree_support_branch_diameter_organic = 2
; tree_support_branch_distance = 5
; tree_support_branch_distance_organic = 1
; tree_support_brim_width = 3
; tree_support_tip_diameter = 0.8
; tree_support_top_rate = 30%
; tree_support_wall_count = 0
; upward_compatible_machine = 
; use_firmware_retraction = 0
; use_relative_e_distances = 1
; volumetric_speed_coefficients = ""
; wall_direction = auto
; wall_distribution_count = 1
; wall_filament = 1
; wall_generator = classic
; wall_loops = 4
; wall_sequence = inner wall/outer wall
; wall_transition_angle = 10
; wall_transition_filter_deviation = 25%
; wall_transition_length = 100%
; wipe = 1
; wipe_before_external_loop = 0
; wipe_distance = 2
; wipe_on_loops = 0
; wipe_speed = 200
; wipe_tower_bridging = 10
; wipe_tower_cone_angle = 30
; wipe_tower_extra_flow = 100%
; wipe_tower_extra_rib_length = 0
; wipe_tower_extra_spacing = 100%
; wipe_tower_filament = 0
; wipe_tower_fillet_wall = 1
; wipe_tower_max_purge_speed = 90
; wipe_tower_no_sparse_layers = 0
; wipe_tower_rib_width = 8
; wipe_tower_rotation_angle = 0
; wipe_tower_type = type2
; wipe_tower_wall_type = rectangle
; wipe_tower_x = 165.000
; wipe_tower_x = 165
; wipe_tower_y = 225.375
; wipe_tower_y = 225.375
; wiping_volumes_extruders = 70,70,70,70,70,70,70,70,70,70
; wrapping_detection_gcode = 
; wrapping_detection_layers = 20
; wrapping_exclude_area = 
; xy_contour_compensation = 0
; xy_hole_compensation = 0
; z_hop = 0.4
; z_hop_types = Auto Lift
; z_offset = 0
; first_layer_bed_temperature = 55
; bed_shape = -110x-110,110x-110,110x110,-110x110
; first_layer_temperature = 220
; first_layer_height = 0.200
; CONFIG_BLOCK_END


